"Item Locations:","","https://roguetrader.wh40k.wiki/Warhammer_40,000_Rogue_Trader_Wiki","","","","","Warrior builds that use offhand guns for RP if you want bolt pistols id suggest wait till act 4: https://roguetrader.wh40k.wiki/Mars-Pattern_Bolt_Pistol ","","","","","","","","","","","","","","","","","","","","","","","","","","","","","","","","","","","","","","","","","","","","","","","","","","","","","","","","","","","","","","","","","","","","","","","","","","","","","","","","","","","","","","","","","","","","","","","","","","","","","","","","","","","","","","","","","","","","","","","","","","","","","","","",""
"*Scroll right for more variants and down for other origins","","","","","Video guides: https://www.youtube.com/c/revan619 ","","","","","","Gear suggestions are complicated as you will constantly move gear between allies so below will be what to aim for end of the act.					","","","","","","","","","","","","","","","","","","","","","","","","","","","","","","","","","","","","","","","","","","","","","","","","","","","","","","","","","","","","","","","","","","","","","","","","","","","","","","","","","","","","","","","","","","","","","","","","","","","","","","","","","","","","","","","","","","","","","","","","","","","",""
"*Download the sheet to navigate to 1.4 builds if you want to use builds that have not been optimised for 1.5 - This is the 1.6 sheet","","","","","","","","","","","","","","","","","","","","","","","","","","","","","","","","","","","","","","","","","","","","","","","","","","","","","","","","","","","","","","","","","","","","","","","","","","","","","","","","","","","","","","","","","","","","","","","","","","","","","","","","","","","","","","","","","","","","","","","","","","","","","","","","","","","","","","",""
"Ability","Commissar General (Sebastian Yarrick) ","","","","","","","","","","Skill Options","","","","","","","Iconic Commissar (Ciaphus Cain)","","","","","","","","","","Skill Options","","","","","","","Commissar Gunslinger","","","","","","","","","","Skill Options","","","","","","","Traitors will not be tolerated","","","","","","","","","","Skill Options","","","","","","","Sentenced to the Electric Chair","","","","","","","","","","Skill Options","","","","","","","One for the enemy, two for the traitors ","","","","","","","","","","Skill Options","","","","","","","The Void-Disciplinarian","","","","","","","","","","Skill Options","","","","","","","","","","","","","","","","","","","","","",""
"Skill","Hive World - Commissar - Illustrious Glory / Shadow of Torment - Officer - +2 Ballistic Skill / Agility +1 / Perception +1 / Fellowship +2 (works imperial world changing 5 to doing my part, 30 to ready to serve)","","","","","","","","","","Commerce / Persuasion / Coercion / Lore Imperium (Chartist Pendant)","","","","","","","Hive World - Commissar - Warrior - Weapon Skill +2 / Strength +1 / Toughness +2 / Agi +1","","","","","","","","","","Athletics / Carouse / Coercion","","","","","","","Imperial World (Fellowship) - Commissar - Soldier - Ballistic Skill +2 / Agility + 2 / Perception +2. - can also go hive world swapping doing my part for weapon personalisation ","","","","","","","","","","Demolition / Awareness / Coercion","","","","","","","Voidborn - Commissar - Operative - +2 Ballistic Skill / +2 Intelligence / +2 Perception","","","","","","","","","","Intelligence / Fellowship","","","","","","","Voidborn - Commissar - Soldier - Ballistic Skill +2 / Agility +2 / Intelligence +1 / Perception +1","","","","","","","","","","Intelligence / Fellowship","","","","","","","Imperial World (Fellowship) - Commissar - Illustrious Glory / Shadow of Torment - Officer - +2 Ballistic Skill / Agility +2 / Perception +1 / Fellowship +1 (Commissar Gunslinger Build for MT)","","","","","","","","","","Commerce / Persuasion / Coercion / Lore Imperium (Chartist Pendant)","","","","","","","Voidborn - Commissar - Officer - +2 Ballistic Skill / Agility +2 / Intelligence +2 - Officer MK Tactician build not using Arc Rifles","","","","","","","","","","Commerce / Persuasion / Coercion / Lore Imperium","","","","","","","","","","","","","","","","","","","","","",""
"Talent","Officer","","","Master Tactician","","","Exemplar","","","","","","","","","","","Warrior","","","Arch-Militant","","","Exemplar","","","","","","","","","","","Soldier","","","Arch-Militant","","","Exemplar","","","","","","","","","","","Operative","","","Bounty Hunter","","","Exemplar","","","","","","","","","","","Soldier","","","Master Tactician","","","Exemplar","","","","","","","","","","","Soldier","","","Master Tactician","","","Exemplar","","","","","","","","","","","Officer","","","Master Tactician","","","Exemplar","","","","","","","","","","","","","","","","","","","","","","","","","",""
"Common Talent","Level 1 :","Voice Of Command","","Level 16 :","Tactical Advantage","Press The Advantage","Level 36 :","Firebrand","Leader's assault","","Gear to consider","Act 1","Act 2","Act 3","Act 4","Act 5","","Level 1 :","Charge","","Level 16 :","Versitility","","Level 36 :","Peak Condition","Easy Target","","Gear to consider","Act 1","Act 2","Act 3","Act 4","Act 5","","Level 1 :","Run and Gun","","Level 16 :","Versatility","","Level 36 :","Degraded Defence","Rack and Ruin","","Gear to consider","Act 1","Act 2","Act 3","Act 4","Act 5","","Level 1 :","Analyse Enemies","","Level 16 :","Hunt Down The Prey","","Level 36 :","Degraded Defence","Continuous Analysis","","Gear to consider","Act 1","Act 2","Act 3","Act 4","Act 5","","Level 1 :","Run and Gun","","Level 16 :","Tactical Advantage","Press The Advantage","Level 36 :","Masterful Precision","Rack and Ruin","","Gear to consider","Act 1","Act 2","Act 3","Act 4","Act 5","","Level 1 :","Run and Gun","","Level 16 :","Tactical Advantage","Press The Advantage","Level 36 :","Degraded Defence","Rack and Ruin","","Gear to consider","Act 1","Act 2","Act 3","Act 4","Act 5","","Level 1 :","Voice Of Command","","Level 16 :","Tactical Advantage","Press The Advantage","Level 36 :","Firebrand","Steel Resolve","","Gear to consider","Act 1","Act 2","Act 3","Act 4","Act 5","","","","","","","","","","","","","","","","",""
"Heroic Action","Level 2 :","Coercion","","Level 17 :","Linchpin","","Level 37 :","Coercion","Dawn of Victory","","Helm","Ancient Terra Monocle","Commander's Monocle","Commissar Cap","Commissar Cap","","","Level 2 :","Medicae","","Level 17 :","Reckless Rush","","Level 37 :","Athletics","Critical Versatility","","Helm","Helm of Determination","The Guardian Crown","The Guardian Crown","The Guardian Crown","","","Level 2 :","Medicae","","Level 17 :","Reckless Rush","","Level 37 :","Coercion","Exploit Weakness","","Helm","Pinpoint Visor","Gunslinger's Helm","Commissar Cap / Gunslinger's Helm","Commissar Cap / Gunslinger's Helm","","","Level 2 :","Medicae","","Level 17 :","Claim the Bounty","","Level 37 :","Coercion","Let them know fear!","","Helm","","Self-Calibrating Goggles","Self-Calibrating Goggles","","","","Level 2 :","Medicae","","Level 17 :","Linchpin","","Level 37 :","Lore Imperium","Undisputed Advantage","","Helm","Tactical Goggles","Gunslinger's Helmet","Gunslinger's Helmet","Gunslinger's Helmet / Face of the Sovereign","","","Level 2 :","Medicae","","Level 17 :","Linchpin","","Level 37 :","Awareness","Dawn of Victory","","Helm","Pinpoint Visor","Gunslinger's Helm","Commissar Cap / Gunslinger's Helm","Commissar Cap / Gunslinger's Helm","","","Level 2 :","Coercion","","Level 17 :","Linchpin","","Level 37 :","Coercion","Dawn of Victory","","Helm","Ancient Terra Monocle","Commander's Monocle","Commissar Cap","Commissar Cap","","","","","","","","","","","","","","","","","",""
"Stats","Level 3 :","Bring it Down !","","Level 18 :","Reliance","","Level 38 :","Ballistic Skill","Calculated Resolve","","Armour","Death World Light Flak Armour","Breacher Armour","Breacher Armour","[Hive world Origin] Voidsmen Armour / Warrior Armour","","","Level 3 :","Endure","","Level 18 :","Always Ready","","Level 38 :","Weapon Skill","Power Armour Proficiency","","Armour","War World Falk Chestplate","War World Origin Enforcer Carapace","War World Origin Enforcer Carapace","Hive world Origin Voidsmen Armour","","","Level 3 :","Revel in Slaughter","","Level 18 :","Always Ready","","Level 38 :","Ballistic Skill","Residual Power","","Armour","Death World Light Flak Armour","Death World Enforcer's Light Carapace","Death World Enforcer's Light Carapace","Hive World Origin Voidsmen Armour","","","Level 3 :","Expose Weakness","","Level 18 :","Hunting Surge","","Level 38 :","Ballistic Skill","Calculated Resolve","","Armour","War World Origin Flak Chestplate","Breacher Armour","Breacher Armour","Hive world origin voidsmen armour","","","Level 3 :","Revel in Slaughter","","Level 18 :","Reliance","","Level 38 :","Ballistic Skill","Lethal Precision","","Armour","Death World Light Flak armour","Breacher Armour","Breacher Armour","Warrior Armour","","","Level 3 :","Revel in Slaughter","","Level 18 :","Reliance","","Level 38 :","Ballistic Skill","Las Weapon Expert","","Armour","Death World Light Flak Armour","Death World Enforcer's Light Carapace","Death World Enforcer's Light Carapace","Hive World Origin Voidsmen Armour","","","Level 3 :","Bring it Down !","","Level 18 :","Reliance","","Level 38 :","Ballistic Skill","Calculated Resolve","","Armour","Death World Light Flak Armour","Breacher Armour","Breacher Armour","Warrior Armour","","","","","","","","","","","","","","","","","",""
"","Level 4 :","Finest Hour","Lasting Impression","Level 19 :","Orchestrated Firestorm","","Level 39 :","Break Their Ranks!","Coercion","","Cloak","Von Valancius Cloak","Tactical Backpack","Tactical Backpack","Tempestus elite carapace backpack","","","Level 4 :","Daring Breach","Thick Skin","Level 19 :","Steady Superiority","","Level 39 :","Taunting Scream","Athletics","","Cloak","Xenopelt Cloak","Malpian Shroud","Malpian Shroud","Malpian Shroud","","","Level 4 :","Firearm Mastery","Point-Blank","Level 19 :","Steady Superiority","","Level 39 :","Entrench","Coercion","","Cloak","Von Valancius Cloak","Tactical Backpack","Tactical Backpack","Tempestus Elite carapace backpack","","","Level 4 :","Dismantling","Tide of Excellence","Level 19 :","Wild Hunt","","Level 39 :","Perfect Spot","Coercion","","Cloak","Camouflage Rope","Von Valancius Cloak","Von Valancius Cloak","Von Valancius Cloak","","","Level 4 :","Firearm Mastery","Muzzle Velocity","Level 19 :","Orchestrated Firestorm","","Level 39 :","Entrench","Lore Imperium","","Cloak","Von Valacius Cloak","Tactical Backpack","Tactical Backpack","Tempestus Carapace Elite Backpack","","","Level 4 :","Firearm Mastery","Muzzle Velocity","Level 19 :","Orchestrated Firestorm","","Level 39 :","Controlled Shot","Awareness","","Cloak","Von Valancius Cloak","Tactical Backpack","Tactical Backpack","Tempestus elite carapace backpack","","","Level 4 :","Finest Hour","Lasting Impression","Level 19 :","Orchestrated Firestorm","","Level 39 :","Break Their Ranks!","Coercion","","Cloak","Von Valancius Cloak","Tactical Backpack","Tactical Backpack","Tempestus elite carapace backpack","","","","","","","","","","","","","","","","","",""
"","Level 5 :","Ballistic Skill","Weapon Personalisation","Level 20 :","Ap +1","Ballistic Skill","Level 40 :","Degraded Defence","Stacking the Deck","","Neck","Amulet of indomitable / Medal of Alacrity","Medal of Alacrity / Chartist Pendant","Medal of Alacrity / Chartist Pendant","Medal of Alacrity / Onslaught Amulet","","","Level 5 :","Ramming Speed","Weapon Skill","Level 20 :","AP +1","Weapon Skill","Level 40 :","Degraded Defence","Dismantle","","Neck","Grace of the Oblivious","Invigorating Resolve","Invigorating Resolve","Invigorating Resolve","","","Level 5 :","Ballistic Skill","Rapid Reload","Level 20 :","Ap +1","Ballistic Skill","Level 40 :","Deadly Aim","Contempt for the Weak","","Neck","","Dog Tags","Dog Tags","Dog Tags","","","Level 5 :","Ballistic Skill","Be Smart","Level 20 :","AP +1 - Ballistic Skill","Plasma Bank","Level 40 :","Deathdealer","Pierce the Armour","","Neck","Hypnotising Pendant","Tarnished Breacher's Aquila","","Synaptic Coagulator","","","Level 5 :","Ballistic Skill","Rapid Reload","Level 20 :","Ap +1","Ballistic Skill","Level 40 :","Deathdealer","Hidden Advantage","","Neck","","Dog Tag","Dog Tag","Onslaught Amulet","","","Level 5 :","Ballistic Skill","Rapid Reload","Level 20 :","Ap +1","Ballistic Skill","Level 40 :","Deadly Aim","Stacking the Deck","","Neck","","Dog Tags","Dog Tags","Onslaught Amulet","","","Level 5 :","Ballistic Skill","Be Smart","Level 20 :","Ap +1","Ballistic Skill","Level 40 :","Degraded Defence","Stacking the Deck","","Neck","Medal of Alacrity","Medal of Alacrity","Medal of Alacrity","Onslaught Amulet","","","","","","","","","","","","","","","","","",""
"","Level 6 :","Decisive Response","Ballistic Skill","Level 21 :","Ballistic Skill","Joint Offensive","Level 41 :","Ballistic Skill","Steel Resolve","","Accessory 1","Theodora's Rosary","Pair Holster","Pair Holster","Pair Holster","","","Level 6 :","Sworn Enemy","Athletics","Level 21 :","Broad Expertise","Weapon Skill","Level 41 :","Weapon Skill","Crowd Kill","","Accessory 1","First Aid Manual","","","","","","Level 6 :","Ballistic Skill","Rapid Fire","Level 21 :","All out","Ballistic Skill","Level 41 :","Ballistic Skill","Enough Bullets for everyone","","Accessory 1","","Pair Holster","Pair Holster","Pair Holster","","","Level 6 :","Uncanny Sight","Ballistic Skill","Level 21 :","Ballistic Skill","Hunter's Ambush","Level 41 :","Ballistic Skill","Comprehensive Analysis","","Accessory 1","","Pair Holster","Pair Holster","Pair Holster","","","Level 6 :","Ballistic Skill","Rapid Fire","Level 21 :","Ballistic Skill","Joint Offensive","Level 41 :","Ballistic Skill","Fortress","","Accessory 1","Theodora's Rosary","Pair Holster","Long-range Aim lens","Tactica Imperialis Excerpt","","","Level 6 :","Ballistic Skill","Rapid Fire","Level 21 :","Ballistic Skill","Joint Offensive","Level 41 :","Ballistic Skill","Enough Bullets for Everyone","","Accessory 1","","Pair Holster","Pair Holster","Pair Holster","","","Level 6 :","Decisive Response","Ballistic Skill","Level 21 :","Ballistic Skill","Joint Offensive","Level 41 :","Ballistic Skill","No Respite","","Accessory 1","Theodora's Rosary","Pair Holster","Pair Holster","Pair Holster","","","","","","","","","","","","","","","","","",""
"","Level 7 :","Move, Move, Move","Summary Execution","Level 22 :","Inspire","","Level 42 :","Finish the Job","Fellowship","","Accessory 2","","Saint Cognacious Scriptures","Saint Cognacious Scriptures","Commander's Chrono","","","Level 7 :","Weapon Skill","Duelling Mastery","Level 22 :","Wildfire","Let Them Know Fear!","Level 42 :","Kick","Toughness","","Accessory 2","","","","","","","Level 7 :","Agility","1 for the Enemies, 2 for the traitors","Level 22 :","Wild Fire","Dual-Weapon Combat","Level 42 :","Kick","Perception","","Accessory 2","","Enemy Finder / Portative Manipulator","Enemy Finder / Portative Manipulator","Commander's Chrono / Bead of Might","","","Level 7 :","Tactical Knowledge","Coercion","Level 22 :","Cull the bold","","Level 42 :","Raid","Intelligence","","Accessory 2","","Saint Cognatius's Scriptures","Saint Cognatius's Scriptures","Saint Cognatius's Scriptures","","","Level 7 :","Agility","Be Smart","Level 22 :","Inspire","","Level 42 :","Finish the Job","Agility","","Accessory 2","Book of War prayers","Saint Cognatius's Scriptures","Saint Cognatius's Scriptures","Saint Cognatius's Scriptures","","","Level 7 :","Agility","Let them Know Fear!","Level 22 :","Inspire","","Level 42 :","Finish the Job","Agility","","Accessory 2","","Enemy Finder","Enemy Finder","Commander's Chrono / Bead of Might","","","Level 7 :","Move, Move, Move","Summary Execution","Level 22 :","Inspire","","Level 42 :","Finish the Job","Intelligence","","Accessory 2","","Saint Cognacious Scriptures","Saint Cognacious Scriptures","Commander's Chrono","","","","","","","","","","","","","","","","","",""
"","Level 8 :","Focus!","Coercion","Level 23 :","Unwavering Motivation","Coercion","Level 43 :","Undisputed Advantage","Residual Power","","Gloves","Thrice-Pioneer's Bracers","Deflection Gloves","Gloves of Rapid Desolation","Gloves of Rapid Desolation","","","Level 8 :","Athletics","Impetus","Level 23 :","Athletics","All Out","Level 43 :","Martial Art","Residual Power","","Gloves","Gloves of endurance","Adaptive Gloves","Adaptive Gloves","Adaptive Gloves","","","Level 8 :","Unfaltering Fire","Coercion","Level 23 :","Coercion","Flashfire","Level 43 :","Ingenious","Motive-Force Overload","","Gloves","Thrice-Pioneer's Bracers","Deflection Gloves / Recoil Gloves","Gloves of Rapid Desolation","Gloves of Rapid Desolation / Compensator Gloves","","","Level 8 :","Improved Tactics","Summary Execution","Level 23 :","Heightened Concentration","Coercion","Level 43 :","Kill Squad","Residual Power","","Gloves","Sniper Gloves","Marksman Bracers","Apex Predator's Gloves","Apex Predator's Gloves","","","Level 8 :","Unfaltering Fire","Coercion","Level 23 :","Unwavering Motivation","Lore Imperium","Level 43 :","Brink of Death","Calculated Resolve","","Gloves","Stabilising Bracers","Marksman's Gloves","Current Amplifiers","Current Amplifiers / Compensator Gloves","","","Level 8 :","Unfaltering Fire","Coercion","Level 23 :","Unwavering Motivation","Awareness","Level 43 :","Undisputed Advantage","Calculated Resolve","","Gloves","Thrice-Pioneer's Bracers","Deflection Gloves / Recoil Gloves","Gloves of Rapid Desolation","Gloves of Rapid Desolation / Compensator Gloves","","","Level 8 :","Focus!","Coercion","Level 23 :","Unwavering Motivation","Coercion","Level 43 :","Undisputed Advantage","Residual Power","","Gloves","Thrice-Pioneer's Bracers","Deflection Gloves","Gloves of Rapid Desolation","Gloves of Rapid Desolation / Compensator Gloves","","","","","","","","","","","","","","","","","",""
"","Level 9 :","Finest Hour IV","","Level 24 :","Fellowship","1 for the enemy, 2 for the traitors","Level 44 :","Persuasion / Lore Imperium","Eager Subordinates","","Boots","","Commissar Boots","Commissar Boots / Recoil Warboots","Commissar Boots / Recoil Warboots","","","Level 9 :","Daring Breach II","","Level 24 :","Toughness","Power Weapon Expert","Level 44 :","Coercion","Destroyer","","Boots","Pneumo Boots","Pneumo Boots","Pneumo Boots","Void Vetran Boots","","","Level 9 :","Firearm Mastery II","","Level 24 :","Agility","Let them Know Fear!","Level 44 :","Demolition","Extermination","","Boots","Warmonger Boots","Warmonger Boots","Recoil Warboots","Recoil Warboots / Caligae of Saint Keefe","","","Level 9 :","Dismantling III","Coercion","Level 24 :","Intelligence","Safety Training","Level 44 :","Lore Imperium","Extermination","","Boots","Warmonger Boots","Warmonger Boots","Sharpshooter boots","Heavy Breacher's Boots","","","Level 9 :","Firearm Mastery II","","Level 24 :","Intelligence","Liturgy of Insulation","Level 44 :","Lore Imperium","Degraded Defence","","Boots","Warmonger's boots","Inertia Boots","Inertia Boots","Inertia Boots","","","Level 9 :","Firearm Mastery II","","Level 24 :","Agility","Doing My Part","Level 44 :","Coercion","Extermination","","Boots","Warmonger Boots","Warmonger Boots","Recoil Warboots","Recoil Warboots / Caligae of Saint Keefe","","","Level 9 :","Finest Hour IV","","Level 24 :","Intelligence","1 for the enemy, 2 for the traitors","Level 44 :","Lore Imperium","Eager Subordinates","","Boots","","Commissar Boots","Recoil Warboots","Recoil Warboots / Commissar Boots","","","","","","","","","","","","","","","","","",""
"","Level 10 :","Commerce","Fellowship","Level 25 :","Hidden Advantage","","Level 45 :","Ap +1","","","Weapon Set 1","Ripper Autopistol","Mezoa Pattern Auto pistol","Mezoa Pattern Auto pistol","Daredevil Pistol","","","Level 10 :","Opening Strike","Strength","Level 25 :","Flashfire","","Level 45 :","AP +1","","","Weapon Set 1","Ripper Pistol / Foehammer","Mezoa Pattern Auto pistol","Mezoa Pattern Auto pistol","Daredevil Pistol","","","Level 10 :","Fired Up","Agility","Level 25 :","Dismantle","","Level 45 :","AP +1","","","Weapon Set 1","Ripper Autopistol","Mezoa Pattern Auto pistol","Mezoa Pattern Auto pistol","Daredevil Pistol","","","Level 10 :","Lore Imperium","Intelligence","Level 25 :","Savour the kill","","Level 45 :","AP +1","","","Weapon Set 1","Plasma Pistol","Retobi-Pattern Plasma Pistol","Procyon A Plasma Pistol","Plasma Pistol with Cryo-Module","","","Level 10 :","Fired Up","Agility","Level 25 :","Against All Odds","","Level 45 :","AP +1","","","Weapon Set 1","Arc Rifle","Alpha's Arc Rifle","Alpha's Arc Rifle","Arc Rifle Mindstorm","","","Level 10 :","Alacrity","Agility","Level 25 :","Hidden Advantage","","Level 45 :","Ap +1","","","Weapon Set 1","Ripper Autopistol","Mezoa Pattern Auto pistol","Mezoa Pattern Auto pistol","Daredevil Pistol","","","Level 10 :","Commerce","Intelligence","Level 25 :","Hidden Advantage","","Level 45 :","Ap +1","","","Weapon Set 1","Ripper Autopistol","Mezoa Pattern Auto pistol","Mezoa Pattern Auto pistol","Daredevil Pistol","","","","","","","","","","","","","","","","","",""
"","Level 11 :","Personal Oversight","Fellowship","Level 26 :","Coercion","Fellowship","Level 46 :","Prepare for an assault!","Persuasion / Lore Imperium","","","Hot Shot Las Pistol","Quick Firing Las Pistol","Beggar's Weapon","Quick-firing laspistol","","","Level 11 :","Reckless Strike","Weapon Personalisation","Level 26 :","Athletics","Toughness","Level 46 :","Contempt","Coercion","","","Sol Pattern Chainsword","Epiphany","Epiphany","Auto-Striking Power Sword","","","Level 11 :","Concentrated Fire","Coercion","Level 26 :","Coercion","Perception","Level 46 :","Demolition Engineer","Demolition","","","Foehammer","Ryza-Pattern Foehammer","Bloody Vigil","Bone-Shatterer","","","Level 11 :","Ballistic Calculations","Lore Imperium","Level 26 :","Coercion","Intelligence","Level 46 :","Passive Learning","Lore Imperium","","","The Ripper","Procyon B Plasma Pistol","Procyon B Plasma Pistol","Procyon B Plasma Pistol","","","Level 11 :","Controlled Shot","Coercion","Level 26 :","Lore Imperium","Intelligence","Level 46 :","Camraderie","Lore Imperium","","","","","","","","","Level 11 :","Dash","Awareness","Level 26 :","Awareness","Agility","Level 46 :","Fortress","Coercion","","","Foehammer","Quick Firing Las Pistol","Quick Firing Las Pistol","Quick-firing laspistol","","","Level 11 :","Personal Oversight","Intelligence","Level 26 :","Coercion","Intelligence","Level 46 :","Prepare for an assault!","Lore Imperium","","","Hot Shot Las Pistol","Quick Firing Las Pistol","Beggar's Weapon","Quick-firing laspistol","","","","","","","","","","","","","","","","","",""
"","Level 12 :","Air of Authority","Characteristic Training: PER","Level 27 :","Orchestrated Firestorm III","","Level 47 :","Seize the Initiative","Persuasion / Lore Imperium","","Weapon Set 2","Modified Lasgun","Hunting Rifle","Sharpshooter Rifle","Anti-Vehicle Revolver","","","Level 12 :","Toughness","Coercion","Level 27 :","Steady Superiority IV","","Level 47 :","Living Shield","Medicae","","Weapon Set 2","","","","","","","Level 12 :","Perception","Motivation","Level 27 :","Steady Superiority IV","","Level 47 :","Muzzle Velocity","Demolition","","Weapon Set 2","Modified Lasgun","Hot Shot Lasgun / Hot Shot Laspistol","Mezoa-Pattern Lasgun / Begger's Weapon","Necrontech Hot Shot Lasgun / Anti-Vehicle Revolver","","","Level 12 :","Joint Analysis","Plasma Weapon Prof","Level 27 :","Wild Hunt II","","Level 47 :","Sharpshooter","Medicae","","Weapon Set 2","Longlas","Heavy Plasma Gun","The Glow of Dead Stars","Ancient Plasma Rifle","","","Level 12 :","Perception","Staggering Jolt","Level 27 :","Orchestrated Firestorm II","","Level 47 :","Enough Bullets for Everyone","Coercion","","Weapon Set 2","Ripper Autopistol","Hot Shot Laspistol","Beggar's Weapon","Beggar's Weapon","","","Level 12 :","Perception","Motivation","Level 27 :","Orchestrated Firestorm III","","Level 47 :","Integrity","Coercion","","Weapon Set 2","Modified Lasgun","Hot Shot Lasgun","Mezoa-Pattern Lasgun","Necrontech Hot Shot Lasgun","","","Level 12 :","Air of Authority","Characteristic Training: PER","Level 27 :","Orchestrated Firestorm III","","Level 47 :","Seize the Initiative","Lore Imperium","","Weapon Set 2","Modified Lasgun","Hunting Rifle","Sharpshooter Rifle","Anti-Vehicle Revolver","","","","","","","","","","","","","","","","","",""
"","Level 13 :","Inspiring Speech","Commerce","Level 28 :","Against All Odds","","Level 48 :","Brink of Death","Fellowship","","","","","","Beggar's Weapon","","","Level 13 :","Open Engagement","Coercion","Level 28 :","Coercion","Armsmaster","Level 48 :","Exploit Weakness","Toughness","","","","","","","","","Level 13 :","Swift Slaughter","Doing My Part","Level 28 :","Awareness","Adaptability","Level 48 :","Distract","Perception","","","","/ Quick-Firing Laspistol","/ Quick-Firing Laspistol","/ Quick-Firing Laspistol","","","Level 13 :","Fresh Target","Perception","Level 28 :","Expert Finesse","","Level 48 :","Pierce and Ruin","Intelligence","","","","","","","","","Level 13 :","Swift Slaughter","Overclocking Module","Level 28 :","Personal Involvement","","Level 48 :","Support the Advance","Agility","","","Foehammer","Quick-Firing Laspistol","Quick-Firing Laspistol","Quick-Firing Laspistol","","","Level 13 :","Fired Up","Summary Execution","Level 28 :","Against All Odds","","Level 48 :","Brink of Death","Agility","","","","","","","","","Level 13 :","Inspiring Speech","Commerce","Level 28 :","Against All Odds","","Level 48 :","Brink of Death","Intelligence","","","","","","Beggar's Weapon","","","","","","","","","","","","","","","","","",""
"","Level 14 :","Perception","Let them know Fear!","Level 29 :","Commerce / Lore Imperium","Agility","Level 49 :","Perception","Persuasion / Lore Imperium","","","","","","","","","Level 14 :","Toughness","Summary Execution","Level 29 :","Strength","Characteristic Training: Per","Level 49 :","Fellowship","Medicae","","","","","","","","","Level 14 :","Summary Execution","Awareness","Level 29 :","Perception","For the Emperor!","Level 49 :","Agility","Demolition","","","","","","","","","Level 14 :","Perception","External Power Block","Level 29 :","Lore Imperium","Perception","Level 49 :","Perception","Medicae","","","","","","","","","Level 14 :","Residual Charge","Demolition","Level 29 :","Coercion","Perception","Level 49 :","Intelligence","Coercion","","","","","","","","","Level 14 :","For the Emperor!","Awareness","Level 29 :","Coercion","Perception","Level 49 :","Fellowship","Medicae","","","","","","","","","Level 14 :","Perception","Let them know Fear!","Level 29 :","Lore Imperium","Agility","Level 49 :","Perception","Lore Imperium","","","","","","","","","","","","","","","","","","","","","","","",""
"","Level 15 :","Finest Hour I","","Level 30 :","Comradery / Grenadier","Fervour","Level 50 :","Eager for Battle / Deadly Aim","Be Vigilant","","Optical Insertion","Somatic Insertion","Cortical Insertion","Sinistral Insertion","Dextral Insertion","Musculoskeletal Insertion","","Level 15 :","Daring Breach IV","","Level 30 :","Devastating Attack","","Level 50 :","Extermination","Desolation","","Optical Insertion","Somatic Insertion","Cortical Insertion","Sinistral Insertion","Dextral Insertion","Musculoskeletal Insertion","","Level 15 :","Firearm Mastery III","","Level 30 :","Devastating Attack","","Level 50 :","Eager for battle","Integrity / Alacrity","","Optical Insertion","Somatic Insertion","Cortical Insertion","Sinistral Insertion","Dextral Insertion","Musculoskeletal Insertion","","Level 15 :","Dismantling II","","Level 30 :","Motivation","Piercing Shot","Level 50 :","Eager for Battle","Weak Body, Weak Soul","","Optical Insertion","Somatic Insertion","Cortical Insertion","Sinistral Insertion","Dextral Insertion","Musculoskeletal Insertion","","Level 15 :","Firearm Mastery III","","Level 30 :","Let them know fear!","Fervour","Level 50 :","Know-It-All","Integrity / Alacrity","","Optical Insertion","Somatic Insertion","Cortical Insertion","Sinistral Insertion","Dextral Insertion","Musculoskeletal Insertion","","Level 15 :","Firearm Mastery I","","Level 30 :","One for the enemy, two for the traitors","Fervour","Level 50 :","Vital Points","Second Skin","","Optical Insertion","Somatic Insertion","Cortical Insertion","Sinistral Insertion","Dextral Insertion","Musculoskeletal Insertion","","Level 15 :","Finest Hour I","","Level 30 :","Grenadier","Fervour","Level 50 :","Eager for Battle / Deadly Aim","Be Vigilant","","Optical Insertion","Somatic Insertion","Cortical Insertion","Sinistral Insertion","Dextral Insertion","Musculoskeletal Insertion","","","","","","","","","","","","","","","","",""
"","","","","Level 31 :","Support the advance","","Level 51 :","Ally coordination","Persuasion","","Focal Emitter MK Soldier","Weapon Optimiser MK-I","Telemetric Logis Analyser","","","","Act 2","","","","Level 31 :","Breaking Attack","","Level 51 :","Contempt for the Weak","Medicae","","Focal Emitter MKI","Weapon Optimiser MKI","","","","","Act 2","","","","Level 31 :","Breaking Attack","","Level 51 :","Preferred targets","Demolition","","Focal Emitter MK Soldier","Weapon Optimiser MKI","","","","","Act 2","","","","Level 31 :","Inspiring Trophy","","Level 51 :","Cut to the Chase","Medicae","","Focal Emitter MK Soldier","Weapon Optimiser MKI","Telemetric Logis Analyser MKI","","","","Act 2","","","","Level 31 :","Stacking the Deck","","Level 51 :","Motivation","Lore Xenos","","Focal Emitter MK Soldier","Weapon Optimiser MKI","","","Hand of Righteous","","Act 2","","","","Level 31 :","Support the advance","","Level 51 :","Ally coordination","Medicae","","Focal Emitter MK Soldier","Weapon Optimiser MK-I","","","","","","","","","Level 31 :","Support the advance","","Level 51 :","Ally coordination","Persuasion","","Focal Emitter MK Soldier","Weapon Optimiser MK-I","Crebral Inverter MK-I","","","","","","","","","","","","","","","","","","","",""
"","","","","Level 32 :","Agility","Commerce / Lore Imperium","Level 52 :","In the Hero's Footsteps","Motive-Force Overload","","Focal Emitter MK Soldier","Weapon Optimiser MK-I","Telemetric Logis Analyser","","","","Act 3","","","","Level 32 :","Perception","Coercion","Level 52 :","Preferred Targets","Motive-Force Overload","","Focal Emitter MKI","Weapon Optimiser MKI","","","","","Act 3","","","","Level 32 :","Perception","Awareness","Level 52 :","Accustomed to Glory","High Resistance","","Focal Emitter MK Soldier","Weapon Optimiser MKI","","","","","Act 3","","","","Level 32 :","Perception","Lore Imperium","Level 52 :","Combat Insight","Motive-Force Overload","","Focal Emitter MK Soldier","Weapon Optimiser MKI","Telemetric Logis Analyser MKI","","","","Act 3","","","","Level 32 :","Perception","Coercion","Level 52 :","Logistical Superiority","Residual Power","","Focal Emitter MK Soldier","","Cerebral Inverter MK Tactician","","Hand of Righteous","","Act 3","","","","Level 32 :","Perception","Coercion","Level 52 :","In the Hero's Footsteps","Residual Power","","Focal Emitter MK Soldier","Weapon Optimiser MK-I","Cerebral Inverter","","","","","","","","Level 32 :","Agility","Lore Imperium","Level 52 :","In the Hero's Footsteps","Motive-Force Overload","","Focal Emitter MK Soldier","Weapon Optimiser MK-I","Crebral Inverter MK Tactician","","","","","","","","","","","","","","","","","","","",""
"","","","","Level 33 :","Personal Involvement","","Level 53 :","Assign Objective","Perception","","Focal Emitter MK Soldier","Weapon Optimiser MK-II","Telemetric Logis-Analyser MK 'Officer'","Suppression Manipulator","Galvanic Inductor MK Tactician","Phase Oscillator MK Tactician","Act 4","","","","Level 33 :","Adaptability","Perception","Level 53 :","Break Through","Fellowship","","Focal Emitter MKII","Weapon Optimiser MKII","","","","","Act 4","","","","Level 33 :","Critical Versatility","Fellowship","Level 53 :","Controlled Shot","Agility","","Focal Emitter MK Soldier","Weapon Optimiser MKII","","","","","Act 4","","","","Level 33 :","Withdraw","","Level 53 :","Precise Attack","Perception","","Focal Emitter MK Soldier","Weapon Optimiser MKII","Telemetric Logis Analyser MKII","","","","Act 4","","","","Level 33 :","Dawn of Victory","","Level 53 :","Assign Objective","Intelligence","","Focal Emitter MK Soldier","Weapon Optimiser MKII","Cerebral Inverter MK Tactician","","Hand of Righteous","Phase Oscillator MK Tactician","Act 4","","","","Level 33 :","Personal Involvement","","Level 53 :","Entrench","Fellowship","","Focal Emitter MK Soldier","Weapon Optimiser MK-II","Cerebral Inverter","","","","","","","","Level 33 :","Personal Involvement","","Level 53 :","Assign Objective","Perception","","Focal Emitter MK Soldier","Weapon Optimiser MK-II","Crebral Inverter MK Tactician","","","Phase Oscillator MK Tactician","","","","","","","","","","","","","","","","",""
"","","","","Level 34 :","Perception","Motivation","Level 54 :","Extermination","Primary Objective","","","","","","","","Act 5","","","","Level 34 :","Perception","Motivation","Level 54 :","Eager for battle","Blade Flurry","","","","","","","","Act 5","","","","Level 34 :","Fellowship","Grenadier","Level 54 :","Vital Points","Camaraderie","","","","","","","","Act 5","","","","Level 34 :","Lethal Precision","","Level 54 :","Deadly Aim","Insightful Percision","","","","","","","","Act 5","","","","Level 34 :","Perception","Summary Execution","Level 54 :","Vital Points","Primary Objective","","","","","","","","Act 5","","","","Level 34 :","Perception","Dual-Weapon Combat","Level 54 :","Eager for Battle","Camaraderie","","","","","","","","","","","","Level 34 :","Perception","Motivation","Level 54 :","Extermination","Primary Objective","","","","","","","","","","","","","","","","","","","","","","","",""
"","","","","Level 35 :","Orchestrated Firestorm II","","Level 55 :","Ap +1","","","","","","","","","","","","","Level 35 :","Steady Superiority II","","Level 55 :","AP +1","","","","","","","","","","","","","Level 35 :","Steady Superiority II","","Level 55 :","AP +1","","","","","","","","","","","","","Level 35 :","Wild Hunt III","","Level 55 :","AP +1","","","","","","","","","","","","","Level 35 :","Orchestrated Firestorm III","","Level 55 :","AP +1","","","","","","","","","","","","","Level 35 :","Orchestrated Firestorm II","","Level 55 :","Ap +1","","","","","","","","","","","","","Level 35 :","Orchestrated Firestorm II","","Level 55 :","Ap +1","","","","","","","","","","","","","","","","","","","","","","","","",""
"","Company Commander","","","","","","","","","","Skill Options","","","","","","","Trench Strategist ","","","","","","","","","","Skill Options","","","","","","","Gunslinger Commander","","","","","","","","","","Skill Options","","","","","","","From the front","","","","","","","","","","Skill Options","","","","","","","Imperial Guard Tactician","","","","","","","","","","Skill Options","","","","","","","Commander of Blades ","","","","","","","","","","Skill Options","","","","","","","","","","","","","","","","","","","","","","","","","","","","","","","","","","","","","","",""
"","Fortress World - Astra Militarum Commander - Soldier - Ballistic Skill +2 / Agility +2 / Perception +1 / Willpower +1","","","","","","","","","","Demolitions / Awareness","","","","","","","Imperial World (Fellowship) - Astra Militarum Commander - Officer - Ballistic Skill +2 / Perception +2 / Fellowship +2","","","","","","","","","","Fellowship / Lore Imperium (chartist Pendant)","","","","","","","Imperial World (Agility) - Astra Militarum Commander - Soldier - Ballistic Skill +2 / Agility +2 / Perception +2 (Can drop Dash and DWC to go concentrated fire and build for shotguns / flamers - drop imperial talents for las exp)","","","","","","","","","","Demolition / Awareness","","","","","","","Imperial World (Agility) - Astra Militarum Commander - Officer - Ballistic Skill +2 / Perception +2 / Fellowship +2","","","","","","","","","","Commerce / Persuasion / Coercion / Lore Imperium (Chartist Pendant)","","","","","","","Imperial World (Agility) - Astra Militarum Commander - Officer - Ballistic Skill +2 / Perception +2 / Fellowship +2","","","","","","","","","","Commerce / Persuasion / Coercion / Lore Imperium (Chartist Pendant)","","","","","","","Voidborn - Sanctioned Psyker (Sanctic) - Bladedancer - WS +2 / Agi +2 / Per +2","","","","","","","","","","Medicae / Demolitions / Awareness / Athletics","","","","","","","","","","","","","","","","","","","","","","","","","","","","","","","","","","","","","","",""
"","Soldier","","","Arch-Militant","","","Exemplar","","","","","","","","","","","Officer","","","Grand Strategist","","","Exemplar","","","","","","","","","","","Soldier","","","Bounty Hunter","","","Exemplar","","","","","","","","","","","Officer","","","Master Tactician","","","Exemplar","","","","","","","","","","","Soldier","","","Master Tactician","","","Exemplar","","","","","","","","","","","Blade Dancer","","","Master Tactician","","","Exemplar","","","","","","","","","","","","","","","","","","","","","","","","","","","","","","","","","","","","","","","","","","",""
"","Level 1 :","Run and Gun","","Level 16 :","Versatility","","Level 36 :","Degraded Defence","Rack and Ruin","","Gear to consider","Act 1","Act 2","Act 3","Act 4","Act 5","","Level 1 :","Voice Of Command","","Level 16 :","Combat Tactics","","Level 36 :","Firebrand","Seize the Initiative","","Gear to consider","Act 1","Act 2","Act 3","Act 4","Act 5","","Level 1 :","Run and Gun","","Level 16 :","Hunt Down The Prey","","Level 36 :","Deadly Aim","Rack and Ruin","","Gear to consider","Act 1","Act 2","Act 3","Act 4","Act 5","","Level 1 :","Voice Of Command","","Level 16 :","Tactical Advantage","Press The Advantage","Level 36 :","Firebrand","leader's assault","","Gear to consider","Act 1","Act 2","Act 3","Act 4","Act 5","","Level 1 :","Run and Gun","","Level 16 :","Tactical Advantage","Press The Advantage","Level 36 :","Degraded Defence","Rack and Ruin","","Gear to consider","Act 1","Act 2","Act 3","Act 4","Act 5","","Level 1 :","Blade Dance","","Level 16 :","Tactical Advantage","Press The Advantage","Level 36 :","Peak Condition","Dance Partners","","Gear to consider","Act 1","Act 2","Act 3","Act 4","Act 5","","","","","","","","","","","","","","","","","","","","","","","","","","","","","","","","","",""
"","Level 2 :","Medicae","","Level 17 :","Reckless Rush","","Level 37 :","Awareness","Exploit Weakness","","Helm","Pinpoint Visor","Gunslinger Helm","Gunslinger Helm","Gunslinger Helm","","","Level 2 :","Persuasion / Commerce","","Level 17 :","Combat Locus Stratagem","","Level 37 :","Medicae","Sniping Zone","","Helm","Ancient Terra Monocle","Commander's Monocle","Commander's Monocle","Commander's Monocle","","","Level 2 :","Medicae","","Level 17 :","Claim the Bounty","","Level 37 :","Awareness","Withdraw","","Helm","Pinpointing Visor","Gunslinger's Helm","Gunslinger's Helm","Gunslinger's Helm","","","Level 2 :","Commerce","","Level 17 :","Linchpin","","Level 37 :","Persuasion","Stacking the Deck","","Helm","Ancient Terra Monocle","Helm of Determination","Commissar Cap","Commissar Cap","","","Level 2 :","Medicae","","Level 17 :","Linchpin","","Level 37 :","Awareness","Dawn of Victory","","Helm","Pinpoint Visor","Gunslinger's Helm","Commissar Cap / Gunslinger's Helm","Commissar Cap / Gunslinger's Helm","","","Level 2 :","Medicae","","Level 17 :","Linchpin","","Level 37 :","Awareness","Brink of Death","","Helm","Face of the Sovereign","Face of the Sovereign / Peripheral Visor","Peripheral Visor","Peripheral Visor","","","","","","","","","","","","","","","","","","","","","","","","","","","","","","","","","","",""
"","Level 3 :","Revel in Slaughter","","Level 18 :","Always Ready","","Level 38 :","Ballistic Skill","Fix Bayonets!","","Armour","Death World Light Flak Armour","Death World Enforcers light carapace","Death World Enforcers light carapace","Hive World Origin Voidsmen Armour","","","Level 3 :","Bring it Down !","","Level 18 :","Improvised Strategy","","Level 38 :","Fellowship","Calculated Resolve","","Armour","Death World Light Flak Armour","Breacher Armour","Breacher Armour","Hive World Origin Voidsmen Armour","","","Level 3 :","Revel in Slaughter","","Level 18 :","Hunting Surge","","Level 38 :","Ballistic Skill","Know No Heresy","","Armour","Death World Light Flak Armour","Death World Enforcer's light carapace","Death World Enforcer's light carapace","Death World Enforcer's light carapace","","","Level 3 :","Bring it Down !","","Level 18 :","Reliance","","Level 38 :","Ballistic Skill","Calculated Resolve","","Armour","Death World Light Flak Armour","Breacher Armour","Breacher Armour","Warrior Armour","","","Level 3 :","Revel in Slaughter","","Level 18 :","Reliance","","Level 38 :","Ballistic Skill","Grenadier","","Armour","Death World Light Flak Armour","Death World Enforcer's Light Carapace","Death World Enforcer's Light Carapace","Hive World Origin Voidsmen Armour","","","Level 3 :","Death From Above","","Level 18 :","Reliance","","Level 38 :","Weapon Skill","Power Armour Proficiency","","Armour","Light Spinner's breastplate","Spinner's Breastplate / Armour of Hidden Promise","Spinner's Breastplate / Armour of Hidden Promise","High Spinner Armour / Adherent of Mankind","","","","","","","","","","","","","","","","","","","","","","","","","","","","","","","","","","",""
"","Level 4 :","Firearm Mastery","Muzzle Velocity / Point-Blank","Level 19 :","Steady Superiority","","Level 39 :","Entrench","Awareness","","Cloak","Camouflage Robe","Tactical Backpack","Tactical Backpack","Tempestus Carapace Elite Backpack","","","Level 4 :","Finest Hour","Lasting Impression","Level 19 :","Take and Hold","","Level 39 :","Take Aim!","Persuasion / Commerce","","Cloak","Commander Cloak","Tactical Backpack","Tactical Backpack","Tempestus Carapace Elite Backpack","","","Level 4 :","Firearm Mastery","Muzzle Velocity","Level 19 :","Wild Hunt","","Level 39 :","Entrench","Demolition","","Cloak","Camouflage Robe","Tactical Backpack","Tactical Backpack","Tepestus Elite Carapace Backpack","","","Level 4 :","Finest Hour","Lasting Impression","Level 19 :","Orchestrated Firestorm","","Level 39 :","Break Their Ranks!","Persuasion","","Cloak","Von Valancius Cloak","Tactical Backpack","Tactical Backpack","Tempestus Elite Carapce Backpack","","","Level 4 :","Firearm Mastery","Muzzle Velocity","Level 19 :","Orchestrated Firestorm","","Level 39 :","Controlled Shot","Awareness","","Cloak","Von Valancius Cloak","Tactical Backpack","Tactical Backpack","Tempestus elite carapace backpack","","","Level 4 :","Death Waltz","Death Warden","Level 19 :","Orchestrated Firestorm","","Level 39 :","Captive Audience","Awareness","","Cloak","Reaper Cape","Bladedancer's Mantle / Malpian Shroud","Bladedancer's Mantle / Malpian Shroud","High Spinner's Cloak / Bladedancer's Mantle","","","","","","","","","","","","","","","","","","","","","","","","","","","","","","","","","","",""
"","Level 5 :","Ballistic Skill","Rapid Reload","Level 20 :","Ap +1","Ballistic Skill","Level 40 :","Deadly Aim","Distract","","Neck","","Focus Incense","Dog Tags ","Dog Tags ","","","Level 5 :","Ballistic Skill","Ready to Serve","Level 20 :","Ap +1","Ballistic Skill","Level 40 :","Eager Subordinates","Personal Zone","","Neck","Medal of alacrity","Medal of alacrity / Chartist Pendant","Medal of alacrity / Chartist Pendant","Medal of alacrity / Chartist Pendant","","","Level 5 :","Ballistic Skill","Rapid Reload","Level 20 :","AP +1 - Ballistic Skill","Dual-Weapon Combat","Level 40 :","Degraded Defence","Flay the Bold","","Neck","","Dog tags","Dog tags","Dog tags","","","Level 5 :","Ballistic Skill","Ready to Serve","Level 20 :","Ap +1","Ballistic Skill","Level 40 :","Degraded Defence","Undisputed Advantage","","Neck","Medal of Alacrity","Chartist Pendant / Medal of Alacrity","Chartist Pendant / Medal of Alacrity","Chartist Pendant / Medal of Alacrity","","","Level 5 :","Ballistic Skill","Rapid Reload","Level 20 :","Ap +1","Ballistic Skill","Level 40 :","Deadly Aim","Stacking the Deck","","Neck","","Dog Tags","Dog Tags","Onslaught Amulet","","","Level 5 :","Field of Fire","Weapon Skill","Level 20 :","Ap +1","Weapon Skill","Level 40 :","Destroyer","Hidden Advantage","","Neck","","Dog Tags / Invigorating Resolve","Dog Tags / Invigorating Resolve","Onslaught Amulet","","","","","","","","","","","","","","","","","","","","","","","","","","","","","","","","","","",""
"","Level 6 :","Ballistic Skill","Rapid Fire","Level 21 :","All Out","Ballistic Skill","Level 41 :","Ballistic Skill","Camraderie","","Accessory 1","Book of war prayers","Enemy Finder","Enemy Finder","Echo of Victory","","","Level 6 :","Decisive Response","Ballistic Skill","Level 21 :","Blurred Locus","Ballistic Skill","Level 41 :","Fellowship","Steady!","","Accessory 1","","Saint Cognacius Scriptures","Commander's Notes","Commander's Notes","","","Level 6 :","Ballistic Skill","Rapid Fire","Level 21 :","Ballistic Skill","Heightened Concentration","Level 41 :","Ballistic Skill","Enough Bullets for Everyone","","Accessory 1","","Pair Holster","Pair Holster","Pair Holster","","","Level 6 :","Decisive Response","Ballistic Skill","Level 21 :","Ballistic Skill","Joint Offensive","Level 41 :","Ballistic Skill","Steel Resolve","","Accessory 1","","Pair Holster","Pair Holster","Pair Holster","","","Level 6 :","Ballistic Skill","Rapid Fire","Level 21 :","Ballistic Skill","Joint Offensive","Level 41 :","Ballistic Skill","Enough Bullets for Everyone","","Accessory 1","","Pair Holster","Pair Holster","Pair Holster","","","Level 6 :","Blood Oath","Medicae","Level 21 :","Weapon Skill","Joint Offensive","Level 41 :","Weapon Skill","Grand Performance","","Accessory 1","Blooddrinker","Peculiar Trinket","Iron Cape","Iron Cape / Commander's Chrono","","","","","","","","","","","","","","","","","","","","","","","","","","","","","","","","","","",""
"","Level 7 :","Agility","Trench Warefare","Level 22 :","Wilfire","Familiar Kickback","Level 42 :","Kick","Agility","","Accessory 2","","Book of war prayers","Iron Cape","Bead of Might","","","Level 7 :","Move Move Move","Trench Warfare","Level 22 :","Blitz Stratagem","","Level 42 :","Killzone Stratagem","Ballistic Skill","","Accessory 2","","Black Ring of the inquisition","Black Ring of the inquisition","Black Ring of the inquisition","","","Level 7 :","Agility","Trench Warfare","Level 22 :","Cull the bold","","Level 42 :","Piercing Shot","Agility","","Accessory 2","","Enemy Finder","Enemy Finder","Enemy Finder","","","Level 7 :","Move, Move, Move","Trench Warfare","Level 22 :","Inspire","","Level 42 :","Finish the Job","Fellowship","","Accessory 2","","Saint Cognacius Scriptures","Saint Cognacius Scriptures","Saint Cognacius Scriptures","","","Level 7 :","Agility","Trench Warfare","Level 22 :","Inspire","","Level 42 :","Finish the Job","Agility","","Accessory 2","","Enemy Finder","Enemy Finder","Commander's Chrono / Bead of Might","","","Level 7 :","Weapon Skill","Blood Rush","Level 22 :","Inspire","","Level 42 :","Finish the Job","Agility","","Accessory 2","Book of War Prayers","Heart of the Nameless","Seal of the Purifier","Seal of the Purifier","","","","","","","","","","","","","","","","","","","","","","","","","","","","","","","","","","",""
"","Level 8 :","Unfaltering Fire","Awareness","Level 23 :","Demolition","Flash Fire","Level 43 :","Ingenious","Calculated Resolve","","Gloves","Thrice-Pioneer's Bracers","Marksman Bracers","Gloves of Rapid Desolation","Compensator Gloves","","","Level 8 :","Focus!","Persuasion / Commerce","Level 23 :","Persuasion / Commerce","Fire at Will","Level 43 :","Inescapable Zone","Residual Power","","Gloves","Noble Silk Gloves","Thrice Pioneer's Bracers","Gloves of Rapid Desolation","Gloves of Rapid Desolation","","","Level 8 :","Unfaltering Fire","Demolition","Level 23 :","Cut to the Chase","Demolition","Level 43 :","Pierce and Ruin","Calculated Resolve","","Gloves","Stabilising Bracers","Recoil Gloves","Gloves of rapid desolation","Gloves of rapid desolation","","","Level 8 :","Focus!","Persuasion","Level 23 :","Unwavering Motivation","Persuasion","Level 43 :","Brink of Death","Residual Power","","Gloves","","Marksman Bracers","Gloves of Rapid Desolation","Gloves of Rapid Desolation","","","Level 8 :","Unfaltering Fire","Coercion","Level 23 :","Unwavering Motivation","Awareness","Level 43 :","Undisputed Advantage","Calculated Resolve","","Gloves","Thrice-Pioneer's Bracers","Deflection Gloves / Recoil Gloves","Gloves of Rapid Desolation","Gloves of Rapid Desolation / Compensator Gloves","","","Level 8 :","Awareness","Bloody Mess","Level 23 :","Unwavering Motivation","Medicae","Level 43 :","Undesputed Advantage","Calculated Resolve","","Gloves","","Augmented Gloves","Augmented Gloves","Augmented Gloves","","","","","","","","","","","","","","","","","","","","","","","","","","","","","","","","","","",""
"","Level 9 :","Firearm Mastery II","","Level 24 :","Agility","Unflinching Heroism","Level 44 :","Demolition","Vital Points","","Boots","Warmonger Boots","Breezecatcher boots","Recoil War boots","Caligae of Saint Keefe","","","Level 9 :","Finest Hour IV","","Level 24 :","Fellowship","Field of Fire","Level 44 :","Persuasion / Commerce","Degraded Defence","","Boots","","Adrenaline Warboots","Adrenaline Warboots","Adrenaline Warboots","","","Level 9 :","Firearm Mastery I","","Level 24 :","Agility","Better to Die for the Emperor","Level 44 :","Awareness","Extermination","","Boots","Warmonger Boots","Warmonger Boots","Sharpshooter's Boots","Recoil Warboots","","","Level 9 :","Finest Hour IV","","Level 24 :","Fellowship","Field of Fire","Level 44 :","Medicae","Eager Subordinates","","Boots","Warmongers Boots","Commissar Boots","Commissar Boots","Commissar Boots","","","Level 9 :","Firearm Mastery II","","Level 24 :","Agility","Doing My Part","Level 44 :","Coercion","Extermination","","Boots","Warmonger Boots","Warmonger Boots","Recoil Warboots","Recoil Warboots / Caligae of Saint Keefe","","","Level 9 :","Death Waltz II","","Level 24 :","Agility","Characteristic Training: Per","Level 44 :","Medicae","Extermination","","Boots","Skirmisher Boots","Inertia Boots","Inertia Boots / Fencing Boots","Inertia Boots / Fencing Boots","","","","","","","","","","","","","","","","","","","","","","","","","","","","","","","","","","",""
"","Level 10 :","Fired Up","Agility","Level 25 :","Adaptability","","Level 45 :","AP +1","","","Weapon Set 1","Modified Lasgun","Hot Shot Lasgun","Mezoa-Pattern Lasgun","Necrontech Hot Shot Lasgun","","","Level 10 :","Lore Imperium","Fellowship","Level 25 :","Personal Combat Zone","","Level 45 :","Ap +1","","","Weapon Set 1","Modified Lasgun","Hot Shot Lasgun","Mezoa-Pattern Lasgun","Necrontech Hot Shot Lasgun","","","Level 10 :","Fired Up","Agility","Level 25 :","Share the Spoils","","Level 45 :","AP +1","","","Weapon Set 1","Hot Shot Laspistol","Quick-firing Laspistol","Quick-firing Laspistol","Quick-firing Laspistol","","","Level 10 :","Persuasion","Fellowship","Level 25 :","Hidden Advantage","","Level 45 :","Ap +1","","","Weapon Set 1","Hot Shot Laspistol","Quick-Firing Laspistol","Quick-Firing Laspistol","Quick-Firing Laspistol","","","Level 10 :","Alacrity","Agility","Level 25 :","Hidden Advantage","","Level 45 :","Ap +1","","","Weapon Set 1","Ripper Autopistol","Hot Shot Lasgun","Begger's Weapon","Mars Pattern Lasgun","","","Level 10 :","Facing The End","Agility","Level 25 :","Personal Involvement","","Level 45 :","AP +1","","","Weapon Set 1","Noble Sword","Anver Chainsword","Duelling Sword","Duelling Sword / Auto-Striking Power Sword","","","","","","","","","","","","","","","","","","","","","","","","","","","","","","","","","","",""
"","Level 11 :","Concentrated Fire","Awareness","Level 26 :","Demolition","Agility","Level 46 :","Demolition Engineer","Demolition","","","","","","","","","Level 11 :","Personal Oversight","Fellowship","Level 26 :","Fellowship","Persuasion / Commerce","Level 46 :","Steel Resolve","Lore Imperium","","","","","","","","","Level 11 :","Dash","Awareness","Level 26 :","Demolition","Agility","Level 46 :","Fortress","Demolition","","","","Hot Shot Laspistol","Beggar's Weapon","Beggar's Weapon","","","Level 11 :","Personal Oversight","Fellowship","Level 26 :","Persuasion","Fellowship","Level 46 :","Prepare for an assault!","Lore Imperium","","","Foehammer","Hot Shot Laspistol","Begger's Weapon","Begger's Weapon","","","Level 11 :","Dash","Awareness","Level 26 :","Awareness","Agility","Level 46 :","Fortress","Coercion","","","Hot Shot Lasgun","Quick Firing Las Pistol","Quick Firing Las Pistol","Quick-firing laspistol","","","Level 11 :","Acrobatic Artistry","Sweeping Motions","Level 26 :","Medicae","Agility","Level 46 :","Rising Tempo","Medicae","","","Wrath of Saint Drusus","Elite Chainsword","Karkalla's Honour","Sol Pattern Elite Power Sword","","","","","","","","","","","","","","","","","","","","","","","","","","","","","","","","","","",""
"","Level 12 :","Perception","Never Stop Believing","Level 27 :","Steady Superiority IV","","Level 47 :","Muzzle Velocity","Demolition","","Weapon Set 2","Longlas / Blast Wave","Nullifying Shotgun","Mars Pattern Shotgun","Scoped Shotgun","","","Level 12 :","Air of Authority","Characteristic Training: PER","Level 27 :","Take and Hold IV","","Level 47 :","Be Vigilant!","Lore Imperium","","Weapon Set 2","Longlas / Blast Wave","Nullifying Shotgun","Mars Pattern Shotgun","Scoped Shotgun","","","Level 12 :","Perception","Field of Fire","Level 27 :","Wild Hunt II","","Level 47 :","Integrity","Demolition","","Weapon Set 2","Modified Lasgun / Longlas","Hot Shot Lasgun / Hunting Rifle","Mezoa-Pattern Lasgun / Sharpshooter Rifle","Necrontech Lasgun / Sol Pattern Long-Las","","","Level 12 :","Air of Authority","Characteristic Training: PER","Level 27 :","Orchestrated Firestorm III","","Level 47 :","Seize the Initiative","Lore Imperium","","Weapon Set 2","Modfied Lasgun","Hot Shot Lasgun","Trophy Lasgun","Necrontech Lasgun","","","Level 12 :","Perception","Field of Fire","Level 27 :","Orchestrated Firestorm III","","Level 47 :","Integrity","Coercion","","Weapon Set 2","Modified Lasgun","Hot Shot Lasgun","Mezoa-Pattern Lasgun","Necrontech Hot Shot Lasgun","","","Level 12 :","Agility","Awareness","Level 27 :","Orchestrated Firestorm III","","Level 47 :","Duellist","Awareness","","Weapon Set 2","","Emergency Cutter","Emergency Cutter","Well-Maintained Rock Saw","","","","","","","","","","","","","","","","","","","","","","","","","","","","","","","","","","",""
"","Level 13 :","Alacrity / Swift Slaughter","Field of Fire","Level 28 :","Awareness","Critical Vesatility","Level 48 :","Contempt for the weak","Agility","","","","","","","","","Level 13 :","Inspiring speech","Lore Imperium","Level 28 :","Opening Strategy","Perception","Level 48 :","Strongpoint","Ballistic Skill","","","","","","","","","Level 13 :","Alacrity","Stronger Together","Level 28 :","Pierce the Armour","","Level 48 :","Expert Finesse","Agility","","","","","","","","","Level 13 :","Inspiring Speech","Lore Imperium","Level 28 :","Against All Odds","","Level 48 :","Personal Involvement","Fellowship","","","","","","","","","Level 13 :","Fired Up","Suppression Fire!","Level 28 :","Against All Odds","","Level 48 :","Brink of Death","Agility","","","","","","","","","Level 13 :","Jinx","Demolition","Level 28 :","Against All Odds","","Level 48 :","Support the Advance","Agility","","","","","","","","","","","","","","","","","","","","","","","","","","","","","","","","","","","","","","","","",""
"","Level 14 :","Hail of Steel","Demolition","Level 29 :","Perception","Suppression Fire!","Level 49 :","Perception","Medicae","","","","","","","","","Level 14 :","Perception","Doing my Part","Level 29 :","Perception","Lore Imperium","Level 49 :","Intelligence","Medicae","","","","","","","","","Level 14 :","Grenadier","Awareness","Level 29 :","Awareness","Perception","Level 49 :","Perception","Medicae","","","","","","","","","Level 14 :","Perception","Doing My Part","Level 29 :","Lore Imperium","Agility","Level 49 :","Perception","Lore Imperium","","","","","","","","","Level 14 :","Unflinching Heroism","Awareness","Level 29 :","Coercion","Perception","Level 49 :","Fellowship","Medicae","","","","","","","","","Level 14 :","Strength","Bloody Requiem","Level 29 :","Demolition","Perception","Level 49 :","Perception","Awareness","","","","","","","","","","","","","","","","","","","","","","","","","","","","","","","","","","","","","","","","",""
"","Level 15 :","Firearm Mastery III","","Level 30 :","Devastating Attack","","Level 50 :","Extermination","Enough Bullets for Everyone","","Optical Insertion","Somatic Insertion","Cortical Insertion","Sinistral Insertion","Dextral Insertion","Musculoskeletal Insertion","","Level 15 :","Finest Hour I","","Level 30 :","Overwhelming Stratagem","","Level 50 :","Eager for Battle","Leader's Assault","","Optical Insertion","Somatic Insertion","Cortical Insertion","Sinistral Insertion","Dextral Insertion","Musculoskeletal Insertion","","Level 15 :","Firearm Mastery II","","Level 30 :","Unflinching Heroism","Ensnare the Prey","Level 50 :","Vital Points","Unpredictable","","Optical Insertion","Somatic Insertion","Cortical Insertion","Sinistral Insertion","Dextral Insertion","Musculoskeletal Insertion","","Level 15 :","Finest Hour I","","Level 30 :","Unflinching Heroism","Fervour","Level 50 :","Eager for Battle","Be Vigilant!","","Optical Insertion","Somatic Insertion","Cortical Insertion","Sinistral Insertion","Dextral Insertion","Musculoskeletal Insertion","","Level 15 :","Firearm Mastery I","","Level 30 :","Las Weapon Expert","Fervour","Level 50 :","Vital Points","Second Skin","","Optical Insertion","Somatic Insertion","Cortical Insertion","Sinistral Insertion","Dextral Insertion","Musculoskeletal Insertion","","Level 15 :","Death Waltz III","","Level 30 :","It Will Not Die","Fervour","Level 50 :","Vital Points","Blade in His Hands","","Optical Insertion","Somatic Insertion","Cortical Insertion","Sinistral Insertion","Dextral Insertion","Musculoskeletal Insertion","","","","","","","","","","","","","","","","","","","","","","","","","","","","","","","","","",""
"","","","","Level 31 :","Breaking Attack","","Level 51 :","Preferred Targets","Medicae","","Focal Emitter MK Soldier","Weapon Optimiser MK-I","Telemetric Logis Analyser","","Hand of the righteous ","","Act 2","","","","Level 31 :","Daunting Zone","Grenadier","Level 51 :","Adjusting Frontline","Medicae","","Tactical Analyser","Weapon Optimiser MK-I","Telemetric Logis Analyser","","","","Act 2","","","","Level 31 :","Inspiring Trophy","","Level 51 :","Guidance","Medicae","","Focal Emitter MK Soldier","Weapon Optimiser MK-I","Telemetric Logis-Analyser MK-I","","Hand of the Righteous","","Act 2","","","","Level 31 :","Support the advance","","Level 51 :","Logistical Superiority","Commerce","","Tactical Analyser","Weapon Optimiser MK-I","Telemetric Logis Analyser","","","","","","","","Level 31 :","Support the advance","","Level 51 :","Ally coordination","Medicae","","Focal Emitter MK Soldier","Weapon Optimiser MK-I","","","","","","","","","Level 31 :","Stacking the Deck","","Level 51 :","Suppression Fire!","Demolition","","Focal Emitter MK-I","Neural Systems Graft MK-I","","","","Skullcrushers","","","","","","","","","","","","","","","","","","","","","","","","","","","","","","","","","",""
"","","","","Level 32 :","Perception","Awareness","Level 52 :","Fortress","Residual Power","","Focal Emitter MK Soldier","Weapon Optimiser MK-I","Telemetric Logis Analyser","","Hand of the righteous ","","Act 3","","","","Level 32 :","Lore Imperium","Perception","Level 52 :","No Respite","Motive-Force Overload","","Tactical Analyser","Weapon Optimiser MK-I","Telemetric Logis Analyser","","","","Act 3","","","","Level 32 :","Perception","Awareness","Level 52 :","Camaraderie","Residual Power","","Focal Emitter MK Soldier","Weapon Optimiser MK-I","Telemetric Logis-Analyser MK-I","","Hand of the Righteous","","Act 3","","","","Level 32 :","Agility","Lore Imperium","Level 52 :","No Respite","Motive-Force Overload","","Tactical Analyser","Weapon Optimiser MK-I","Telemetric Logis Analyser","","","","","","","","Level 32 :","Perception","Coercion","Level 52 :","In the Hero's Footsteps","Residual Power","","Focal Emitter MK Soldier","Weapon Optimiser MK-I","Cerebral Inverter","","","","","","","","Level 32 :","Perception","Demolition","Level 52 :","Race Against Death","Unflinching Heroism","","Focal Emitter MK-I","Neural Systems Graft MK-I","Cerebral Inverter MK Tactician","","Pneumatic Assault Grapple MK 'Warrior'","Skullcrushers","","","","","","","","","","","","","","","","","","","","","","","","","","","","","","","","","",""
"","","","","Level 33 :","Dismantle","Perception","Level 53 :","Controlled Shot","Perception","","Focal Emitter MK Soldier","Weapon Optimiser MK-II","Telemetric Logis-Analyser MK 'Officer'","","Hand of the righteous ","","Act 4","","","","Level 33 :","Intelligence","Critical Zone","Level 53 :","Break Their Ranks!","Intelligence","","Tactical Analyser","Weapon Optimiser MK-II","Telemetric Logis-Analyser MK 'Officer'","","","","Act 4","","","","Level 33 :","Critical Chain","","Level 53 :","Raid","Perception","","Focal Emitter MK 'Hunter'","Weapon Optimiser MK-II","Telemetric Logis-Analyser MK-II","","Hand of the Righteous","","Act 4","","","","Level 33 :","Dawn of Victory","","Level 53 :","Assign Objective","Perception","","Tactical Analyser","Weapon Optimiser MK-II","Telemetric Logis-Analyser MK 'Officer'","Suppression Manipulator","","","","","","","Level 33 :","Personal Involvement","","Level 53 :","Entrench","Fellowship","","Focal Emitter MK Soldier","Weapon Optimiser MK-II","Cerebral Inverter","","","","","","","","Level 33 :","Dawn of Victory","","Level 53 :","Veil of Blades","Perception","","Focal Emitter MK-II","Neural Systems Graft MK-II","Cerebral Inverter MK Tactician","","Pneumatic Assault Grapple MK 'Warrior'","Phase Oscillator MK 'Tactician'","","","","","","","","","","","","","","","","","","","","","","","","","","","","","","","","","",""
"","","","","Level 34 :","Fellowship","Grenadier","Level 54 :","Eager for Battle","Accustomed to Glory","","","","","","","","Act 5","","","","Level 34 :","Suppression Fire!","","Level 54 :","Attention!","Prepare for an Assault!","","","","","","","","Act 5","","","","Level 34 :","Suppression FIre!","","Level 54 :","Critical Velocity","Kill Squad","","","","","","","","Act 5","","","","Level 34 :","Perception","Suppression Fire!","Level 54 :","Extermination","Primary Objective","","","","","","","","","","","","Level 34 :","Perception","Dual-Weapon Combat","Level 54 :","Eager for Battle","Camaraderie","","","","","","","","","","","","Level 34 :","Perception","Be Smart","Level 54 :","Critical Velocity","Anticipation","","","","","","","","","","","","","","","","","","","","","","","","","","","","","","","","","","","","","","","","",""
"","","","","Level 35 :","Steady Superiority II","","Level 55 :","AP +1","","","","","","","","","","","","","Level 35 :","Take and Hold II","","Level 55 :","Ap +1","","","","","","","","","","","","","Level 35 :","Wild Hunt I","","Level 55 :","AP +1","","","","","","","","","","","","","Level 35 :","Orchestrated Firestorm II","","Level 55 :","Ap +1","","","","","","","","","","","","","Level 35 :","Orchestrated Firestorm II","","Level 55 :","Ap +1","","","","","","","","","","","","","Level 35 :","Orchestrated Firestorm II","","Level 55 :","AP +1","","","","","","","","","","","","","","","","","","","","","","","","","","","","","","","","","","","","","","","","","",""
"","Imperial Navy Breacher","","","","","","","","","","Skill Options","","","","","","","Warp Madness","","","","","","","","","","Skill Options","","","","","","","Borg Build - Electro Priest At Home","","","","","","","","","","Skill Options","","","","","","","Gundancer","","","","","","","","","","Skill Options","","","","","","","Lord Admiral","","","","","","","","","","Skill Options","","","","","","","Fleet Tactician ","","","","","","","","","","Skill Options","","","","","","","Imperial Navy Assassin","","","","","","","","","","Skill Options","","","","","","","","","","","","","","","","","","","","","",""
"","Death World - Navy Officer - Warrior - Weapon Skill +2 / Strength +2 / Toughness +2","","","","","","","","","","Athletics / Carouse","","","","","","","Death World - Navy Officer - Bladedancer - Weapon Skill +2 - Agility +2 - Perception +2 ","","","","","","","","","","Medicae / Awareness / Demolition","","","","","","","Forge World (Subskin Armour) - Navy Officer - Warrior - Weapon Skill +2 / Strength +2 / Toughness +1 / Perception +1","","","","","","","","","","Athletics / Carouse","","","","","","","Fortress World - Navy Officer - Bladedancer - Weapon Skill +2 / Strength +2 / Agility +2 (alt: homeworld forge (locomotive) base xenos 13 / drukhari weap 22 / finesse 24 / Get off Me! 29)","","","","","","","","","","Demolition / Medicae / Awareness","","","","","","","Fortress World - Navy Officer - Warrior - Weapon Skill +2 / Strength +2 / Toughness +1 / Willpower +1","","","","","","","","","","Athletics / Carouse","","","","","","","Voidborn / Navy Officer / Bladedancer / WS +2 / Agi +2 / Per +2 - Master Tactician build using Cerebral Inverter MK 'Tactician' and Be Smart","","","","","","","","","","Medicae / Demolitions / Awareness / Athletics","","","","","","","Forge World (Locomotion System Systems) - Navy Officer - Warrior - Weapon Skill +2 / Agility +2 / Perception +2","","","","","","","","","","Awareness / Athletics","","","","","","","","","","","","","","","","","","","","","",""
"","Warrior","","","Arch-Militant","","","Exemplar","","","","","","","","","","","Blade Dancer","","","Executioner","","","Exemplar","","","","","","","","","","","Warrior","","","Vanguard","","","Exemplar","","","","","","","","","","","Blade Dancer","","","Arch-Militant","","","Exemplar","","","","","","","","","","","Warrior","","","Arch-Militant","","","Exemplar","","","","","","","","","","","Blade Dancer","","","Master Tactician","","","Exemplar","","","","","","","","","","","Warrior","","","Assassin","","","Exemplar","","","","","","","","","","","","","","","","","","","","","","","","","",""
"","Level 1 :","Charge","","Level 16 :","Versitility","","Level 36 :","Peak Condition","Easy Target","","Gear to consider","Act 1","Act 2","Act 3","Act 4","Act 5","","Level 1 :","Blade Dance","","Level 16 :","Forced Repentance","Scourging Strike + Where it hurts","Level 36 :","Peak Condition","Guillotine","","Gear to consider","Act 1","Act 2","Act 3","Act 4","Act 5","","Level 1 :","Charge","","Level 16 :","Unyelding Beacon","","Level 36 :","Peak Condition","Rigorous Training","","Gear to consider","Act 1","Act 2","Act 3","Act 4","Act 5","","Level 1 :","Blade Dance","","Level 16 :","Versitility","","Level 36 :","Peak Condition","Duellist","","Gear to consider","Act 1","Act 2","Act 3","Act 4","Act 5","","Level 1 :","Charge","","Level 16 :","Versitility","","Level 36 :","Peak Condition","Opening Strike","","Gear to consider","Act 1","Act 2","Act 3","Act 4","Act 5","","Level 1 :","Blade Dance","","Level 16 :","Tactical Advantage","Press The Advantage","Level 36 :","Peak Condition","Bloody Requiem","","Gear to consider","Act 1","Act 2","Act 3","Act 4","Act 5","","Level 1 :","Charge","","Level 16 :","Seek the Opening","","Level 36 :","Malign Influence","Open Engagement","","Gear to consider","Act 1","Act 2","Act 3","Act 4","Act 5","","","","","","","","","","","","","","","","",""
"","Level 2 :","Medicae","","Level 17 :","Reckless Rush","","Level 37 :","Athletics","Dismantle","","Helm","Helm of Determination","The Guardian Crown","The Guardian Crown","The Guardian Crown","","","Level 2 :","Medicae","","Level 17 :","Pain Resonance","","Level 37 :","Medicae","All-Encompassing Agony","","Helm","Face of the soverign ","Mechanicus Respirator","Carmine Crown","Carmine Crown","","","Level 2 :","Medicae","","Level 17 :","Defensive Stance","Instant Retribution","Level 37 :","Athletics","Offensive Follow","","Helm","Helm of Determination","The Guardian Crown","The Guardian Crown","The Guardian Crown","","","Level 2 :","Medicae","","Level 17 :","Reckless Rush","","Level 37 :","Medicae","Distract","","Helm","Tactical Goggles","The Guardian Crown / Gunslinger's Helm","Tactical Genius / Gunslinger's Helm","Lingering Whisper","","","Level 2 :","Medicae","","Level 17 :","Reckless Rush","","Level 37 :","Athletics","Dismantle","","Helm","Helm of Determination","The Guardian Crown","The Guardian Crown","The Guardian Crown","","","Level 2 :","Medicae","","Level 17 :","Linchpin","","Level 37 :","Medicae","Hidden Advantage","","Helm","Face of the Sovereign","Face of the Sovereign / Peripheral Visor","Face of the Sovereign / Peripheral Visor","Face of the Sovereign / Peripheral Visor","","","Level 2 :","Medicae","","Level 17 :","Danse Macarbe","","Level 37 :","Awareness","Lethal Concentration","","Helm","Face of the soverign ","Self-calibrating Goggles (malign Influence)","Self-calibrating Goggles / Weakness Detector","Self-calibrating Helm / Vivisector's Visor","","","","","","","","","","","","","","","","","",""
"","Level 3 :","Endure","","Level 18 :","Always Ready","","Level 38 :","Weapon Skill","Get off Me!","","Armour","Ceramite Storm Trooper","Fortress World Tempestus Carapace","Adherent of Mankind","Sanguine Judgement","","","Level 3 :","Death From Above","","Level 18 :","Anatomy Expert","","Level 38 :","Weapon Skill","Power Armour Proficiency","","Armour","Death World Light Flak Armour","Death World Enforcer's Light carapace","Adherent of Mankind","Adherent of Mankind","","","Level 3 :","Endure","","Level 18 :","Counter Attack Stance","","Level 38 :","Weapon Skill","Lethal Precision","","Armour","Ceramite Storm Trooper","Fortress World Tempestus Carapace","Fortress World Tempestus Carapace","War World Origin Tempestus Elite Carapace","","","Level 3 :","Death From Above","","Level 18 :","Always Ready","","Level 38 :","Weapon Skill","Lethal Precision","","Armour","Death World Light flak armour","Armour of Hidden Promise","Adherent of Mankind","Adherent of Mankind","","","Level 3 :","Endure","","Level 18 :","Always Ready","","Level 38 :","Weapon Skill","Lethal Precision","","Armour","Ceramite Storm Trooper","Fortress World Tempestus Carapace","Adherent of Mankind","Adherent of Mankind","","","Level 3 :","Death From Above","","Level 18 :","Reliance","","Level 38 :","Weapon Skill","Calculated Resolve","","Armour","Light Spinner's breastplate","Spinner's Breastplate","Spinner's Breastplate","Adherent of Mankind","","","Level 3 :","Endure","","Level 18 :","Deadly Calculation","","Level 38 :","Weapon Skill","Lethal Precision","","Armour","Death World Light Flak Armour","Death World Enforcer's Light carapace","Death World Enforcer's Light carapace","High Spinner Armour","","","","","","","","","","","","","","","","","",""
"","Level 4 :","Daring Breach","Thick skin","Level 19 :","Steady Superiority","","Level 39 :","Forceful Strike","Athletics","","Cloak","Xenopelt Cloak","Malpian Shroud","Malpian Shroud","Malpian Shroud","","","Level 4 :","Death Waltz","Death Warden","Level 19 :","Carnival of Misery","","Level 39 :","Captive Audience","Medicae","","Cloak","Reaper Cape","Pack of Reagents","Pack of Reagents","Pack of Reagents","","","Level 4 :","Daring Breach","Thick Skin","Level 19 :","Unyelding Guard","","Level 39 :","Sworn Enemy","Athletics","","Cloak","Xenopelt Cloak","Malpian Shroud","Malpian Shroud","Malpian Shroud","","","Level 4 :","Death Waltz","Death Warden","Level 19 :","Steady Superiority","","Level 39 :","Captive Audience","Medicae","","Cloak","Von Valacius Cloak","Malpian Shroud / Tactical Backpack","Malpian Shroud / Tactical Backpack","Arch-Militant Cape","","","Level 4 :","Daring Breach","Thick skin","Level 19 :","Steady Superiority","","Level 39 :","Forceful Strike","Athletics","","Cloak","Xenopelt Cloak","Malpian Shroud","Malpian Shroud","Arch-Militant's Cape","","","Level 4 :","Death Waltz","Death Warden","Level 19 :","Orchestrated Firestorm","","Level 39 :","Captive Audience","Medicae","","Cloak","Reaper Cape","Bladedancer's Mantle","Bladedancer's Mantle","High Spinner Cloak / Bladedancer's Mantle","","","Level 4 :","Daring Breach","Desolation","Level 19 :","Dispatch","","Level 39 :","Taunting Scream","Awareness","","Cloak","","Malpian Shroud","Malpian Shroud","Swashbuckler's Cloak / Malpian Shroud","","","","","","","","","","","","","","","","","",""
"","Level 5 :","Ramming Speed","Weapon Skill","Level 20 :","AP +1","Weapon Skill","Level 40 :","Destroyer","Exploit Weakness","","Neck","Grace of the Oblivious","Invigorating Resolve","Invigorating Resolve","Invigorating Resolve","","","Level 5 :","Duelling Mastery","Weapon Skill","Level 20 :","AP +1","Weapon Skill","Level 40 :","Destroyer","Sickening Pain","","Neck","","Anatomist's Amulet","Anatomist's Amulet","The Vial of Falstow","","","Level 5 :","Ramming Speed","Weapon Skill","Level 20 :","AP +1","Weapon Skill","Level 40 :","Destroyer","Punish The Imprudent","","Neck","Grace of the Oblivious","Invigorating Resolve","Invigorating Resolve","Invigorating Resolve","","","Level 5 :","Duelling Mastery","Weapon Skill","Level 20 :","AP +1","Weapon Skill","Level 40 :","Destroyer","Dismantle","","Neck","","Invigorating Resolve / Dog Tag","For the defence of Cadia / Invigorating Resolve","For the defence of Cadia / The Vial of Falstow","","","Level 5 :","Ramming Speed","Weapon Skill","Level 20 :","AP +1","Weapon Skill","Level 40 :","Degraded Defence","Exploit Weakness","","Neck","Grace of the Oblivious","Invigorating Resolve","Invigorating Resolve","Wolf Tooth Necklace","","","Level 5 :","Duelling Mastery","Weapon Skill","Level 20 :","Ap +1","Weapon Skill","Level 40 :","Destroyer","Dawn of Victory","","Neck","","Dog Tags","Dog Tags","Onslaught Amulet","","","Level 5 :","Rigorous Training","Weapon Skill","Level 20 :","AP +1","Weapon Skill","Level 40 :","Lethal Threat","Perfect Opening","","Neck","","Invigorating Resolve","Invigorating Resolve","Slicing Symbol / Invigorating Resolve","","","","","","","","","","","","","","","","","",""
"","Level 6 :","Sworn Enemy","Athletics","Level 21 :","Dependable","Weapon Skill","Level 41 :","Weapon Skill","Crowd Kill","","Accessory 1","First Aid Manual","First Aid Manual","First Aid Manual","Hellbrute Horn Trophy","","","Level 6 :","Blood Oath","Medicae","Level 21 :","Weapon Skill","Does it Hurt?","Level 41 :","Weapon Skill","Grand Performance","","Accessory 1","Blooddrinker","Chirurgeon's Manual","Chirurgeon's Manual","Voidborn's Pride","","","Level 6 :","Taunting Scream","Athletics","Level 21 :","Weapon Skill","Enduring Shield","Level 41 :","Weapon Skill","Crowd Kill","","Accessory 1","First Aid Manual","Empyrean Transceiver","Empyrean Transceiver","Empyrean Transceiver","","","Level 6 :","Blood Oath","Medicae","Level 21 :","Broad Expertise","Weapon Skill","Level 41 :","Weapon Skill","Grand Performance","","Accessory 1","Blooddrinker","Portative Manipulator / Combat Manipulator","Portative Manipulator / Combat Manipulator","Portative Manipulator / Military Combi-Tool","","","Level 6 :","Sworn Enemy","Athletics","Level 21 :","Broad Expertise","Weapon Skill","Level 41 :","Weapon Skill","Easy Target","","Accessory 1","First Aid Manual","Pair Holster","Pair Holster","Pair Holster","","","Level 6 :","Blood Oath","Medicae","Level 21 :","Weapon Skill","Joint Offensive","Level 41 :","Weapon Skill","Grand Performance","","Accessory 1","Blooddrinker","Blooddrinker","Battle Plan","Voidborn's Pride","","","Level 6 :","Break Through","Athletics","Level 21 :","Morbid pirouette","Weapon Skill","Level 41 :","Weapon Skill","Easy Target","","Accessory 1","Blooddrinker","","Iron Cape","Notes on Weaknesses","","","","","","","","","","","","","","","","","",""
"","Level 7 :","Weapon Skill","Fleet Combat Training","Level 22 :","Wildfire","Melee Weapon Specialist","Level 42 :","Devastating Attack","Toughness","","Accessory 2","","Combat Manipulator","Combat Manipulator","Blades Clone Field","","","Level 7 :","Weapon Skill","Blood Rush","Level 22 :","Reckless Abandon","","Level 42 :","Terrifying Strike","Agility","","Accessory 2","","Diagnostor","Diagnostor","Diagnostor","","","Level 7 :","Weapon Skill","Fleet Combat Training","Level 22 :","Follow my lead","Athletics","Level 42 :","Wall of Rockcrete","Toughness","","Accessory 2","","Peculiar Trinket","Peculiar Trinket","Peculiar Trinket","","","Level 7 :","Weapon Skill","Blood Rush","Level 22 :","Wildfire","Get off Me!","Level 42 :","Kick","Agility","","Accessory 2","Book of war prayers","Pair Holster","Pair Holster","Pair Holster","","","Level 7 :","Weapon Skill","Fleet Combat Training","Level 22 :","Wildfire","Get off me!","Level 42 :","Devastating Attack","Toughness","","Accessory 2","","Combat Manipulator","Combat Manipulator","Echo of Victory","","","Level 7 :","Weapon Skill","Blood Rush","Level 22 :","Inspire","","Level 42 :","Finish the Job","Agility","","Accessory 2","Book of war prayers","Seal of Death","Seal of the Purifier","Bead of Might","","","Level 7 :","Weapon Skill","Fleet Combat Training","Level 22 :","Lore Xenos","Killing Edge","Level 42 :","Elusive Shadow","Agility","","Accessory 2","","","Litany of Exhaustion","Iron Cape / Litany of Exhaustion","","","","","","","","","","","","","","","","","",""
"","Level 8 :","Athletics","Open Engagement","Level 23 :","Athletics","Allout","Level 43 :","Breaking Attack","Power Weapon Expert","","Gloves","Relished Anguish","Adaptive Gloves","Adaptive Gloves","Adaptive Gloves","","","Level 8 :","Awareness","Fleet Combat Training","Level 23 :","Sower of Distress","Lore Xenos","Level 43 :","Unbearable Presence","Calculated Resolve","","Gloves","Gloves of Endurance","Augmented Gloves","Augmented Gloves","Augmented Gloves","","","Level 8 :","Athletics","Impetus","Level 23 :","Beacon of Might","Dual-Weapon Combat","Level 43 :","Wall Of Ferrocrete","Calculated Resolve","","Gloves","Relished Anguish","Adaptive Gloves","Adaptive Gloves","Adaptive Gloves","","","Level 8 :","Awareness","Fleet Combat Training","Level 23 :","Medicae","All out","Level 43 :","Exploit Weakness","Calculated Resolve","","Gloves","Avenger Gauntlets","Augmented Gloves","Gloves of Rapid Desolation / Augmented Gloves","Compensator Gloves / Augmented Gloves","","","Level 8 :","Athletics","Open Engagement","Level 23 :","Athletics","Allout","Level 43 :","Breaking Attack","Hail of Steel","","Gloves","Relished Anguish","Augmented Gloves","Augmented Gloves","Compensator Gloves","","","Level 8 :","Awareness","Fleet Combat Training","Level 23 :","Unwavering Motivation","Medicae","Level 43 :","Undisputed Advantage","Power Armour Proficiency","","Gloves","","Augmented Gloves","Augmented Gloves","Augmented Gloves","","","Level 8 :","Athletics","Shearing Strikes","Level 23 :","Lethality Heightens","","Level 43 :","Lone Killer","Calculated Resolve","","Gloves","Gloves of Endurance","Augmented Gloves","Riposte Gloves / Augmented Gloves","Riposte Gloves / Augmented Gloves","","","","","","","","","","","","","","","","","",""
"","Level 9 :","Daring Breach II","","Level 24 :","Toughness","Dual-Weapon Combat","Level 44 :","Carouse","Degraded Defence","","Boots","Pneumo Boots","Pneumo Boots","Pneumo Boots","Void Veteran Boots","","","Level 9 :","Death Waltz II","","Level 24 :","Agility","Drukhari Weapon Profeciency","Level 44 :","Awareness","Degraded Defence","","Boots","Smirkisher Boots","Inertia Boots","Inertia Boots","Inertia Boots","","","Level 9 :","Daring Breach II","","Level 24 :","Toughness","Get Off Me!","Level 44 :","Carouse","Degraded Defence","","Boots","Pneumo Boots","Pneumo Boots","Pneumo Boots","Void Veteran Boots","","","Level 9 :","Death Waltz II","","Level 24 :","Agility","Hail of Steel","Level 44 :","Awareness","Extermination","","Boots","Skirmisher Boots","Inertia Boots","Inertia Boots","Inertia Boots","","","Level 9 :","Daring Breach II","","Level 24 :","Toughness","Never Stop Believing","Level 44 :","Carouse","Destroyer","","Boots","Pneumo Boots","Pneumo Boots","Pneumo Boots","Void Veteran Boots","","","Level 9 :","Death Waltz II","","Level 24 :","Agility","Bloody Mess / Get Into Cover!","Level 44 :","Awareness","Degraded Defence","","Boots","Skirmisher Boots","Inertia Boots","Inertia Boots","Inertia Boots","","","Level 9 :","Daring breach II","","Level 24 :","Agility","Drukhari Weapon Prof","Level 44 :","Athletics","Degraded Defence","","Boots","Smirkisher Boots","Inertia Boots","Inertia Boots","Inertia Boots / Stalking Boots","","","","","","","","","","","","","","","","","",""
"","Level 10 :","Impetus","Toughness","Level 25 :","Flashfire","","Level 45 :","AP +1","","","Weapon Set 1","Sol Pattern Chainsword","Carnage","Carnage","Carnage","","","Level 10 :","Dance Partners","Agility","Level 25 :","Master of Torture","","Level 45 :","AP +1","","","Weapon Set 1","Noble Sword","Severed Hand","Sharpened Venom Blade","Imminent Torment","","","Level 10 :","Open Engagement","Strength","Level 25 :","Renitent beacon","","Level 45 :","AP +1","","","Weapon Set 1","Sol Pattern Chainsword","Heavy Maul","Heavy Maul","Tearing Vengeance / Bonecracker","","","Level 10 :","Facing the End","Agility","Level 25 :","Flashfire","","Level 45 :","AP +1","","","Weapon Set 1","Noble Sword","Anver Chainsword","Duelling Sword","Duelling Sword","","","Level 10 :","Impetus","Toughness","Level 25 :","Flashfire","","Level 45 :","AP +1","","","Weapon Set 1","Sol Pattern Chainsword","Epiphany","Epiphany","Tearing Vengeance / Bonecracker","","","Level 10 :","Facing the End","Agility","Level 25 :","Personal Involvement","","Level 45 :","AP +1","","","Weapon Set 1","Noble Sword","Anver Chainsword","Duelling Sword","Duelling Sword","","","Level 10 :","Blade Flurry","Agility","Level 25 :","Imminent Demise","","Level 45 :","AP +1","","","Weapon Set 1","Prisoner's Shank","Interrogators Dagger / Hekatarii Blade ","Interrogators Dagger / Serrated Glimmersteel Blade","Lilaethan's Fury / Interrogators Dagger","","","","","","","","","","","","","","","","","",""
"","Level 11 :","Reckless Strike","Duelling Mastery","Level 26 :","Athletics","Toughness","Level 46 :","Contempt","Carouse","","","Balanced Maul / Power Pick","Epiphany","Epiphany","Tearing Vengence","","","Level 11 :","Acrobatic Artistry","Facing the End","Level 26 :","Agility","Medicae","Level 46 :","Escape Artist","Awareness","","","Wrath of Saint Drusus","Exotic Venom Blade","Blackhaze Venom Blade","Imminent Torment","","","Level 11 :","Reckless Strike","Heavy Armour Proficiency","Level 26 :","Athletics","Toughness","Level 46 :","Easy Target","Carouse","","","Stronghold","Radiant Shield","Heavy Shield","Advanced Shield","","","Level 11 :","Acrobatic Artistry","Rising Tempo","Level 26 :","Medicae","Agility","Level 46 :","Spinning Blades","Awareness","","","Foehammer / Corrupted Inferno Pistol","Needle Pistol / Orthlack-Pattern Stub Revolver","Needle Pistol / Orthlack-Pattern Stub Revolver","Anti-Vehicle Revolver / Daredevil Pistol / Tyrant","","","Level 11 :","Reckless Strike","Duelling Mastery","Level 26 :","Athletics","Toughness","Level 46 :","Desolation","Carouse","","","Foehammer","Ryza-Pattern Foehammer","Bloody Vigil","Sol Pattern Laspistol","","","Level 11 :","Acrobatic Artistry","Dance Partners","Level 26 :","Medicae","Agility","Level 46 :","Rising Tempo","Awareness","","","Wrath of Saint Drusus","Elite Chainsword","","","","","Level 11 :","Reckless Strike","Get off Me!","Level 26 :","Agility","Awareness","Level 46 :","Ramming Speed","Athletics","","","Bloody Pact","Hekatarii Blade ","Hekatarii Blade of Bloodthirst","Hekatarii Blade of Bloodthirst","","","","","","","","","","","","","","","","","",""
"","Level 12 :","Toughness","Carouse","Level 27 :","Steady Superiority IV","","Level 47 :","Desolation","Medicae","","Weapon Set 2","Retobi-Pattern Greatsword","Wrath of the Vile Rabble","Wrath of the Vile Rabble","Well-Maintained Rocksaw","","","Level 12 :","Agility","Awareness","Level 27 :","Carnival of Misery III","","Level 47 :","Duellist","Awareness","","Weapon Set 2","","","","","","","Level 12 :","Toughness","Carouse","Level 27 :","Unyelding Guard II","","Level 47 :","Contempt","Medicae","","Weapon Set 2","Balanced Maul","Epiphany","Emergency Cutter","Well Maintained Rocksaw","","","Level 12 :","Agility","Awareness","Level 27 :","Steady Superiority IV","","Level 47 :","Race Against Death","Demolition","","Weapon Set 2","Wrath of Saint Drusus","Wasteland Twister / Quick-Firing Las Pistol","Heavy Greatsword / Quick-Firing Las Pistol","Righteous Justice / Quick-Firing Las Pistol","","","Level 12 :","Toughness","Carouse","Level 27 :","Steady Superiority IV","","Level 47 :","Contempt","Medicae","","Weapon Set 2","Retobi-Pattern Greatsword","Wrath of the Vile Rabble","Wrath of the Vile Rabble","Well-Maintained Heavy Rock saw","","","Level 12 :","Agility","Awareness","Level 27 :","Orchestrated Firestorm III","","Level 47 :","Guillotine","Awareness","","Weapon Set 2","","","","","","","Level 12 :","Agility","Carouse","Level 27 :","Dispatch II","","Level 47 :","Impetus","Medicae","","Weapon Set 2","","","Bloodseeker Klaive","Djin Blade of Yremeryss","","","","","","","","","","","","","","","","","",""
"","Level 13 :","Reckless Fury","Carouse","Level 28 :","Carouse","Adaptability","Level 48 :","Contempt for the Weak","Toughness","","","","Blade of Sorrow","Blade of Sorrow","","","","Level 13 :","Wounded Beast","Demolition","Level 28 :","Perfect Anatomy","","Level 48 :","Deep Laceration","Agility","","","","","","","","","Level 13 :","Reckless Fury","Carouse","Level 28 :","Resilient beacon","","Level 48 :","Unyielding Resolve","Toughness","","","Stronghold","Radiant Shield","","","","","Level 13 :","Never Stop Believing","Demolition","Level 28 :","Awareness","Adaptability","Level 48 :","Contempt for the Weak","Agility","","","Sol Pattern Chainsword","Hot Shot Lasgun","Begger's Weapon","Begger's Weapon","","","Level 13 :","Crowd Kill","Carouse","Level 28 :","Carouse","Adaptability","Level 48 :","Contempt for the Weak","Toughness","","","","Blade of Sorrow","Blade of Sorrow","","","","Level 13 :","Get off Me!","Demolition","Level 28 :","Against All Odds","","Level 48 :","Support the Advance","Agility","","","","","","","","","Level 13 :","Cautious Disengage","Carouse","Level 28 :","Finesse","Killing Spree","Level 48 :","An Eye for the Unscathed","Agility","","","","","","Insatiable Djin Blade","","","","","","","","","","","","","","","","","",""
"","Level 14 :","Strength","Heavy Armour Proficiency","Level 29 :","Perception","Dual Weapon Specialist","Level 49 :","Perception","Medicae","","","","","","","","","Level 14 :","Perception","Sweeping Motions","Level 29 :","Perception","Medicae","Level 49 :","Perception","Awareness","","","","","","","","","Level 14 :","Toughness","Steel of the forge","Level 29 :","Carouse","Perception","Level 49 :","Strength","Medicae","","","","","","","","","Level 14 :","Perception","Sweeping Motions","Level 29 :","Perception","Stentorian Voice","Level 49 :","Perception","Demolition","","","","","","","","","Level 14 :","Strength","Heavy Armour Proficiency","Level 29 :","Perception","Dual-Weapon Combat","Level 49 :","Strength","Medicae","","","","","","","","","Level 14 :","Perception","Sweeping Motions","Level 29 :","Demolition","Perception","Level 49 :","Perception","Awareness","","","","","","","","","Level 14 :","Perception","Stentorian Voice","Level 29 :","Perception","Athletics","Level 49 :","Perception","Medicae","","","","","","","","","","","","","","","","","","","","","","","",""
"","Level 15 :","Daring Breach IV","","Level 30 :","Kick","","Level 50 :","Eagar for battle","Trusty Weapons","","Optical Insertion","Somatic Insertion","Cortical Insertion","Sinistral Insertion","Dextral Insertion","Musculoskeletal Insertion","","Level 15 :","Death Waltz III","","Level 30 :","Exsanguination","Finesse","Level 50 :","Extermination","Rising Tempo","","Optical Insertion","Somatic Insertion","Cortical Insertion","Sinistral Insertion","Dextral Insertion","Musculoskeletal Insertion","","Level 15 :","Daring Breach IV","","Level 30 :","Forced Distraction","","Level 50 :","Extermination","Hardened Scars","","Optical Insertion","Somatic Insertion","Cortical Insertion","Sinistral Insertion","Dextral Insertion","Musculoskeletal Insertion","","Level 15 :","Death Waltz III","","Level 30 :","Devastating Attack","","Level 50 :","Degraded Defence","It Takes Two","","Optical Insertion","Somatic Insertion","Cortical Insertion","Sinistral Insertion","Dextral Insertion","Musculoskeletal Insertion","","Level 15 :","Daring Breach IV","","Level 30 :","Kick","","Level 50 :","Extermination","Interception","","Optical Insertion","Somatic Insertion","Cortical Insertion","Sinistral Insertion","Dextral Insertion","Musculoskeletal Insertion","","Level 15 :","Death Waltz III","","Level 30 :","Jinx / Stenterian Voice","Fervour","Level 50 :","Extermination","It Takes Two","","Optical Insertion","Somatic Insertion","Cortical Insertion","Sinistral Insertion","Dextral Insertion","Musculoskeletal Insertion","","Level 15 :","Daring Breach IV","","Level 30 :","Death Whisper","","Level 50 :","Extermination","Living Shield","","Optical Insertion","Somatic Insertion","Cortical Insertion","Sinistral Insertion","Dextral Insertion","Musculoskeletal Insertion","","","","","","","","","","","","","","","","",""
"","","","","Level 31 :","Martial Art","","Level 51 :","Focal Point","Medicae","","Focal Emitter MK-I","Galvanic Carapace","","","Galvanic Inductor","","Act 2","","","","Level 31 :","Fragile Playthings","","Level 51 :","Acute Pain","Demolition","","Focal Emitter MK-I","Galvanic Carapace","Telemetric Logis Analyser MKI","Relic Augment","Galvanic Inductor","","Act 2","","","","Level 31 :","Taunting Opportunity","","Level 51 :","Defensive Comrade","Medicae","","Focal Emitter MK-I","Galvanic Carapace","Telemetric Logis Analyser MKI","","","Hydraulic Booster","","","","","Level 31 :","Breaking Attack","","Level 51 :","Preferred Targets","Demolition","","Focal Emitter MK Soldier / MK-I","Adaptive Hemo-Filter MK","Cerebral Inverter MK-I","","","Skullcrushers","Act 2","","","","Level 31 :","Armsmaster","","Level 51 :","Martial Art","Medicae","","Focal Emitter MK-I","Weapon Optimiser MKI","","","","Skullcrushers","Act 2","","","","Level 31 :","Stacking the Deck","","Level 51 :","Logistical Superiority","Demolition","","Focal Emitter MK-I","","","","","Skullcrushers","","","","","Level 31 :","Dual Weapon Combat","Disarray","Level 51 :","Bringer of Doom","Medicae","","Focal Emitter MK-I","Adaptive Hemo-Filter","","","","Skullcrushers","","","","","","","","","","","","","","","","",""
"","","","","Level 32 :","Perception","Carouse","Level 52 :","Preferred Targets","Residual Power","","Focal Emitter MK-I","Galvanic Carapace","","","Galvanic Inductor","","Act 3","","","","Level 32 :","Perception","Demolition","Level 52 :","Race Against Death","Residual Power","","Focal Emitter MK-I","Galvanic Carapace","Telemetric Logis Analyser MKI","Chymist Combat Infuser","Galvanic Inductor","","Act 3","","","","Level 32 :","Perception","Carouse","Level 52 :","Stentorian Voice","Residual Power","","Focal Emitter MK-I","Galvanic Carapace","Telemetric Logis Analyser MKI","","","Hydraulic Booster","","","","","Level 32 :","Perception","Awareness","Level 52 :","Blade in His Hand","Residual Power","","Focal Emitter MK Soldier / MK-I","Adaptive Hemo-Filter MK","Cerebral Inverter MK-I","","Pneumatic Assault Grapple MK-I","Skullcrushers","Act 3","","","","Level 32 :","Perception","Carouse","Level 52 :","Preferred Targets","Residual Power","","Focal Emitter MK-I","Weapon Optimiser MKI","","","","Skullcrushers","Act 3","","","","Level 32 :","Perception","Demolition","Level 52 :","Duellist","Lethal Precision","","Focal Emitter MK-I","","Cerebral Inverter MK 'Tactician'","","","Skullcrushers","","","","","Level 32 :","Athletics","","Level 52 :","Outsmart","Residual Power","","Focal Emitter MK-I","Adaptive Hemo-Filter","Telemetric Logis-Analyser MK-I","Pneumatic Assault Grapple MK-I","","Skullcrushers","","","","","","","","","","","","","","","","",""
"","","","","Level 33 :","Critical Versatility","Perception","Level 53 :","Taunting Scream","Strength","","Focal Emitter MKII","Galvanic Carapace ","Telemetric Logis Analyser MKII","","Motive Blessed Bionic","","Act 4","","","","Level 33 :","Racking Weakness","","Level 53 :","Veil of Blades","Perception","","Focal Emitter MKII","Galvanic Carapace ","Telemetric Logis Analyser MKII","Chymist Combat Infuser","Motive Blessed Bionic","","Act 4","","","","Level 33 :","Taunting Defence","","Level 53 :","Bulwark","Strength","","Focal Emitter MKII","Galvanic Carapace","Telemetric Logis Analyser MKII","Pneumatic Assault Grapple MK II","","Hydraulic Booster","","","","","Level 33 :","Critical Versatility","Perception","Level 53 :","Veil of Blades","Perception","","Focal Emitter MK Soldier / MK-II","Adaptive Hemo-Filter MK","Cerebral Inverter MK-II","","Pneumatic Assault Grapple MK-II","Skullcrushers","Act 4","","","","Level 33 :","Critical Versatility","Perception","Level 53 :","Taunting Scream","Strength","","Focal Emitter MKII","Weapon Optimiser MK AM","","","","Skullcrushers","Act 4","","","","Level 33 :","Brink of Death","","Level 53 :","Strongpoint","Perception","","Focal Emitter MK-II","","Cerebral Inverter MK 'Tactician'","","","Phase Oscillator MK Tactician","","","","","Level 33 :","Seize the Advantage","Perception","Level 53 :","Sworn Enemy","Perception","","Focal Emitter MK-II","Adaptive Hemo-Filter","Telemetric Logis Analyser MK-II","Pneumatic Assault Grapple MK 'Assassin'","Chymist Combat Infuser *optional*","Phase Oscillator MK-II","","","","","","","","","","","","","","","","",""
"","","","","Level 34 :","Perception","Power Armour Proficiency","Level 54 :","Extermination","Accustomed to Glory","","","","","","","","Act 5","","","","Level 34 :","Perception","Get off Me!","Level 54 :","Eager for battle","Anticipation","","","","","","","","Act 5","","","","Level 34 :","Shield Mastery","","Level 54 :","Eager for battle","On your feet!","","","","","","","","","","","","Level 34 :","Strength","Power Armour Proficiency","Level 54 :","Vital Points","Accustomed to Glory","","","","","","","","Act 5","","","","Level 34 :","Perception","Power Armour Proficiency","Level 54 :","Eagar for battle","Distract","","","","","","","","Act 5","","","","Level 34 :","Perception","Be Smart","Level 54 :","Eager for Battle","Stronghold","","","","","","","","","","","","Level 34 :","Aeldari Weapon Prof","","Level 54 :","Peak Condition","Esquive","","","","","","","","","","","","","","","","","","","","","","","",""
"","","","","Level 35 :","Steady Superiority II","","Level 55 :","AP +1","","","","","","","","","","","","","Level 35 :","Carnival of Misery IV","","Level 55 :","AP +1","","","","","","","","","","","","","Level 35 :","Unyelding Guard III","","Level 55 :","AP +1","","","","","","","","","","","","","Level 35 :","Steady Superiority II","","Level 55 :","AP +1","","","","","","","","","","","","","Level 35 :","Steady Superiority II","","Level 55 :","AP +1","","","","","","","","","","","","","Level 35 :","Orchestrated Firestorm II","","Level 55 :","AP +1","","","","","","","","","","","","","Level 35 :","Dispatch III","","Level 55 :","AP +1","","","","","","","","","","","","","","","","","","","","","","","","",""
"","Arch-Cardinal ","","","","","","","","","","Skill Options","","","","","","","God Emperor's Wrath","","","","","","","","","","Skill Options","","","","","","","Every Shell a Prayer","","","","","","","","","","Skill Options","","","","","","","Argenta at Home","","","","","","","","","","Skill Options","","","","","","","High Lord of Terra","","","","","","","","","","Skill Options","","","","","","","Arc Bishop","","","","","","","","","","Skill Options","","","","","","","Ecclesiarchy Hierophant","","","","","","","","","","Skill Options","","","","","","","","","","","","","","","","","","","","","",""
"","Death World - Ministorum Priest - Bladedancer - Weapon Skill +2 - Agility +2 - Perception +2","","","","","","","","","","Medicae / Demolition","","","","","","","Fortress World - Ministorum Priest - Soldier - Ballistic Skill +2 / Agility +2 / Perception +1 / Willpower +1","","","","","","","","","","Demolition / Awareness","","","","","","","Fortress World - Ministorum Priest - Soldier - Ballistic Skill +2 / Agility +2 / Perception +1 / Willpower +1","","","","","","","","","","Demolition / Awareness","","","","","","","Fortress World - Ministorum Priest - Soldier - Ballistic Skill +2 / Agility +2 / Perception +1 / Willpower +1","","","","","","","","","","Demolition / Awareness","","","","","","","Death World - Ministorum Priest - Warrior - Weapon Skill +2 / Strength +1 / Agility +1 / Perception +2","","","","","","","","","","Medicae / Athletics / Demolition / Carouse","","","","","","","Voidborn - Ministorum Priest - Soldier - Ballistic Skill +2 / Intelligence +2 / Perception +1 / Willpower +1","","","","","","","","","","Demolition / Awareness","","","","","","","Fortress World - Priest - Soldier - Ballistic Skill +2 / Agility +2 / Perception +1 / Willpower +1","","","","","","","","","","Demolition / Awareness","","","","","","","","","","","","","","","","","","","","","",""
"","Blade Dancer","","","Executioner","","","Exemplar","","","","","","","","","","","Soldier","","","Master Tactician","","","Exemplar","","","","","","","","","","","Soldier","","","Arch-Militant","","","Exemplar","","","","","","","","","","","Soldier","","","Arch-Militant","","","Exemplar","","","","","","","","","","","Warrior","","","Executioner","","","Exemplar","","","","","","","","","","","Soldier","","","Master Tactician","","","Exemplar","","","","","","","","","","","Soldier","","","Bounty Hunter","","","Exemplar","","","","","","","","","","","","","","","","","","","","","","","","","",""
"","Level 1 :","Blade Dance","","Level 16 :","Forced Repentance","Scourging Strike + Where it hurts","Level 36 :","Peak Condition","Guillotine","","Gear to consider","Act 1","Act 2","Act 3","Act 4","Act 5","","Level 1 :","Run and Gun","","Level 16 :","Tactical Advantage","Press The Advantage","Level 36 :","Masterful Display","Rack and Ruin","","Gear to consider","Act 1","Act 2","Act 3","Act 4","Act 5","","Level 1 :","Run and Gun","","Level 16 :","Versatility","","Level 36 :","Degraded Defence","Demolition Engineer","","Gear to consider","Act 1","Act 2","Act 3","Act 4","Act 5","","Level 1 :","Run and Gun","","Level 16 :","Versatility","","Level 36 :","Degraded Defence","Rack and Ruin","","Gear to consider","Act 1","Act 2","Act 3","Act 4","Act 5","","Level 1 :","Charge","","Level 16 :","Forced Repentance","Scourging Strike + Where it hurts","Level 36 :","Peak Condition","Easy Target","","Gear to consider","Act 1","Act 2","Act 3","Act 4","Act 5","","Level 1 :","Run and Gun","","Level 16 :","Tactical Advantage","Press The Advantage","Level 36 :","Masterful Display","Rack and Ruin","","Gear to consider","Act 1","Act 2","Act 3","Act 4","Act 5","","Level 1 :","Run and Gun","","Level 16 :","Hunt Down The Prey","","Level 36 :","Degraded Defence","Alacrity","","Gear to consider","Act 1","Act 2","Act 3","Act 4","Act 5","","","","","","","","","","","","","","","","",""
"","Level 2 :","Medicae","","Level 17 :","Pain Resonance","","Level 37 :","Medicae","All-Encompassing Agony","","Helm","Face of the soverign ","Mechanicus Respirator","Carmine Crown","Carmine Crown","","","Level 2 :","Medicae","","Level 17 :","Linchpin","","Level 37 :","Demolition","Undisputed Advantage","","Helm","","Sniper's Bravado / Self-Calibrating goggles","Sniper's Bravado / Self-Calibrating goggles","Sniper's Bravado / Self-Calibrating Helm","","","Level 2 :","Medicae","","Level 17 :","Wild Fire","","Level 37 :","Awareness","Exploit Weakness","","Helm","Pinpointing Visor","Gunslinger's Helm","Gunslinger's Helm","Gunslinger's Helm","","","Level 2 :","Medicae","","Level 17 :","Reckless Rush","","Level 37 :","Awareness","Dismantle","","Helm","Pinpoint Visor","Gunslinger's Helm","Gunslinger's Helm","Gunslinger's Helm","","","Level 2 :","Medicae","","Level 17 :","Pain Resonance","","Level 37 :","Medicae","All-Encompassing Agony","","Helm","","Mechanicus Respirator","Mechanicus Respirator","Carmine Crown","","","Level 2 :","Medicae","","Level 17 :","Linchpin","","Level 37 :","Awareness","Undisputed Advantage","","Helm","Tactical Goggles","Peripheral Visor","Peripheral Visor","Peripheral Visor","","","Level 2 :","Medicae","","Level 17 :","Claim the Bounty","","Level 37 :","Awareness","Withdraw","","Helm","Pinpointing Visor","Gunslinger's Helm","Gunslinger's Helm","Gunslinger's Helm","","","","","","","","","","","","","","","","","",""
"","Level 3 :","Death From Above","","Level 18 :","Anatomy Expert","","Level 38 :","Weapon Skill","Power Armour Proficiency","","Armour","Death World Light Flak Armour","Death World Enforcer's Light carapace","Death World Enforcer's Light carapace","Death World Enforcer's Light carapace","","","Level 3 :","Revel in Slaughter","","Level 18 :","Reliance","","Level 38 :","Ballistic Skill","Lethal Precision","","Armour","Death World Light Flak Armour","Death World Enforcer Light Carapace","Death World Enforcer Light Carapace","Hive World Origin Voidsmen Armour","","","Level 3 :","Revel in Slaughter","","Level 18 :","Always Ready","","Level 38 :","Ballistic Skill","Residual Power","","Armour","Synskin","Death World Enforcer Light Carapace","Death World Enforcer Light Carapace","Hive World Origin Voidsmen Armour","","","Level 3 :","Revel in Slaughter","","Level 18 :","Always Ready","","Level 38 :","Ballistic Skill","Residual Power","","Armour","Death World Light Flak Armour","Death World Enforcer light carpace","Adherent of Mankind","Artificer Power Armour","","","Level 3 :","Endure","","Level 18 :","Anatomy Expert","","Level 38 :","Weapon Skill","Power Armour Proficiency","","Armour","","Death World Origin Enforcer's Light carapace","Death World Origin Enforcer's Light carapace","Adherent of Mankind","","","Level 3 :","Revel in Slaughter","","Level 18 :","Reliance","","Level 38 :","Ballistic Skill","Staggering Jolt","","Armour","Death World Light Flak Armour","Breacher Armour","Breacher Armour","Hive World Origin Voidsmen Armour","","","Level 3 :","Revel in Slaughter","","Level 18 :","Hunting Surge","","Level 38 :","Ballistic Skill","Grenadier","","Armour","Death World Light Flak Armour","Death World Enforcer's Light Carapace","Death World Enforcer's Light Carapace","Death World Enforcer's Light Carapace","","","","","","","","","","","","","","","","","",""
"","Level 4 :","Death Waltz","Death Warden","Level 19 :","Carnival of Misery","","Level 39 :","Captive Audience","Medicae","","Cloak","Reaper Cape","Pack of Reagents","Pack of Reagents","Pack of Reagents","","","Level 4 :","Firearm Mastery","Point-Blank","Level 19 :","Orchestrated Firestorm","","Level 39 :","Entrench","Demolition","","Cloak","Camouflage Robe","Cape of Righteous Fury","Cape of Righteous Fury","Cape of Righteous Fury","","","Level 4 :","Firearm Mastery","Point-Blank","Level 19 :","Steady Superiority","","Level 39 :","Entrench","Demolition","","Cloak","Camouflage Robe","Cape of Righteous Fury","Tactical Backpack","Tactical Backpack","","","Level 4 :","Firearm Mastery","Point-Blank","Level 19 :","Steady Superiority","","Level 39 :","Entrench","Demolition","","Cloak","Camouflage Robe","Cape of Righteous Fury","Tactical Backpack","Tactical Backpack","","","Level 4 :","Daring Breach","Rigorous Training","Level 19 :","Carnival of Misery","","Level 39 :","Sworn Enemy","Medicae","","Cloak","","Malpain Shroud","Malpain Shroud","Malpain Shroud","","","Level 4 :","Firearm Mastery","Muzzle Velocity","Level 19 :","Orchestrated Firestorm","","Level 39 :","Controlled Shot","Awareness","","Cloak","Camouflage Robe","Tactical Backpack","Tactical Backpack","Cape of Righteous Fury","","","Level 4 :","Firearm Mastery","Muzzle Velocity","Level 19 :","Wild Hunt","","Level 39 :","Entrench / Dash","Awareness","","Cloak","Camouflage Robe","Tactical Backpack","Tactical Backpack","Tepestus Elite Carapace Backpack","","","","","","","","","","","","","","","","","",""
"","Level 5 :","Duelling Mastery","Weapon Skill","Level 20 :","AP +1","Weapon Skill","Level 40 :","Destroyer","Deep Laceration","","Neck","","Anatomist's Amulet","Anatomist's Amulet","The Vial of Falstow","","","Level 5 :","Ballistic Skill","Rapid Reload","Level 20 :","Ap +1","Ballistic Skill","Level 40 :","Deathdealer","Personal Involvement","","Neck","","Focus Incence / Dog Tags","Focus Incence / Dog Tags","Focus Incence / Dog Tags","","","Level 5 :","Ballistic Skill","Rapid Reload","Level 20 :","Ap +1","Ballistic Skill","Level 40 :","Deadly Aim","Distract","","Neck","","Blessed Bolter Casing","Blessed Bolter Casing","Blessed Bolter Casing","","","Level 5 :","Ballistic Skill","Rapid Reload","Level 20 :","Ap +1","Ballistic Skill","Level 40 :","Deadly Aim","Exploit Weakness","","Neck","","Blessed Bolter Casing","Blessed Bolter Casing","Blessed Bolter Casing","","","Level 5 :","Desolation","Weapon Skill","Level 20 :","AP +1","Weapon Skill","Level 40 :","Destroyer","Deep Laceration","","Neck","","Invigorating Resolve","Invigorating Resolve","Invigorating Resolve","","","Level 5 :","Ballistic Skill","Rapid Reload","Level 20 :","Ap +1","Ballistic Skill","Level 40 :","Deathdealer","Dawn of Victory","","Neck","","Blessed Bolter Casing","Blessed Bolter Casing","Onslaught Amulet","","","Level 5 :","Ballistic Skill","Rapid Reload","Level 20 :","AP +1 - Ballistic Skill","Hail of Steel","Level 40 :","Deadly Aim","Hunter's Ambush","","Neck","","Blessed Bolter Casing / Dog tags","Blessed Bolter Casing / Dog tags","Blessed Bolter Casing / Dog tags","","","","","","","","","","","","","","","","","",""
"","Level 6 :","Blood Oath","Medicae","Level 21 :","Weapon Skill","Sower of Distress","Level 41 :","Weapon Skill","Grand Performance","","Accessory 1","Blooddrinker","Chirurgeon's Manual","Chirurgeon's Manual","Voidborn's Pride","","","Level 6 :","Ballistic Skill","Concentrated Fire","Level 21 :","Ballistic Skill","Joint Offensive","Level 41 :","Ballistic Skill","Enough Bullets for Everyone","","Accessory 1","Mark of the Ruler","Chains of Domination","Chains of Domination","Chains of Domination","","","Level 6 :","Ballistic Skill","Rapid Fire","Level 21 :","Flashfire","Ballistic Skill","Level 41 :","Ballistic Skill","Rack and Ruin","","Accessory 1","Mark of the Ruler","Chains of Domination","Chains of Domination","Chains of Domination","","","Level 6 :","Ballistic Skill","Rapid Fire","Level 21 :","Heavy Gunner","Ballistic Skill","Level 41 :","Ballistic Skill","Demolition Engineer","","Accessory 1","Mark of the Ruler","Chains of Domination","Chains of Domination","Chains of Domination","","","Level 6 :","Break Through","Medicae","Level 21 :","Weapon Skill","Does it Hurt?","Level 41 :","Weapon Skill","Impetus","","Accessory 1","","Hadd-pattern Dataloom","Iron Cape","Voidborn's Pride / Iron Cape","","","Level 6 :","Ballistic Skill","Rapid Fire","Level 21 :","Ballistic Skill","Joint Offensive","Level 41 :","Ballistic Skill","Enough Bullets for Everyone","","Accessory 1","Book of war prayers","Chains of Domination","Chains of Domination","Chains of Domination","","","Level 6 :","Ballistic Skill","Rapid Fire","Level 21 :","Ballistic Skill","Heightened Concentration","Level 41 :","Ballistic Skill","Point-Blank","","Accessory 1","","Chains of Domination","Chains of Domination","Chains of Domination","","","","","","","","","","","","","","","","","",""
"","Level 7 :","Weapon Skill","Blood Rush","Level 22 :","Reckless Abandon","","Level 42 :","Terrifying Strike","Agility","","Accessory 2","","Diagnostor","Diagnostor","Diagnostor","","","Level 7 :","Agility","Flame Weapon Prof","Level 22 :","Inspire","","Level 42 :","Finish the Job","Agility","","Accessory 2","Book of war prayers","Enemy Finder","Enemy Finder","Demolition Instructions","","","Level 7 :","Agility","Litany of Hatred","Level 22 :","Reckless Rush","Flame Weapon Proficiency","Level 42 :","Kick","Agility","","Accessory 2","Book of war prayers","Enemy Finder","Enemy Finder","Bead of Might","","","Level 7 :","Agility","Litany of Hatred","Level 22 :","Wild Fire","Breaking Point","Level 42 :","Kick","Agility","","Accessory 2","Book of war prayers","Enemy Finder","Enemy Finder","Bead of Might","","","Level 7 :","Weapon Skill","Litany of Hatred","Level 22 :","Reckless Abandon","","Level 42 :","Terrifying Strike","Agility","","Accessory 2","","Diagnostor","Diagnostor","Bead of Might","","","Level 7 :","Agility","Litany of Hatred","Level 22 :","Inspire","","Level 42 :","Finish the Job","Intelligence","","Accessory 2","Metronome","Saint Cognacius' Scriptures","Long-Range Aim Lens","Long-Range Aim Lens","","","Level 7 :","Agility","Litany of Hatred","Level 22 :","Cull the bold","","Level 42 :","Piercing Shot","Agility","","Accessory 2","","Enemy Finder","Enemy Finder","Enemy Finder","","","","","","","","","","","","","","","","","",""
"","Level 8 :","Demolition","Wounded Beast","Level 23 :","Does it Hurt?","Medicae","Level 43 :","Unbearable Presence","Lethal Precision","","Gloves","Gloves of Endurance","Augmented Gloves","Augmented Gloves","Augmented Gloves","","","Level 8 :","Demolition Engineer","Demolition","Level 23 :","Unwavering Motivation","Demolition","Level 43 :","Liturgy of Insulation","Calculated Resolve","","Gloves","Stabilising Bracers","Marksman Bracers","Marksman Bracers","Current Amplifiers / Marksman Bracers","","","Level 8 :","Unfaltering Fire","Awareness","Level 23 :","Demolition","All out","Level 43 :","Ingenious","High Resistance","","Gloves","Stabilising Bracers","Recoil Gloves","Recoil Gloves","Compensator Gloves","","","Level 8 :","Unfaltering Fire","Awareness","Level 23 :","Demolition","Flashfire","Level 43 :","Ingenious","High Resistance","","Gloves","Relished Anguish","Recoil Gloves","Recoil Gloves","Compensator Gloves","","","Level 8 :","Athletics","Shearing Strikes","Level 23 :","Sower of Distress","Medicae","Level 43 :","Unbearable Presence","Lethal Precision","","Gloves","","Augmented Gloves","Augmented Gloves","The Hand of Avolius","","","Level 8 :","Unfaltering Fire","Awareness","Level 23 :","Unwavering Motivation","Lore Imperium","Level 43 :","Brink of Death","Lethal Precision","","Gloves","Sniper Gloves","Recoil Wargloves","Marksman Bracers","Marksman Bracers / Compensator Gloves","","","Level 8 :","Unfaltering Fire","Demolition","Level 23 :","Flay the bold","Awareness","Level 43 :","Pierce and Ruin","Calculated Resolve","","Gloves","Stabilising Bracers","Recoil Gloves","Gloves of rapid desolation","Compensator Gloves","","","","","","","","","","","","","","","","","",""
"","Level 9 :","Death Waltz II","","Level 24 :","Agility","Flensing Faith","Level 44 :","Awareness","Degraded Defence","","Boots","Smirkisher Boots","Inertia Boots","Inertia Boots","Inertia Boots","","","Level 9 :","Firearm Mastery I","","Level 24 :","Agility","Overclocking Module","Level 44 :","Awareness","Degraded Defence","","Boots","Warmonger Boots","Breezecatcher boots","Breezecatcher boots","Caligae of Saint Keefe","","","Level 9 :","Firearm Mastery II","","Level 24 :","Agility","Flame Weapon Expert","Level 44 :","Demolition","Vital Points","","Boots","Warmonger Boots","Breezecatcher boots","Recoil War boots","Caligae of Saint Keefe","","","Level 9 :","Firearm Mastery II","","Level 24 :","Agility","Overpower","Level 44 :","Demolition","Extermination","","Boots","Warmonger Boots","Breezecatcher boots","Recoil War boots","Caligae of Saint Keefe","","","Level 9 :","Daring breach II","","Level 24 :","Agility","Base Skill: Medicae","Level 44 :","Athletics","Degraded Defence","","Boots","","Inertia Boots","Inertia Boots","Void Veteran Boots","","","Level 9 :","Firearm Mastery II","","Level 24 :","Perception","Be Smart","Level 44 :","Lore Imperium","Degraded Defence","","Boots","Skirmisher Boots","Warmonger Boots","Warmonger Boots","Caligae of Saint Keefe","","","Level 9 :","Firearm Mastery II","","Level 24 :","Agility","Flame Weapon Proficiency","Level 44 :","Demolition","Extermination","","Boots","Warmonger Boots","Warmonger Boots","Recoil War boots","Caligae of Saint Keefe","","","","","","","","","","","","","","","","","",""
"","Level 10 :","Facing the End","Agility","Level 25 :","Master of Torture","","Level 45 :","AP +1","","","Weapon Set 1","Noble Sword","Anver Chainsword","","Sol Pattern Elite Power Sword","","","Level 10 :","Fired Up","Agility","Level 25 :","Against All Odds","","Level 45 :","AP +1","","","Weapon Set 1","Arc Rifle","Alpha's Arc Rifle","Alpha's Arc Rifle","Arch Rfile Mindstorm/ Corpuscarii Oath","","","Level 10 :","Fired Up","Agility","Level 25 :","Adaptability","","Level 45 :","AP +1","","","Weapon Set 1","Modified Bolter","Storm Bolter","Storm Bolter","Hymn of Vehemence","","","Level 10 :","Fired Up","Agility","Level 25 :","All out","","Level 45 :","AP +1","","","Weapon Set 1","Modified Bolter","Heavy Bolter","Heavy Bolter","Improved Heavy Bolter","","","Level 10 :","Open Engagement","Agility","Level 25 :","Master of Torture","","Level 45 :","AP +1","","","Weapon Set 1","","Epiphany","Epiphany","Auto-Striking Power Sword","","","Level 10 :","Alacrity","Agility","Level 25 :","Hidden Advantage","","Level 45 :","AP +1","","","Weapon Set 1","Arc Rifle","Alpha's Arc Rifle","Alpha's Arc Rifle","Arch Rfile Mindstorm / Corpuscarii Oath","","","Level 10 :","Demolition Engineer","Agility","Level 25 :","Cut to the Chase","","Level 45 :","AP +1","","","Weapon Set 1","Modified Bolter","Storm Bolter / Precise Bolter","Storm Bolter","Hymn of Vehemence","","","","","","","","","","","","","","","","","",""
"","Level 11 :","Acrobatic Artistry","Dance Partners","Level 26 :","Agility","Medicae","Level 46 :","Escape Artist","Awareness","","","Wrath of Saint Drusus","Karkalla's Honour","","Auto-Striking Power Sword","","","Level 11 :","Dash","Demolition","Level 26 :","Demolition","Agility","Level 46 :","Fortress","Awareness","","","","","","","","","Level 11 :","Concentrated Fire","Awareness","Level 26 :","Demolition","Agility","Level 46 :","Muzzle Velocity","Demolition","","","","","","","","","Level 11 :","Concentrated Fire","Awareness","Level 26 :","Demolition","Agility","Level 46 :","Muzzle Velocity","Demolition","","","","","","","","","Level 11 :","Reckless Strike","Flensing Faith","Level 26 :","Agility","Medicae","Level 46 :","Ramming Speed","Athletics","","","","Carnage","Carnage","Tearing Vengence","","","Level 11 :","Dash","Lore Imperium","Level 26 :","Lore Imperium","Intelligence","Level 46 :","Fortress","Lore Imperium","","","","","","","","","Level 11 :","Concentrated Fire","Awareness","Level 26 :","Awareness","Agility","Level 46 :","Rack and Ruin","Demolition","","","","","","","","","","","","","","","","","","","","","","","",""
"","Level 12 :","Agility","Demolition","Level 27 :","Carnival of Misery III","","Level 47 :","Duellist","Awareness","","Weapon Set 2","","","","Righteous Justice","","","Level 12 :","Perception","Litany of Hatred","Level 27 :","Orchestrated Firestorm II","","Level 47 :","Tenderise","Awareness","","Weapon Set 2","Flamer","Infernical","Vindictor Flamer","Insatiable / Mars Pattern Flamer","","","Level 12 :","Perception","Never Stop Believing","Level 27 :","Steady Superiority IV","","Level 47 :","Enough Bullets for Everyone","Awareness","","Weapon Set 2","Blast Wave","Infernical","","Mars-Pattern Flamer","","","Level 12 :","Strength","Never Stop Believing","Level 27 :","Steady Superiority IV","","Level 47 :","Enough Bullets for Everyone","Awareness","","Weapon Set 2","Blast Wave","Nullifying Shotgun","Mars Pattern Shotgun","Scoped Shotgun","","","Level 12 :","Agility","Athletics","Level 27 :","Carnival of Misery III","","Level 47 :","Crowd Kill","Demolition","","Weapon Set 2","","","","Well-Maintained Rocksaw","","","Level 12 :","Perception","Bolt Weapon Proficiency","Level 27 :","Orchestrated Firestorm II","","Level 47 :","Camraderie","Lore Xenos","","Weapon Set 2","Modified Bolter","Storm Bolter","Storm Bolter","Hymn of Vehemence","","","Level 12 :","Perception","Never Stop Believing","Level 27 :","Wild Hunt II","","Level 47 :","Enough Bullets for Everyone","Demolition","","Weapon Set 2","Blast Wave","Infernical","","Mars-Pattern Flamer","","","","","","","","","","","","","","","","","",""
"","Level 13 :","Litany of Hatred","Awareness","Level 28 :","Perfect Anatomy","","Level 48 :","Invigorating Screams","Agility","","","","","","","","","Level 13 :","Swift Slaughter","Tenets of Retribution","Level 28 :","Dawn of Victory","","Level 48 :","Tactical Respite","Agility","","","","","","","","","Level 13 :","Swift Slaughter","Bolt weapon Proficiency","Level 28 :","Awareness","Critical Versatility","Level 48 :","Contempt for the weak","Agility","","","","","","","","","Level 13 :","Alacrity","Bolt weapon Proficiency","Level 28 :","Awareness","Adaptability","Level 48 :","Distract","Agility","","","","","","","","","Level 13 :","Blade Flurry","Demolition","Level 28 :","Perfect Anatomy","","Level 48 :","Sickening Pain","Agility","","","","","","","","","Level 13 :","Fired Up","Tenets of Retribution","Level 28 :","Personal Involvement","","Level 48 :","Support the Advance","Intelligence","","","","","","","","","Level 13 :","Fired Up","Bolt Weapon Proficiency","Level 28 :","Inspiring Trophy","","Level 48 :","Gruesome Kill","Agility","","","","","","","","","","","","","","","","","","","","","","","",""
"","Level 14 :","Toughness","Sweeping Motions","Level 29 :","Toughness","Demolition","Level 49 :","Perception","Awareness","","","","","","","","","Level 14 :","Never Stop Believing","Awareness","Level 29 :","Awareness","Perception","Level 49 :","Perception","Medicae","","","","","","","","","Level 14 :","Tenets of Retribution","Demolition","Level 29 :","Perception","Hail of Steel","Level 49 :","Perception","Medicae","","","","","","","","","Level 14 :","Heavy Weapon Profciency","Demolition","Level 29 :","Perception","Tenets of Retribution","Level 49 :","Perception","Medicae","","","","","","","","","Level 14 :","Strength","Duelling Mastery","Level 29 :","Strength","Athletics","Level 49 :","Strength / Perception","Demolition","","","","","","","","","Level 14 :","Liturgy of Insulation","Lore Imperium","Level 29 :","Awareness","Intelligence","Level 49 :","Perception","Lore Xenos","","","","","","","","","Level 14 :","Tenets of Retribution","Awareness","Level 29 :","Demolition","Perception","Level 49 :","Perception","Medicae","","","","","","","","","","","","","","","","","","","","","","","",""
"","Level 15 :","Death Waltz III","","Level 30 :","Exsanguination","Characteristic Training: Perception","Level 50 :","Extermination","Rising Tempo","","Optical Insertion","Somatic Insertion","Cortical Insertion","Sinistral Insertion","Dextral Insertion","Musculoskeletal Insertion","","Level 15 :","Firearm Mastery IV","","Level 30 :","Staggering Jolt","Fervour","Level 50 :","Know-It-All","Camraderie / Flensing Faith","","Optical Insertion","Somatic Insertion","Cortical Insertion","Sinistral Insertion","Dextral Insertion","Musculoskeletal Insertion","","Level 15 :","Firearm Mastery III","","Level 30 :","Devastating Attack","","Level 50 :","Extermination","Fortress","","Optical Insertion","Somatic Insertion","Cortical Insertion","Sinistral Insertion","Dextral Insertion","Musculoskeletal Insertion","","Level 15 :","Firearm Mastery III","","Level 30 :","Devastating Attack","","Level 50 :","Vital Points","Intregrity","","Optical Insertion","Somatic Insertion","Cortical Insertion","Sinistral Insertion","Dextral Insertion","Musculoskeletal Insertion","","Level 15 :","Daring Breach IV","","Level 30 :","Exsanguination","Characteristic Training: PER","Level 50 :","Extermination","Litany of Purification","","Optical Insertion","Somatic Insertion","Cortical Insertion","Sinistral Insertion","Dextral Insertion","Musculoskeletal Insertion","","Level 15 :","Firearm Mastery I","","Level 30 :","Overclocking Module","Fervour","Level 50 :","Know-It-All","Integrity","","Optical Insertion","Somatic Insertion","Cortical Insertion","Sinistral Insertion","Dextral Insertion","Musculoskeletal Insertion","","Level 15 :","Firearm Mastery I","","Level 30 :","Flame Weapon Expert","Ensnare the Prey","Level 50 :","Vital Points","Fortress","","Optical Insertion","Somatic Insertion","Cortical Insertion","Sinistral Insertion","Dextral Insertion","Musculoskeletal Insertion","","","","","","","","","","","","","","","","",""
"","","","","Level 31 :","Fragile Playthings","","Level 51 :","Acute Pain","Awareness","","Focal Emitter MK-I","Neural System Graft MK Warrior","","","Chymist Combat Infuser MK Soldier","","Act 2","","","","Level 31 :","Stacking the Deck","","Level 51 :","Support the Advance","Medicae","","","Weapon Optimiser MK-I","","","","","Act 2","","","","Level 31 :","Breaking Attack","","Level 51 :","Preferred Targets","Medicae","","","Weapon Optimiser MKI","","","Hand of the Righteous","","Act 2","","","","Level 31 :","Breaking Attack","","Level 51 :","Contempt for the weak","Medicae","","","Weapon Optimiser MKI","","","Hand of the Righteous","","Act 2","","","","Level 31 :","Fragile Playthings","","Level 51 :","Acute Pain","Demolition","","Focal Emitter MKI","Galvanic Carapace","","","Relic Augment","Phase Oscillator MK-I","Act 2","","","","Level 31 :","Stacking the Deck","","Level 51 :","Bloody Mess","Lore Xenos","","","Weapon Optimiser MK-I","","","Hand of the Righteous","","Act 2","","","","Level 31 :","Pierce the Armour","","Level 51 :","Share the Spoils","Medicae","","","Weapon Optimiser MK-I","","","Hand of the Righteous","","","","","","","","","","","","","","","","","",""
"","","","","Level 32 :","Perception","Demolition","Level 52 :","Race Against Death","Residual Power","","Focal Emitter MK-I","Neural System Graft MK Warrior","","","Chymist Combat Infuser","","Act 3","","","","Level 32 :","Perception","Awareness","Level 52 :","Integrity / Alacrity","Echopulse","","","Weapon Optimiser MK-I","Cerebral Inverter MK Tactician","","","","Act 3","","","","Level 32 :","Perception","Awareness","Level 52 :","Accustomed to Glory","Motive-Force Overload","","","Weapon Optimiser MKI","","","Hand of the Righteous","","Act 3","","","","Level 32 :","Perception","Awareness","Level 52 :","Preferred Targets","Motive Force Overload","","","Weapon Optimiser MKI","","","Hand of the Righteous","","Act 3","","","","Level 32 :","Perception","Athletics","Level 52 :","Battle of Attrition ","Calculated Resolve","","Focal Emitter MKI","Galvanic Carapace","","Pneumatic Assault Grapple MK 'Warrior'","Chymist Combat Infuser","Phase Oscillator MK-I","Act 3","","","","Level 32 :","Perception","Awareness","Level 52 :","Jinx","Calculated Resolve","","","Weapon Optimiser MK-I","Cerebral Inverter MK Tactician","","Hand of the Righteous","","Act 3","","","","Level 32 :","Perception","Demolition","Level 52 :","Savour the Kill","Residual Power","","","Weapon Optimiser MK-I","","","Hand of the Righteous","","","","","","","","","","","","","","","","","",""
"","","","","Level 33 :","Racking Weakness","","Level 53 :","Veil of Blades","Perception","","Focal Emitter MKII","Neural System Graft MKII","Telemetric Logis ANalyser MK II","","Chymist Combat Infuser","","Act 4","","","","Level 33 :","Brink of Death","","Level 53 :","Controlled Shot","Perception","","Focal Emitter MK Soldier","Weapon Optimiser MK-II","Cerebral Inverter MK Tactician","","","","Act 4","","","","Level 33 :","Dismantle","Perception","Level 53 :","Controlled Shot","Perception","","Focal Emitter MK Soldier","Weapon Optimiser MK AM","","","Hand of the Righteous","","Act 4","","","","Level 33 :","Critical Versatility","Strength","Level 53 :","Controlled Shot","Perception","","Focal Emitter MK Soldier","Weapon Optimiser MK AM","","","Hand of the Righteous","","Act 4","","","","Level 33 :","Racking Weakness","","Level 53 :","Forceful Strike","Strength / Perception","","Focal Emitter MK-II","Galvanic Carapace","Telemetric Logis Analyser MKII","Pneumatic Assault Grapple MK 'Warrior'","Chymist Combat Infuser","Phase Oscillator MK-II","Act 4","","","","Level 33 :","Against All Odds","","Level 53 :","Entrench","Perception","","Focal Emitter MK Soldier","Weapon Optimiser MK-II","Cerebral Inverter MK Tactician","","Hand of the Righteous","Phase Oscillator MK Tactician","Act 4","","","","Level 33 :","Expert Finesse","","Level 53 :","Controlled Shot","Perception","","Focal Emitter MK Soldier","Weapon Optimiser MK-II","Telemetric Logis-Analyser MK-II","","Hand of the Righteous","","","","","","","","","","","","","","","","","",""
"","","","","Level 34 :","Perception","Litany of Purification","Level 54 :","Eager for battle","Anticipation","","","","","","","","Act 5","","","","Level 34 :","Perception","Residual Charge","Level 54 :","VItal Points","Forewarning","","","","","","","","Act 5","","","","Level 34 :","Willpower","Litany of Purification","Level 54 :","Eager for Battle","Intregrity","","","","","","","","Act 5","","","","Level 34 :","Strength","Power Armour Proficiency","Level 54 :","Eager for battle","Accustomed to Glory","","","","","","","","Act 5","","","","Level 34 :","Perception","Advanced Skill: Medicae","Level 54 :","Eager for battle","Internal Bleeding","","","","","","","","Act 5","","","","Level 34 :","Perception","Residual Charge","Level 54 :","Vital Points","Swift SLaughter","","","","","","","","Act 5","","","","Level 34 :","Litany of Purification","","Level 54 :","Eager for Battle","Integrity","","","","","","","","","","","","","","","","","","","","","","","",""
"","","","","Level 35 :","Carnival of Misery IV","","Level 55 :","AP +1","","","","","","","","","","","","","Level 35 :","Orchestrated Firestorm III","","Level 55 :","AP +1","","","","","","","","","","","","","Level 35 :","Steady Superiority II","","Level 55 :","AP +1","","","","","","","","","","","","","Level 35 :","Steady Superiority II","","Level 55 :","AP +1","","","","","","","","","","","","","Level 35 :","Carnival of Misery I","","Level 55 :","AP +1","","","","","","","","","","","","","Level 35 :","Orchestrated Firestorm III","","Level 55 :","AP +1","","","","","","","","","","","","","Level 35 :","Wild Hunt I","","Level 55 :","AP +1","","","","","","","","","","","","","","","","","","","","","","","","",""
"","Highborn Noble","","","","","","","","","","Skill Options","","","","","","","Universe. Serves Me.","","","","","","","","","","Skill Options","","","","","","","","","","","","","","","","","","","","","","","","","","","","","","","","","","","","","","","","","","","","","","","","","","","","","","","","","","","","","","","","","","","","","","","","","","","","","","","","","","","","","","","","","","","","","","","","","","","","","","","","","","",""
"","Voidborn - Noble - Officer - Ballistic Skill + 2 / Intelligence + 2 / Perception + 2","","","","","","","","","","Fellowship / Intelligence","","","","","","","Imperial (Fellowship) - Noble - BS +2 / Agility +2 / Fellowship +2","","","","","","","","","","","","","","","","","","","","","","","","","","","","","","","","","","","","","","","","","","","","","","","","","","","","","","","","","","","","","","","","","","","","","","","","","","","","","","","","","","","","","","","","","","","","","","","","","","","","","","","","","","","","","","","","","","","","",""
"","Officer","","","Grand Strategist","","","Exemplar","","","","","","","","","","","Officer","","","Overseer","","","Exemplar","","","","","","","","","","","","","","","","","","","","","","","","","","","","","","","","","","","","","","","","","","","","","","","","","","","","","","","","","","","","","","","","","","","","","","","","","","","","","","","","","","","","","","","","","","","","","","","","","","","","","","","","","","","","","","",""
"","Level 1 :","Voice Of Command","","Level 16 :","Combat Tactics","","Level 36 :","Firebrand","Seize the Initiative","","Gear to consider","Act 1","Act 2","Act 3","Act 4","Act 5","","Level 1 :","Voice Of Command","","Level 16 :","Servo-Skull Swarm","","Level 36 :","Firebrand","Be Vigilant!","","Gear to consider","Act 1","Act 2","Act 3","Act 4","Act 5","","","","","","","","","","","","","","","","","","","","","","","","","","","","","","","","","","","","","","","","","","","","","","","","","","","","","","","","","","","","","","","","","","","","","","","","","","","","","","","","","","","","","","","","","","","","","","","","","","","","","",""
"","Level 2 :","Persuasion","","Level 17 :","Combat Locus Stratagem","","Level 37 :","Persuasion","Personal Zone","","Helm","Ancient Terra Monocle","Commander's Monocle","Commander's Monocle","Commander's Monocle","","","Level 2 :","Persuasion","","Level 17 :","Medicae Signal","","Level 37 :","Persuasion","Brother-In-Arms","","Helm","Ancient Terra Monocle","Commander's Monocle","Commander's Monocle","Commander's Monocle","","","","","","","","","","","","","","","","","","","","","","","","","","","","","","","","","","","","","","","","","","","","","","","","","","","","","","","","","","","","","","","","","","","","","","","","","","","","","","","","","","","","","","","","","","","","","","","","","","","","","","",""
"","Level 3 :","Bring it Down !","","Level 18 :","Improvised Strategy","","Level 38 :","Intelligence","Base Skill: Lore Warp","","Armour","Death World Light Flak Armour","Breacher Armour","Breacher Armour","Hive World Origin Voidsman Armour","","","Level 3 :","Bring it Down !","","Level 18 :","Emergency Stimulation","","Level 38 :","Ballistic Skill","Grenadier","","Armour","Death World Light Flak Armour","Breacher Armour","Breacher Armour","Warrior Armour","","","","","","","","","","","","","","","","","","","","","","","","","","","","","","","","","","","","","","","","","","","","","","","","","","","","","","","","","","","","","","","","","","","","","","","","","","","","","","","","","","","","","","","","","","","","","","","","","","","","","","",""
"","Level 4 :","Finest Hour","Lasting Impression","Level 19 :","Take and Hold","","Level 39 :","Break Their Ranks!","Persuasion","","Cloak","Commander Cloak","Mercy's Gift","Mercy's Gift","Mercy's Gift","","","Level 4 :","Finest Hour","Lasting Impression","Level 19 :","Overcharge","","Level 39 :","Break Their Ranks!","Persuasion","","Cloak","Von Valacius Cloak","Von Valacius Cloak","Von Valacius Cloak","Von Valacius Cloak","","","","","","","","","","","","","","","","","","","","","","","","","","","","","","","","","","","","","","","","","","","","","","","","","","","","","","","","","","","","","","","","","","","","","","","","","","","","","","","","","","","","","","","","","","","","","","","","","","","","","","",""
"","Level 5 :","Ballistic Skill","Be Smart","Level 20 :","Ap +1","Ballistic Skill","Level 40 :","Eager Subordinates","Adjusting Frontline","","Neck","Medal Of Alacrity","Medal Of Alacrity","Medal Of Alacrity","Medal Of Alacrity","","","Level 5 :","Ballistic Skill","You. Do Something.","Level 20 :","AP +1","Ballistic Skill","Level 40 :","Eager Subordinates","Enhanced Augmetics","","Neck","Medal Of Alacrity","Charist Pendant / Medal Of Alacrity","Charist Pendant / Medal Of Alacrity","Medal Of Alacrity","","","","","","","","","","","","","","","","","","","","","","","","","","","","","","","","","","","","","","","","","","","","","","","","","","","","","","","","","","","","","","","","","","","","","","","","","","","","","","","","","","","","","","","","","","","","","","","","","","","","","","",""
"","Level 6 :","Decisive Response","Ballistic Skill","Level 21 :","Blurred Locus","Ballistic Skill","Level 41 :","Intelligence","Prepare for an Assault!","","Accessory 1","","Emerald Cherub Ring","Commander's Notes","Commander's Notes","","","Level 6 :","Decisive Response","Ballistic Skill","Level 21 :","Safe Shelter","Ballistic Skill","Level 41 :","Ballistic Skill","Prepare for an Assault!","","Accessory 1","","Saint Cognacius' Scriptures","Saint Cognacius' Scriptures","Commander's Chrono","","","","","","","","","","","","","","","","","","","","","","","","","","","","","","","","","","","","","","","","","","","","","","","","","","","","","","","","","","","","","","","","","","","","","","","","","","","","","","","","","","","","","","","","","","","","","","","","","","","","","","",""
"","Level 7 :","Move, Move, Move!","Base Skill: Tech-Use","Level 22 :","Blitz Stratagem","","Level 42 :","Killzone Stratagem","Toughness","","Accessory 2","","Black Ring of the inquisition","Black Ring of the inquisition","Black Ring of the inquisition","","","Level 7 :","Move, Move, Move!","Ready to Serve","Level 22 :","Priority Signal","Persuasion","Level 42 :","Advanced Tracking","Fellowship","","Accessory 2","","Black Ring of the inquisition","Black Ring of the inquisition","Black Ring of the inquisition","","","","","","","","","","","","","","","","","","","","","","","","","","","","","","","","","","","","","","","","","","","","","","","","","","","","","","","","","","","","","","","","","","","","","","","","","","","","","","","","","","","","","","","","","","","","","","","","","","","","","","",""
"","Level 8 :","Focus!","Persuasion","Level 23 :","Persuasion","Fire at Will","Level 43 :","Inescapable Zone","Advanced Skill: Lore Warp","","Gloves","Noble Silk Gloves","Thrice Pioneer's Bracers","Thrice Pioneer's Bracers","Thrice Pioneer's Bracers","","","Level 8 :","Focus!","Persuasion","Level 23 :","Master's Patronage","","Level 43 :","Dependable Ally","Residual Power","","Gloves","Noble Silk Gloves","Thrice Pioneer's Bracers","Thrice Pioneer's Bracers","Thrice Pioneer's Bracers","","","","","","","","","","","","","","","","","","","","","","","","","","","","","","","","","","","","","","","","","","","","","","","","","","","","","","","","","","","","","","","","","","","","","","","","","","","","","","","","","","","","","","","","","","","","","","","","","","","","","","",""
"","Level 9 :","Finest Hour IV","","Level 24 :","Intelligence","Advanced Skill: Tech-Use","Level 44 :","Lore Imperium","Eager for Battle","","Boots","","Adrenaline Warboots","Adrenaline Warboots","Adrenaline Warboots","","","Level 9 :","Finest Hour IV","","Level 24 :","Fellowship","You. Protect Me.","Level 44 :","Lore Imperium","Degraded Defence","","Boots","","","","Adrenaline Warboots","","","","","","","","","","","","","","","","","","","","","","","","","","","","","","","","","","","","","","","","","","","","","","","","","","","","","","","","","","","","","","","","","","","","","","","","","","","","","","","","","","","","","","","","","","","","","","","","","","","","","","",""
"","Level 10 :","Lore Imperium","Intelligence","Level 25 :","Personal Combat Zone","","Level 45 :","AP +1","","","Weapon Set 1","Sniper Rifle","Deadly Repeater","Deadly Repeater","Deadly Repeater","","","Level 10 :","Lore Imperium","Fellowship","Level 25 :","Rite of Calibration","","Level 45 :","AP +1","","","Weapon Set 1","Longlas","Deadly Repeater","Deadly Repeater","Deadly Repeater","","","","","","","","","","","","","","","","","","","","","","","","","","","","","","","","","","","","","","","","","","","","","","","","","","","","","","","","","","","","","","","","","","","","","","","","","","","","","","","","","","","","","","","","","","","","","","","","","","","","","","",""
"","Level 11 :","Personal Oversight","Intelligence","Level 26 :","Intelligence","Persuasion","Level 46 :","Steel Resolve","Lore Imperium","","","","","","","","","Level 11 :","Personal Oversight","Fellowship","Level 26 :","Fellowship","Persuasion","Level 46 :","Seize the Initiative","Lore Imperium","","","","","","","","","","","","","","","","","","","","","","","","","","","","","","","","","","","","","","","","","","","","","","","","","","","","","","","","","","","","","","","","","","","","","","","","","","","","","","","","","","","","","","","","","","","","","","","","","","","","","","","","","","","","",""
"","Level 12 :","Air of Authority","Base Skill: Logic","Level 27 :","Take and Hold IV","","Level 47 :","Be Vigilant!","Tech-Use","","Weapon Set 2","Modified Lasgun","Nullifying Shotgun","Mars Pattern Shotgun","Double-Barreled Shotgun","","","Level 12 :","Air of Authority","Characteristic Training: AGI","Level 27 :","Overcharge III","","Level 47 :","Steel Resolve","Medicae","","Weapon Set 2","Blast Wave","Nullifying Shotgun","Mars Pattern Shotgun","Scoped Shotgun","","","","","","","","","","","","","","","","","","","","","","","","","","","","","","","","","","","","","","","","","","","","","","","","","","","","","","","","","","","","","","","","","","","","","","","","","","","","","","","","","","","","","","","","","","","","","","","","","","","","","","",""
"","Level 13 :","Inspiring Speech","Lore Imperium","Level 28 :","Opening Strategy","Perception","Level 48 :","Strategic Offence","Toughness","","","","","","","","","Level 13 :","Inspiring Speech","Lore Imperium","Level 28 :","Kinetic Module","You. You Are Next.","Level 48 :","Self-Learning Algorithms","Fellowship","","","","","","","","","","","","","","","","","","","","","","","","","","","","","","","","","","","","","","","","","","","","","","","","","","","","","","","","","","","","","","","","","","","","","","","","","","","","","","","","","","","","","","","","","","","","","","","","","","","","","","","","","","","","",""
"","Level 14 :","Willpower","Base Skill: Xenos","Level 29 :","Perception","Lore Imperium","Level 49 :","Toughness","Tech-Use","","","","","","","","","Level 14 :","Agility","You. Kill It.","Level 29 :","Agility","Lore Imperium","Level 49 :","Perception","Medicae","","Pet Protocol","","","","","","","","","","","","","","","","","","","","","","","","","","","","","","","","","","","","","","","","","","","","","","","","","","","","","","","","","","","","","","","","","","","","","","","","","","","","","","","","","","","","","","","","","","","","","","","","","","","","","","","","","","",""
"","Level 15 :","Finest Hour I","","Level 30 :","Overwhelming Stratagem","","Level 50 :","Degraded Defence","No Respite","","Optical Insertion","Somatic Insertion","Cortical Insertion","Sinistral Insertion","Dextral Insertion","Musculoskeletal Insertion","","Level 15 :","Finest Hour I","","Level 30 :","Provocation Signal","","Level 50 :","Eager for Battle","Blood of Martyrs","","","","","","","","","","","","","","","","","","","","","","","","","","","","","","","","","","","","","","","","","","","","","","","","","","","","","","","","","","","","","","","","","","","","","","","","","","","","","","","","","","","","","","","","","","","","","","","","","","","","","","","","","","","","",""
"","","","","Level 31 :","Daunting Zone","Advanced Skill: Logic","Level 51 :","Sniping Zone","Tech-Use","","Tactical Analyser","","","","","","Act 2","","","","Level 31 :","Symbiosis","Characteristic Training: Per","Level 51 :","Energy Multiplier","Medicae","","Optical Insertion","Somatic Insertion","Cortical Insertion","Sinistral Insertion","Dextral Insertion","Musculoskeletal Insertion","","","","","","","","","","","","","","","","","","","","","","","","","","","","","","","","","","","","","","","","","","","","","","","","","","","","","","","","","","","","","","","","","","","","","","","","","","","","","","","","","","","","","","","","","","","","","","","","","","","","","",""
"","","","","Level 32 :","Lore Imperium","Perception","Level 52 :","Disputed Zone","Base Skill: Lore Imperium","","Tactical Analyser","","","","","","Act 3","","","","Level 32 :","Perception","Lore Imperium","Level 52 :","Iron DIscipline","Motive-Force Overload","","Tactical Analyser","","","","","","Act 2","","","","","","","","","","","","","","","","","","","","","","","","","","","","","","","","","","","","","","","","","","","","","","","","","","","","","","","","","","","","","","","","","","","","","","","","","","","","","","","","","","","","","","","","","","","","","","","","","","","","",""
"","","","","Level 33 :","Perception","Critical Zone","Level 53 :","Take Aim!","Toughness","","Tactical Analyser","","","","","","Act 4","","","","Level 33 :","Unseen Support","","Level 53 :","Take Aim!","Perception","","Tactical Analyser","","","","","","Act 3","","","","","","","","","","","","","","","","","","","","","","","","","","","","","","","","","","","","","","","","","","","","","","","","","","","","","","","","","","","","","","","","","","","","","","","","","","","","","","","","","","","","","","","","","","","","","","","","","","","","",""
"","","","","Level 34 :","Advanced Skill: Xenos","","Level 54 :","Attention!","Steady!","","","","","","","","Act 5","","","","Level 34 :","You. Go On.","","Level 54 :","Flagbearer","Steady!","","Tactical Analyser","","","","","","Act 4","","","","","","","","","","","","","","","","","","","","","","","","","","","","","","","","","","","","","","","","","","","","","","","","","","","","","","","","","","","","","","","","","","","","","","","","","","","","","","","","","","","","","","","","","","","","","","","","","","","","",""
"","","","","Level 35 :","Take and Hold II","","Level 55 :","AP +1","","","","","","","","","","","","","Level 35 :","Overcharge II","","Level 55 :","AP +1","","","","","","","","","Act 5","","","","","","","","","","","","","","","","","","","","","","","","","","","","","","","","","","","","","","","","","","","","","","","","","","","","","","","","","","","","","","","","","","","","","","","","","","","","","","","","","","","","","","","","","","","","","","","","","","","","",""
"","Lightning Assassin","","","","","","","","","","Skill Options","","","","","","","Knife Lord","","","","","","","","","","Skill Options","","","","","","","Scout Sniper","","","","","","","","","","Skill Options","","","","","","","Bullseye (Update of the Kisballica Cold Trader build)","","","","","","","","","","Skill Options","","","","","","","Wanted Assassin ","","","","","","","","","","Skill Options","","","","","","","Forgeflayer Overlord","","","","","","","","","","Skill Options","","","","","","","","","","","","","","","","","","","","","","","","","","","","","","","","","","","","","","",""
"","Fortress World - Crime Lord - Operative - Ballistic Skill +2 / Agility +2 / Intelligence +2 (Imminent demise currently bugged)","","","","","","","","","","Intelligence","","","","","","","Forge World (Locomotion System Systems) - Crimelord - Warrior - Weapon Skill +2 / Agility +2 / Toughness +1 / Perception +1","","","","","","","","","","Awareness / Athletics","","","","","","","Fortress World - Crimelord - Ballistic Skill +2 - Agility +2 - Perception +2","","","","","","","","","","Intelligence","","","","","","","Fortress World - Crimelord - Ballistic Skill +2 - Intelligence +2 - Perception +2","","","","","","","","","","Awareness / Lore Xenos / Lore Warp / Tech-Use / Logic","","","","","","","Fortress World - Crime Lord - Operative - Ballistic Skill +2 / Agility +2 / Intelligence +2","","","","","","","","","","Intelligence","","","","","","","Forge World (Locomotion System) - Crime Lord - Bladedancer - Weapon Skill +2 / Toughness +1 / Agility +2 / Perception +1","","","","","","","","","","Medicae / Demolitions / Awareness / Athletics","","","","","","","","","","","","","","","","","","","","","","","","","","","","","","","","","","","","","","",""
"","Operative","","","Assassin","","","Exemplar","","","","","","","","","","","Warrior","","","Assassin","","","Exemplar","","","","","","","","","","","Operative","","","Overseer","","","Exemplar","","","","","","","","","","","Operative","","","Bounty Hunter","","","Exemplar","","","","","","","","","","","Operative","","","Assassin","","","Exemplar","","","","","","","","","","","Blade Dancer","","","Arch-Militant","","","Exemplar","","","","","","","","","","","","","","","","","","","","","","","","","","","","","","","","","","","","","","","","","","",""
"","Level 1 :","Analyse Enemies","","Level 16 :","Seek the Opening","","Level 36 :","Malign Influence","Weak Body, Weak Soul","","Gear to consider","Act 1","Act 2","Act 3","Act 4","Act 5","","Level 1 :","Charge","","Level 16 :","Seek the Opening","","Level 36 :","Malign Influence","Open Engagement","","Gear to consider","Act 1","Act 2","Act 3","Act 4","Act 5","","Level 1 :","Analyse Enemies","","Level 16 :","Cyber-Eagle","","Level 36 :","Deathdealer","Fresh Target","","Gear to consider","Act 1","Act 2","Act 3","Act 4","Act 5","","Level 1 :","Analyse Enemies","","Level 16 :","Hunt Down The Prey","","Level 36 :","Masterful Precision","Sharpshooter","","Gear to consider","Act 1","Act 2","Act 3","Act 4","Act 5","","Level 1 :","Analyse Enemies","","Level 16 :","Seek the Opening","","Level 36 :","Malign Influence","Weak Body, Weak Soul","","Gear to consider","Act 1","Act 2","Act 3","Act 4","Act 5","","Level 1 :","Blade Dance","","Level 16 :","Versatility","","Level 36 :","Peak Condition","Blade in His Hand","","Gear to consider","Act 1","Act 2","Act 3","Act 4","Act 5","","","","","","","","","","","","","","","","","","","","","","","","","","","","","","","","","",""
"","Level 2 :","Medicae","","Level 17 :","Death Whisper","","Level 37 :","Lore Xenos","Lethal Concentration","","Helm","","Self-Calibrating Goggles","Self-Calibrating Goggles","Self-Calibrating Helm","","","Level 2 :","Medicae","","Level 17 :","Death Whisper","","Level 37 :","Awareness","Lethal Concentration","","Helm","Face of the soverign ","Self-calibrating Goggles","Self-calibrating Goggles / Weakness Detector","Self-calibrating Helm / Vivisector's Visor","","","Level 2 :","Medicae","","Level 17 :","Bait","","Level 37 :","Lore Xenos","Wind Currents","","Helm","Analyst Helm","Self-Calibrating Goggles","Self-Calibrating Goggles","Self-Calibrating Helmet","","","Level 2 :","Medicae","","Level 17 :","Claim the Bounty","","Level 37 :","Awareness","Withdraw","","Helm","Analyst's Hemet","Self-Calibrating Goggles","Self-Calibrating Goggles","Self-Calibrating Helm","","","Level 2 :","Medicae","","Level 17 :","Death Whisper","","Level 37 :","Lore Xenos","Lethal Concentration","","Helm","","Self-Calibrating Goggles","Self-Calibrating Goggles","Self-Calibrating Helm","","","Level 2 :","Medicae","","Level 17 :","Reckless Rush","","Level 37 :","Awareness","Distract","","Helm","Face of the Sovereign","Face of the Sovereign / Peripheral Visor","Face of the Sovereign / Peripheral Visor","Face of the Sovereign / Peripheral Visor","","","","","","","","","","","","","","","","","","","","","","","","","","","","","","","","","","",""
"","Level 3 :","Expose Weakness","","Level 18 :","Deadly Calculation","","Level 38 :","Ballistic Skill","Lethal Precision","","Armour","Death World Light Flak Armour","Death World Enforcer's Light carapace","Death World Enforcer's Light carapace","Death World Enforcer's Light carapace","","","Level 3 :","Endure","","Level 18 :","Deadly Calculation","","Level 38 :","Weapon Skill","Lethal Precision","","Armour","Death World Light Flak Armour","Death World Enforcer's Light carapace","Death World Enforcer's Light carapace","High Spinner Armour","","","Level 3 :","Expose Weakness","","Level 18 :","Disposition Analysis","","Level 38 :","Ballistic Skill","Lethal Precision","","Armour","","Death world Enforcer Light crapace","Death world Enforcer Light crapace","Hive world Origin Voidsmen Armour","","","Level 3 :","Expose Weakness","","Level 18 :","Hunting Surge","","Level 38 :","Ballistic Skill","Lethal Precision","","Armour","Death World Light Flak Armour","Headhunter Light Carapace","Ceramite Xenochestplate","Hive World Origin Voidsmen Armour","","","Level 3 :","Expose Weakness","","Level 18 :","Deadly Calculation","","Level 38 :","Ballistic Skill","Lethal Precision","","Armour","Death World Light Flak Armour","Death World Enforcer's Light carapace","Death World Enforcer's Light carapace","Death World Enforcer's Light carapace","","","Level 3 :","Death From Above","","Level 18 :","Always Ready","","Level 38 :","Weapon Skill","Power Armour Proficiency","","Armour","Light Spinner's breastplate","Spinner's Breastplate","Spinner's Breastplate","Adherent of Mankind","","","","","","","","","","","","","","","","","","","","","","","","","","","","","","","","","","",""
"","Level 4 :","Dismantling Attack","Uncanny Sight","Level 19 :","Dispatch","","Level 39 :","Intimidation","Lore Xenos","","Cloak","","","","","","","Level 4 :","Daring Breach","Desolation","Level 19 :","Dispatch","","Level 39 :","Taunting Scream","Awareness","","Cloak","","Malpian Shroud","Malpian Shroud","Swashbuckler's Cloak / Malpian Shroud","","","Level 4 :","Dismantling","Uncanny Sight","Level 19 :","Overcharge","","Level 39 :","Precise Attack","Lore Xenos","","Cloak","","Cape of righteous fury","Cape of righteous fury","Shadow Guide cloak","","","Level 4 :","Dismantling Attack","Tide of Excellence","Level 19 :","Wild Hunt","","Level 39 :","Precise Attack","Awareness","","Cloak","Von Valacius Cloak","Cape of righteous fury","Cape of righteous fury","Cape of righteous fury","","","Level 4 :","Dismantling Attack","Uncanny Sight","Level 19 :","Dispatch","","Level 39 :","Intimidation","Lore Xenos","","Cloak","","","","","","","Level 4 :","Death Waltz","Death Warden","Level 19 :","Steady Superiority","","Level 39 :","Captive Audience","Medicae","","Cloak","Reaper Cape","Malpian Shroud / Bladedancer's Mantle","Malpian Shroud / Bladedancer's Mantle","Malpian Shroud / High Spinner Cloak","","","","","","","","","","","","","","","","","","","","","","","","","","","","","","","","","","",""
"","Level 5 :","Ballistic Skill","Never Stop Believing","Level 20 :","AP +1","Ballistic Skill","Level 40 :","Deathdealer","Seize the Advantage","","Neck","Hypnotising Pendant","Hypnotising Pendant / Dog Tags","Hypnotising Pendant / Dog Tags","Dashing Aquila / Dog Tags","","","Level 5 :","Rigorous Training","Weapon Skill","Level 20 :","AP +1","Weapon Skill","Level 40 :","Lethal Threat","Perfect Opening","","Neck","","Invigorating Resolve","Invigorating Resolve","Slicing Symbol / Invigorating Resolve","","","Level 5 :","Ballistic Skill","Characteristic Training: Agi","Level 20 :","AP +1","Ballistic Skill","Level 40 :","Masterful Precision","Bloody Mark","","Neck","Hypnotising Pendant","Hypnotising Pendant","Hypnotising Pendant","Hypnotising Pendant","","","Level 5 :","Ballistic Skill","Never Stop Believing","Level 20 :","AP +1 - Ballistic Skill","Contingency Plan","Level 40 :","Deathdealer","Pierce the Armour","","Neck","Hypnotising Pendant","Dog Tag","Dog Tag","Synaptic Coagulator","","","Level 5 :","Ballistic Skill","Never Stop Believing","Level 20 :","AP +1","Ballistic Skill","Level 40 :","Deathdealer","Seize the Advantage","","Neck","Hypnotising Pendant","Hypnotising Pendant / Dog Tags","Hypnotising Pendant / Dog Tags","Dashing Aquila / Dog Tags","","","Level 5 :","Duelling Mastery","Weapon Skill","Level 20 :","Ap +1","Weapon Skill","Level 40 :","Destroyer","Exploit Weakness","","Neck","","Invigorating Resolve / Dog Tags","Invigorating Resolve / Dog Tags","Invigorating Resolve / Dog Tags","","","","","","","","","","","","","","","","","","","","","","","","","","","","","","","","","","",""
"","Level 6 :","Tide of Excellence","Ballistic Skill","Level 21 :","Imminent Demise","Ballistic Skill","Level 41 :","Ballistic Skill","Continuous Analysis","","Accessory 1","Metronome","Pair Holster","Pair Holster","Pair Holster","","","Level 6 :","Break Through","Awareness","Level 21 :","Imminent Demise","Weapon Skill","Level 41 :","Weapon Skill","Easy Target","","Accessory 1","Blooddrinker","","Iron Cape","Notes on Weaknesses","","","Level 6 :","Tide of Excellence","Ballistic Skill","Level 21 :","Rite of Calibration","Ballistic Skill","Level 41 :","Ballistic Skill","Comprehensive analysis","","Accessory 1","","Target Designator","Long Range Lens","Bead of might","","","Level 6 :","Uncanny Sight","Ballistic Skill","Level 21 :","Ballistic Skill","Heightened Concentration","Level 41 :","Ballistic Skill","Insightful Precision","","Accessory 1","Metronome","Target Designator","Litany of Exhausion","Litany of Exhausion","","","Level 6 :","Tide of Excellence","Ballistic Skill","Level 21 :","Imminent Demise","Ballistic Skill","Level 41 :","Ballistic Skill","Continuous Analysis","","Accessory 1","Metronome","Metronome / Pair Holster","Pair Holster","Pair Holster","","","Level 6 :","Blood Oath","Medicae","Level 21 :","Flashfire","Weapon Skill","Level 41 :","Weapon Skill","Grand Performance","","Accessory 1","Blooddrinker","Blooddrinker / Combat Manipulator","Combat Manipulator","Voidborn's Pride / Military Combi-Tool","","","","","","","","","","","","","","","","","","","","","","","","","","","","","","","","","","",""
"","Level 7 :","Perfect Spot","Lore Xenos","Level 22 :","Lore Xenos","Killing Edge","Level 42 :","Poised to Strike","Perception","","Accessory 2","","Enemy Finder","Iron Cape","Notes on weaknesses","","","Level 7 :","Weapon Skill","Killing Plan","Level 22 :","Lore Xenos","Killing Edge","Level 42 :","Elusive Shadow","Agility","","Accessory 2","","","Litany of Exhaustion","Iron Cape / Litany of Exhaustion","","","Level 7 :","Joint Analysis","Lore Xenos","Level 22 :","Strategic Adaptation","Lore Xenos","Level 42 :","Strafe","Intelligence","","Accessory 2","","Portable Motive Force Storage","Portable Motive Force Storage","Portable Motive Force Storage","","","Level 7 :","Perfect Spot","Awareness","Level 22 :","Cull the Bold","","Level 42 :","Hot on the Trail","Intelligence","","Accessory 2","Book of Warprayers","Portative Manipulator","Prey Scanner","Prey Scanner","","","Level 7 :","Perfect Spot","Lore Xenos","Level 22 :","Lore Xenos","Killing Edge","Level 42 :","Poised to Strike","Perception","","Accessory 2","","Enemy Finder","Iron Cape","Notes on weaknesses","","","Level 7 :","Weapon Skill","Blood Rush","Level 22 :","Wild Fire","Drukhari Weapon Proficiency","Level 42 :","Kick","Agility","","Accessory 2","Book of war prayers","Seal of Death","Seal of the Purifier","Bead of Might","","","","","","","","","","","","","","","","","","","","","","","","","","","","","","","","","","",""
"","Level 8 :","Ballistics Calculation","Staggering Jolt","Level 23 :","Lethality Heightens","","Level 43 :","Flawless Lunge","Residual Power","","Gloves","Stalker Gloves","Marksman Bracers","Marksman Bracers","Marksman Bracers","","","Level 8 :","Awareness","Shearing Strikes","Level 23 :","Lethality Heightens","","Level 43 :","Lone Killer","Calculated Resolve","","Gloves","Gloves of Endurance","Augmented Gloves","Riposte Gloves / Augmented Gloves","Riposte Gloves / Augmented Gloves","","","Level 8 :","Sharpshooter","Never Stop Believing","Level 23 :","Sharpened Talons","","Level 43 :","Suppressive factor","Residual Power","","Gloves","Stalker Gloves","Marksman Bracers","Marksman Bracers","Marksman Bracers","","","Level 8 :","Ballistic Calculation","Killing Plan","Level 23 :","Hunter's Ambush","Lore Xenos","Level 43 :","Trail and Shatter","Calculated Resolve","","Gloves","Stalker Gloves","Kasrkin Gauntlets","Marksman Bracers","Marksman Bracers","","","Level 8 :","Ballistics Calculation","Killing Plan","Level 23 :","Lethality Heightens","","Level 43 :","Flawless Lunge","Residual Power","","Gloves","Stalker Gloves","Marksman Bracers","Marksman Bracers","Marksman Bracers","","","Level 8 :","Awareness","Killing Plan","Level 23 :","Medicae","All out","Level 43 :","Martial Art","Lethal Precision","","Gloves","","Augmented Gloves","Augmented Gloves","Augmented Gloves","","","","","","","","","","","","","","","","","","","","","","","","","","","","","","","","","","",""
"","Level 9 :","Dismantling Attack III","Lore Xenos","Level 24 :","Intelligence","Liturgy of Insulation","Level 44 :","Lore Imperium","Contagion","","Boots","Warmonger Boots","Warmonger Boots","Sharpshooter's Boots","Sharpshooter's Boots","","","Level 9 :","Daring breach II","","Level 24 :","Agility","Drukhari Weapon Proficiency","Level 44 :","Athletics","Degraded Defence","","Boots","Smirkisher Boots","Inertia Boots","Inertia Boots","Inertia Boots / Stalking Boots","","","Level 9 :","Dismantling III","Lore Xenos","Level 24 :","Intelligence","Aeldari Weapon Prof","Level 44 :","Lore Imperium","Degraded Defence","","Boots","","Ergo Boots","Sharpshooter Boots","Sharpshooter Boots","","","Level 9 :","Dismantling III","Awareness","Level 24 :","Perception","Aeldari Weapon Proficiency","Level 44 :","Lore Xenos","Degraded Defence","","Boots","Warmonger Boots","","Sharpshooter Boots","Sharpshooter Boots","","","Level 9 :","Dismantling Attack III","Lore Xenos","Level 24 :","Intelligence","Aeldari Weapon Proficiency","Level 44 :","Lore Imperium","Contagion","","Boots","Warmonger Boots","Warmonger Boots","Sharpshooter's Boots","Sharpshooter's Boots","","","Level 9 :","Death Waltz II","","Level 24 :","Agility","Finesse","Level 44 :","Medicae","Degraded Defence","","Boots","Skirmisher Boots","Inertia Boots","Inertia Boots","Inertia Boots","","","","","","","","","","","","","","","","","","","","","","","","","","","","","","","","","","",""
"","Level 10 :","Lore Imperium","Perception","Level 25 :","Perfect Opening","","Level 45 :","Ap +1","","","Weapon Set 1","Arc Rifle","Alpha's Arc Rifle","Alpha's Arc Rifle","Corpuscarii Oath","","","Level 10 :","Blade Flurry","Agility","Level 25 :","Killing Spree","","Level 45 :","AP +1","","","Weapon Set 1","Prisoner's Shank","Interrogators Dagger / Hekatarii Blade ","Interrogators Dagger / Serrated Glimmersteel Blade","Interrogators Dagger / Lilaethan's Fury","","","Level 10 :","Lore Imperium","Agility","Level 25 :","Tenacious Talons","","Level 45 :","AP +1","","","Weapon Set 1","","Cruel Fate","Cruel Fate","Cruel Fate","","","Level 10 :","Lore Xenos","Perception","Level 25 :","Expert Finesse","","Level 45 :","AP + 1","","","Weapon Set 1","Longlas","Curel Fate","Curel Fate","Lullaby of Sha'eil","","","Level 10 :","Lore Imperium","Perception","Level 25 :","Perfect Opening","","Level 45 :","Ap +1","","","Weapon Set 1","Longlas","Cruel Fate","Lullaby of Sha'eil / Cruel Fate","Lullaby of Sha'eil / Cruel Fate","","","Level 10 :","Escape Artist","Agility","Level 25 :","Dismantle","","Level 45 :","AP +1","","","Weapon Set 1","Noble Sword","Severed Hand","Sharpened Venom Blade","Imminent Torment","","","","","","","","","","","","","","","","","","","","","","","","","","","","","","","","","","",""
"","Level 11 :","Fresh Target","Lore Imperium","Level 26 :","Intelligence","Lore Xenos","Level 46 :","Comprehensive Analysis","Lore Imperium","","","","","","","","","Level 11 :","Reckless Strike","Contingency Plan","Level 26 :","Agility","Awareness","Level 46 :","Ramming Speed","Athletics","","","Bloody Pact","Hekatarii Blade ","Hekatarii Blade of Bloodthirst","Hekatarii Blade of Bloodthirst","","","Level 11 :","Ballistic Calculations","Lore Imperium","Level 26 :","Intelligence","Lore Xenos","Level 46 :","Continuous Analysis","Lore Imperium","","","","","","","","","Level 11 :","Fresh Target","Lore Xenos","Level 26 :","Lore Xenos","Perception","Level 46 :","Continuous Analysis","Lore Xenos","","","","","","","","","Level 11 :","Fresh Target","Lore Imperium","Level 26 :","Intelligence","Lore Xenos","Level 46 :","Comprehensive Analysis","Lore Imperium","","","","","","","","","Level 11 :","Acrobatic Artistry","Guillotine","Level 26 :","Medicae","Agility","Level 46 :","Rising Tempo","Awareness","","","Wrath of Saint Drusus","Exotic Venom Blade","Blackhaze Venom Blade","Imminent Torment","","","","","","","","","","","","","","","","","","","","","","","","","","","","","","","","","","",""
"","Level 12 :","Tactical Knowledge","Echopulse","Level 27 :","Dispatch II","","Level 47 :","Sniper Expertise","medicae","","Weapon Set 2","Blast Wave","Promise of Retribution","Promise of Retribution","Promise of Retribution","","","Level 12 :","Agility","Athletics","Level 27 :","Dispatch II","","Level 47 :","Impetus","Medicae","","Weapon Set 2","","","Bloodseeker Klaive","Djin Blade of Yremeryss","","","Level 12 :","Perfect Spot","Killing Plan","Level 27 :","Overcharge II","","Level 47 :","Insightful precision","Medicae","","Weapon Set 2","","Wonderer's portent","Ynnealith","Lullaby of Sha'eil","","","Level 12 :","Tactical Knowledge","Familiar Kickback","Level 27 :","Wild Hunt II","","Level 47 :","Comprehensive Analysis","Lore Imperium","","Weapon Set 2","Blast Wave","Wanderer's Portent","Wanderer's Portent","Fusion Gun 'Spark'","","","Level 12 :","Tactical Knowledge","Familiar Kickback","Level 27 :","Dispatch II","","Level 47 :","Sniper Expertise","medicae","","Weapon Set 2","Blast Wave","Wonderer's Portant / Promise of Retribution","Promise of Retribution","Promise of Retribution","","","Level 12 :","Agility","Awareness","Level 27 :","Steady Superiority IV","","Level 47 :","Duellist","Demolition","","Weapon Set 2","","","","","","","","","","","","","","","","","","","","","","","","","","","","","","","","","","","","","","",""
"","Level 13 :","Improved Tactics","Intelligence","Level 28 :","Overclocking Module","Killing Spree","Level 48 :","Create an Opening","Perception","","","","Promise of Freedom","Promise of Freedom","Promise of Freedom","","","Level 13 :","Cautious Disengage","Athletics","Level 28 :","Finesse","Disarray","Level 48 :","An Eye for the Unscathed","Agility","","","","","","Insatiable Djin Blade","","","Level 13 :","Sniper Expertise","Agility","Level 28 :","Enhanced Augmetics","Deadly Accuracy","Level 48 :","Disorienting Plan","Intelligence","","","","","","","","","Level 13 :","Improved Tactics","Intelligence","Level 28 :","Inspiring Trophy","","Level 48 :","Share the Spoils","Intelligence","","","","","","","","","Level 13 :","Improved Tactics","Intelligence","Level 28 :","Deadly Accuracy","Killing Spree","Level 48 :","Create an Opening","Perception","","","","Promise of Freedom","Promise of Freedom","Promise of Freedom","","","Level 13 :","Base Skill: Lore Xenos","Lore Xenos","Level 28 :","Awareness","Adaptability","Level 48 :","Preferred Targets","Agility","","","","","","","","","","","","","","","","","","","","","","","","","","","","","","","","","","","","","","","","",""
"","Level 14 :","Intelligence","Residual Charge","Level 29 :","Perception","Lore Imperium","Level 49 :","Intelligence","medicae","","","","","","","","","Level 14 :","Perception","Escape Plan","Level 29 :","Perception","Athletics","Level 49 :","Perception","Medicae","","","","","","","","","Level 14 :","Perception","Grenadier","Level 29 :","Perception","Lore Imperium","Level 49 :","Perception","Medicae","","Pet Protocols","","","","","","","Level 14 :","Intelligence","Disorienting Plan","Level 29 :","Awareness","Intelligence","Level 49 :","Perception","Lore Imperium","","","","","","","","","Level 14 :","Intelligence","Spare Magazine","Level 29 :","Perception","Lore Imperium","Level 49 :","Intelligence","medicae","","","","","","","","","Level 14 :","Perception","Sweeping Motions","Level 29 :","Perception","Contingency Plan","Level 49 :","Toughness","Demolition","","","","","","","","","","","","","","","","","","","","","","","","","","","","","","","","","","","","","","","","",""
"","Level 15 :","Dismantling II","","Level 30 :","Danse Macabre","","Level 50 :","Degraded Defence","Passive Learning","","Optical Insertion","Somatic Insertion","Cortical Insertion","Sinistral Insertion","Dextral Insertion","Musculoskeletal Insertion","","Level 15 :","Daring Breach IV","","Level 30 :","Danse Macarbe","","Level 50 :","Extermination","Living Shield","","Optical Insertion","Somatic Insertion","Cortical Insertion","Sinistral Insertion","Dextral Insertion","Musculoskeletal Insertion","","Level 15 :","Dismantling II","","Level 30 :","Blinding Strike","","Level 50 :","Deadly Aim","weak body, weak soul","","","","","","","","","Level 15 :","Dismantling II","","Level 30 :","Combat Addict","Piercing Shot","Level 50 :","Vital Points","Sniper Expertise","","Optical Insertion","Somatic Insertion","Cortical Insertion","Sinistral Insertion","Dextral Insertion","Musculoskeletal Insertion","","Level 15 :","Dismantling II","","Level 30 :","Danse Macabre","","Level 50 :","Masterful Precision","Passive Learning","","Optical Insertion","Somatic Insertion","Cortical Insertion","Sinistral Insertion","Dextral Insertion","Musculoskeletal Insertion","","Level 15 :","Death Waltz III","","Level 30 :","Devastating Attack","","Level 50 :","Extermination","It Takes Two","","Optical Insertion","Somatic Insertion","Cortical Insertion","Sinistral Insertion","Dextral Insertion","Musculoskeletal Insertion","","","","","","","","","","","","","","","","","","","","","","","","","","","","","","","","","",""
"","","","","Level 31 :","Killing Plan","Bringer of Doom","Level 51 :","An Eye for the unscathed","medicae","","","Weapon Optimiser MKI","","","","Adaptive Servo-Struts MK 'Operative'","Act 2","","","","Level 31 :","Dual Weapon Combat","Seize the Advantage","Level 51 :","Bringer of Doom","Medicae","","Focal Emitter MK-I","Weapon Optimiser MK-I","","","","","Act 2","","","","Level 31 :","Emergency Protocol","Familiar Kickback","Level 51 :","The Last Plan","Medicae","","Optical Insertion","Somatic Insertion","Cortical Insertion","Sinistral Insertion","Dextral Insertion","Musculoskeletal Insertion","","","","","Level 31 :","Pierce and Ruin","","Level 51 :","Flay the Bold","Lore Imperium","","Ballistic Calculator","Weapon Optimiser MKI","Cerebral Inverter MKI","","","Adaptive Servo-Struts MK Operative","Act 2","","","","Level 31 :","Contingency Plan","Bringer of Doom","Level 51 :","An Eye for the unscathed","medicae","","Ballistic Calculator","Weapon Optimiser MKI","Cerebral Inverter MKI","","","Adaptive Servo-Struts MK Operative","","","","","Level 31 :","Breaking Attack","","Level 51 :","Contempt for the Weak","Demolition","","Focal Emitter MK-I","","","","","","","","","","","","","","","","","","","","","","","","","","","","","","","","","","","","","","",""
"","","","","Level 32 :","Lore Imperium","","Level 52 :","Lone Killer","Calculated Resolve","","Cerebral Holo-Ocular MK 'Operative'","Weapon Optimiser MKI","Telemetric Logis-Analyser MK-I","","","Adaptive Servo-Struts MK 'Operative'","Act 3","","","","Level 32 :","Athletics","","Level 52 :","Outsmart","Residual Power","","Focal Emitter MK-I","Weapon Optimiser MK-I","Telemetric Logis-Analyser MK-I","Pneumatic Assault Grapple MK 'Warrior'","","","Act 3","","","","Level 32 :","Perception","Lore Imperium","Level 52 :","Combat Insight ","Calculated Resolve","","Ballistic Calculator","Weapon Optimiser MKI","Cerebral Inverter MKI","","","Adaptive Servo-Struts MK Operative","Act 2","","","","Level 32 :","Intelligence","Awareness","Level 52 :","Weak Body, Weak Soul","Residual Power","","Ballistic Calculator","Weapon Optimiser MKI","Cerebral Inverter MKI","","","Adaptive Servo-Struts MK Operative","Act 3","","","","Level 32 :","Lore Imperium","","Level 52 :","Lone Killer","Calculated Resolve","","Ballistic Calculator","Weapon Optimiser MKI","Cerebral Inverter MKI","","","Adaptive Servo-Struts MK Operative","","","","","Level 32 :","Perception","Awareness","Level 52 :","Race Against Death","It Will Not DIe","","Focal Emitter MK-I","","","","","Skullcrushers","","","","","","","","","","","","","","","","","","","","","","","","","","","","","","","","","",""
"","","","","Level 33 :","Disarray","Perception","Level 53 :","Precise Attack","Intelligence","","Cerebral Holo-Ocular MK 'Operative'","Weapon Optimiser MKII","Telemetric Logis-Analyser MK-II","","","Adaptive Servo-Struts MK 'Operative'","Act 4","","","","Level 33 :","Morbid pirouette","Perception","Level 53 :","Sworn Enemy","Perception","","Focal Emitter MKII","Weapon Optimiser MK-II","Telemetric Logis Analyser MKII","Pneumatic Assault Grapple MK 'Assassin'","Chymist Combat Infuser","Phase Oscillator MK-II","Act 4","","","","Level 33 :","Swift Shadow","","Level 53 :","Tactical Knowledge","Perception","","Ballistic Calculator","Weapon Optimiser MKI","Cerebral Inverter MKI","","","Adaptive Servo-Struts MK Operative","Act 3","","","","Level 33 :","Savour the kill","","Level 53 :","Joint Analysis","Perception","","Ballistic Calculator","Weapon Optimiser MKII","Cerebral Inverter MK Operative","","","Adaptive Servo-Struts MK Operative","Act 4","","","","Level 33 :","Disarray","Perception","Level 53 :","Precise Attack","Intelligence","","Ballistic Calculator","Weapon Optimiser MKII","Cerebral Inverter MK Operative","","","Adaptive Servo-Struts MK Operative","","","","","Level 33 :","Critical Versatility","Perception","Level 53 :","Veil of Blades","Toughness","","Focal Emitter MK-II","","","","","Skullcrushers","","","","","","","","","","","","","","","","","","","","","","","","","","","","","","","","","",""
"","","","","Level 34 :","Familiar Kickback","","Level 54 :","Extermination","Insightful Precision","","","","","","","","Act 5","","","","Level 34 :","Aeldari Weapon Proficiency","","Level 54 :","Peak Condition","Esquive","","","","","","","","Act 5","","","","Level 34 :","Spare Magazine","","Level 54 :","Extermination","Improved Tactics","","Ballistic Calculator","Weapon Optimiser MKII","Cerebral Inverter MK Operative","","Reactive Flamer","Adaptive Servo-Struts MK Operative","Act 4","","","","Level 34 :","Spare Magazine","","Level 54 :","Extermination","Combat Insight","","","","","","","","Act 5","","","","Level 34 :","Grenadier","","Level 54 :","Extermination","Insightful Precision","","","","","","","","","","","","Level 34 :","Toughness","Escape Plan","Level 54 :","Eager for Battle","Accustomed to Glory","","","","","","","","","","","","","","","","","","","","","","","","","","","","","","","","","","","","","","","","",""
"","","","","Level 35 :","Dispatch I","","Level 55 :","Ap +1","","","","","","","","","","","","","Level 35 :","Dispatch III","","Level 55 :","AP +1","","","","","","","","","","","","","Level 35 :","Overcharge III","","Level 55 :","AP +1","","","","","","","","","Act 5","","","","Level 35 :","Wild Hunt III","","Level 55 :","AP + 1","","","","","","","","","","","","","Level 35 :","Dispatch I","","Level 55 :","Ap +1","","","","","","","","","","","","","Level 35 :","Steady Superiority II","","Level 55 :","AP +1","","","","","","","","","","","","","","","","","","","","","","","","","","","","","","","","","","","","","","","","","",""
"","Arbites Gunner","","","","","","","","","","Skill Options","","","","","","","The Paw Patrol","","","","","","","","","","Skill Options","","","","","","","Judge Death","","","","","","","","","","Skill Options","","","","","","","Judge Dreadd (Basically the dark tide Arbitrator now)","","","","","","","","","","Skill Options","","","","","","","Kennel Master (Heretic Officer Overseer)","","","","","","","","","","Skill Options","","","","","","","The Tax Man (Update and rework of the old mandalorian build)","","","","","","","","","","Skill Options","","","","","","","Judge, Jury & Electrocutioner","","","","","","","","","","Skill Options","","","","","","","","","","","","","","","","","","","","","",""
"","Fortress world - Arbitrator (Vigilant) - Soldier - BS +2 / Agility +2 / Perception +2 - Heavy Gunner, shotgun build (Artificer power armour for 1 ap burst fire)","","","","","","","","","","Coercion / Demolition / Awareness","","","","","","","Forge World (Subskin Armour) - Arbitrator (Subductor) - WS +2 / STR +2 / TGH +2","","","","","","","","","","Coercion / Athletics / Carouse","","","","","","","Fortress World - Arbitrator (Castigator) - Operative - Ballistic Skill +2 / Agillity +2 / Intelligence +1 / Perception +1","","","","","","","","","","Coercion / Intelligence Skills / Awareness","","","","","",""," Fortress world - Arbitrator (Vigilant) - Soldier - BS +2 / Agility +2 / Perception +2","","","","","","","","","","Demolitions / Awareness / Coercion","","","","","","","Fortress World - Arbitrator (Castigator) - Officer - Ballistic Skill +2 / Agility +2 / Fellowship +2","","","","","","","","","","Demolitions / Awareness / Coercion","","","","","","","Fortress world - Arbitrator (Vigilant) - Soldier - BS +2 / Agility +2 / Perception +2","","","","","","","","","","Demolitions / Awareness / Coercion","","","","","","","Voidborn - Arbitrator (Castigator) - Operative - Ballistic Skill +2 / Agility +2 / Intelligence +2","","","","","","","","","","Coercion / Lore Imperium / Intelligence / Fellowship","","","","","","","","","","","","","","","","","","","","","",""
"","Soldier","","","Arch-Militant","","","Exemplar","","","","","","","","","","","Warrior","","","Overseer","","","Exemplar","","","","","","","","","","","Operative","","","Bounty Hunter","","","Exemplar","","","","","","","","","","","Soldier","","","Overseer","","","Exemplar","","","","","","","","","","","Officer","","","Overseer","","","Exemplar","","","","","","","","","","","Soldier","","","Bounty Hunter","","","Exemplar","","","","","","","","","","","Operative","","","Assassin","","","Exemplar","","","","","","","","","","","","","","","","","","","","","","","","","",""
"","Level 1 :","Run and Gun","","Level 16 :","Versitility","","Level 36 :","Peak Condition","Rapid Reload","","Gear to consider","Act 1","Act 2","Act 3","Act 4","Act 5","","Level 1 :","Charge","","Level 16 :","Cyber-Mastiff Proficiency","","Level 36 :","Peak Condition","Easy Target","","Gear to consider","Act 1","Act 2","Act 3","Act 4","Act 5","","Level 1 :","Analyse Enemies","","Level 16 :","Hunt Down The Prey","","Level 36 :","Deathdealer","Sharpshooter","","Gear to consider","Act 1","Act 2","Act 3","Act 4","Act 5","","Level 1 :","Run and Gun","","Level 16 :","Cyber-Mastiff Proficiency","","Level 36 :","Degraded Defence","Rapid Reload","","Gear to consider","Act 1","Act 2","Act 3","Act 4","Act 5","","Level 1 :","Voice Of Command","","Level 16 :","Cyber-Mastiff Proficiency","","Level 36 :","Firebrand","No Respite","","Gear to consider","Act 1","Act 2","Act 3","Act 4","Act 5","","Level 1 :","Run and Gun","","Level 16 :","Hunt Down The Prey","","Level 36 :","Degraded Defence","Rapid Reload","","Gear to consider","Act 1","Act 2","Act 3","Act 4","Act 5","","Level 1 :","Analyse Enemies","","Level 16 :","Seek the Opening","","Level 36 :","Malign Influence","Weak Body, Weak Soul","","Gear to consider","Act 1","Act 2","Act 3","Act 4","Act 5","","","","","","","","","","","","","","","","",""
"","Level 2 :","Demolition","","Level 17 :","Reckless Rush","","Level 37 :","Demolition","Dismantle","","Helm","Pinpoint Visor","Gunslinger Helm","Gunslinger Helm","Gunslinger Helm","","","Level 2 :","Medicae","","Level 17 :","Advanced Tracking","","Level 37 :","Coercion","Dependable Ally","","Helm","Helm of Determination","Arbites Helmet","Arbites Helmet","Steel guidance / Retinal Analyser","","","Level 2 :","Medicae","","Level 17 :","Claim the Bounty","","Level 37 :","Awareness","Withdraw","","Helm","","Self-Calibrating Goggles","Self-Calibrating Goggles","Self-Calibrating Helm","","","Level 2 :","Demolition","","Level 17 :","Strategic Adaptation","","Level 37 :","Demolition","Brother-In-Arms","","Helm","","Adeptus Arbites Helmet","Adeptus Arbites Helmet","Steel guidance","","","Level 2 :","Coercion","","Level 17 :","Advanced Tracking","","Level 37 :","Coercion","Brother-in-Arms","","Helm","","Adeptus Arbites Helmet","Adeptus Arbites Helmet","Steel guidance","","","Level 2 :","Demolition","","Level 17 :","Claim the Bounty","","Level 37 :","Demolition","Share the Spoils","","Helm","Pinpoint Visor","Adeptus Arbites Helmet","Adeptus Arbites Helmet","Steel guidance","","","Level 2 :","Medicae","","Level 17 :","Death Whisper","","Level 37 :","Coercion","Lethal Concentration","","Helm","Tactical Goggles","Arbites Helmet","Self-Calibrating Goggles","Self-Calibrating Helm","","","","","","","","","","","","","","","","","",""
"","Level 3 :","Revel in Slaughter","","Level 18 :","Allout","","Level 38 :","Ballistic Skill","Power Armour Proficiency","","Armour","Death World Light Flak Armour","Death World Enforcer Light Carapace","Death World Enforcer Light Carapace","Artificer Power Armour","","","Level 3 :","Endure","","Level 18 :","Joint Hunting","","Level 38 :","Weapon Skill","Power armour proficiency","","Armour","Ceramite Storm Trooper","War World Origin Tempestus Elite Carapace","War World Origin Tempestus Elite Carapace","Adherent of Mankind","","","Level 3 :","Expose Weakness","","Level 18 :","Hunting Surge","","Level 38 :","Ballistic Skill","Grenadier / Liturgy of Insulation","","Armour","Death World Light Flak Armour","Death World Enforcer's Light carapace","Death World Enforcer's Light carapace","Death World Enforcer's Light carapace","","","Level 3 :","Revel in Slaughter","","Level 18 :","Rite of Calibration","","Level 38 :","Ballistic Skill","Residual Power","","Armour","Death World Light Flak Armour","War World Origin Enforcer Carapace","War World Origin Enforcer Carapace","Hive world Origin Voidsmen Armour / Warrior Armour","","","Level 3 :","Bring it Down !","","Level 18 :","Special Training","","Level 38 :","Ballistic Skill","Grenadier","","Armour","Death World Light Flak Armour","Breacher Armour","Breacher Armour","Warrior Armour","","","Level 3 :","Revel in Slaughter","","Level 18 :","Hunting Surge","","Level 38 :","Ballistic Skill","Grenadier","","Armour","Death World Light Flak Armour","War World Origin Enforcer Carapace","War World Origin Enforcer Carapace","Hive world Origin Voidsmen Armour / Warrior Armour","","","Level 3 :","Expose Weakness","","Level 18 :","Deadly Calculation","","Level 38 :","Ballistic Skill","Lethal Precision","","Armour","Death World Light Flak Armour","Breacher Armour","Breacher Armour","Warrior Armour / High Spinner Armour","","","","","","","","","","","","","","","","","",""
"","Level 4 :","Firearm Mastery","Point-Blank","Level 19 :","Steady Superiority","","Level 39 :","Entrench","Demolition","","Cloak","","Tactical Backpack / Cloak of Hatred","Tactical Backpack / Cloak of Hatred","Tactical Backpack / Cloak of Hatred","","","Level 4 :","Daring Breach","Thick skin","Level 19 :","Overcharge","","Level 39 :","Sworn Enemy","Coercion","","Cloak","Xenopelt Cloak","Swashbuckler Cloak / Malpain Shroud","Swashbuckler Cloak / Malpain Shroud","Swashbuckler Cloak / Malpain Shroud","","","Level 4 :","Dismantling","Tide of Excellence","Level 19 :","Wild Hunt","","Level 39 :","Joint Analysis","Awareness","","Cloak","","Cloak Of Hatred","Cloak Of Hatred","Cloak Of Hatred","","","Level 4 :","Firearm Mastery","Point-Blank","Level 19 :","Overcharge","","Level 39 :","Entrench","Demolition","","Cloak","Camouflage Robe","Cloak of Hatred / Tactical Backpack","Cloak of Hatred / Tactical Backpack","Cloak of Hatred / Tempestus Elite crapace backpack","","","Level 4 :","Finest Hour","Lasting Impression","Level 19 :","Overcharge","","Level 39 :","Air of Authority","Coercion","","Cloak","Camouflage Robe","Tactical Backpack","Tactical Backpack","Tempestus Elite crapace backpack","","","Level 4 :","Firearm Mastery","Point-Blank","Level 19 :","Wild Hunt","","Level 39 :","Entrench","Demolition","","Cloak","Camouflage Robe","Cloak of Hatred / Tactical Backpack","Cloak of Hatred / Tactical Backpack","Cloak of Hatred / Tempestus Elite crapace backpack","","","Level 4 :","Dismantling Attack","Tide of Excellence","Level 19 :","Dispatch","","Level 39 :","Tactical Knowledge","Coercion","","Cloak","Von Valancius Cloak","Tactical Backpack","Tactical Backpack","Tempestus Elite Carapace Backpack","","","","","","","","","","","","","","","","","",""
"","Level 5 :","Ballistic Skill","Demolition Engineer","Level 20 :","AP +1","Ballistic Skill","Level 40 :","Degraded Defence","Distract","","Neck","","Dog Tags","Dog Tags","Dog Tags","","","Level 5 :","Ramming Speed","Weapon Skill","Level 20 :","Ap +1","Weapon Skill","Level 40 :","Destroyer","Suppressive Factor","","Neck","Grace of the Oblivious","Solid Shield Enarmes / Invigorating Resolve","Solid Shield Enarmes / Invigorating Resolve","Conmilitum Badge / Invigorating Resolve","","","Level 5 :","Ballistic Skill","Never Stop Believing","Level 20 :","AP +1 - Ballistic Skill","Residual Charge","Level 40 :","Degraded Defence","Inspiring Trophy","","Neck","Hypnotising Pendant","Hypnotising Pendant","Hypnotising Pendant","Synpatic Coagulator","","","Level 5 :","Ballistic Skill","Demolition Engineer","Level 20 :","Ap +1","Ballistic Skill","Level 40 :","Eager Surbordinates ","Relentless Pursuit","","Neck","","Ironclad Argument","Ironclad Argument","Ironclad Argument / Vial of Falstow","","","Level 5 :","Ballistic Skill","Lawful Intervention","Level 20 :","Ap +1","Ballistic Skill","Level 40 :","Eager Subordinates","Autonomous Medikit","","Neck","","Chartist Pendant","Chartist Pendant","Chartist Pendant","","","Level 5 :","Ballistic Skill","Demolition Engineer","Level 20 :","AP +1 - Ballistic Skill","Law and Order","Level 40 :","Extermination","Expert Finesse","","Neck","","Ironclad Argument","Ironclad Argument","Ironclad Argument / Vial of Falstow","","","Level 5 :","Ballistic Skill","Be Smart","Level 20 :","AP +1","Ballistic Skill","Level 40 :","Deathdealer","Seize the Advantage","","Neck","Hypnotising Pendant","Trajectory Optimiser / Dog Tags","Trajectory Optimiser / Dog Tags","Dashing Aquila / Dog Tags / The Vial of Falstow","","","","","","","","","","","","","","","","","",""
"","Level 6 :","Ballistic Skill","Concentrated Fire","Level 21 :","Always Ready","Ballistic Skill","Level 41 :","Ballistic Skill","Rack and Ruin","","Accessory 1","Mark of the Ruler","Combat Manipulator","Iron Cape","Demolition Instructions","","","Level 6 :","Taunting Scream","Coercion","Level 21 :","Master's Patronage","Weapon Skill","Level 41 :","Weapon Skill","Crowd Kill","","Accessory 1","First Aid Manual","Sturdy Shield Straps","Sturdy Shield Straps","Sturdy Shield Straps","","","Level 6 :","Uncanny Sight","Ballistic Skill","Level 21 :","Ballistic Skill","Hunter's Ambush","Level 41 :","Ballistic Skill","Comprehensive Analysis","","Accessory 1","Metronome","Metronome","Metronome","Vid-Capture Relay","","","Level 6 :","Ballistic Skill","Concentrated fire","Level 21 :","Enhanced Augmetics","Ballistic Skill","Level 41 :","Ballistic Skill","Camaraderie","","Accessory 1","Mark of the Ruler","Hadd-Pattern Data-Loom","Hadd-Pattern Data-Loom","Portable Motive Force Storage","","","Level 6 :","Decisive Response","Ballistic Skill","Level 21 :","Enhanced Augmetics","Ballistic Skill","Level 41 :","Ballistic Skill","Inspiring speech","","Accessory 1","Mark of the Ruler","Hadd-Pattern Data-Loom","Hadd-Pattern Data-Loom","Portable Motive Force Storage","","","Level 6 :","Ballistic Skill","Concentrated fire","Level 21 :","Ballistic Skill","Heightened Concentration","Level 41 :","Ballistic Skill","Rack and Ruin","","Accessory 1","Mark of the Ruler","Hadd-Pattern Data-Loom","Hadd-Pattern Data-Loom","Portable Motive Force Storage","","","Level 6 :","Uncanny Sight","Ballistic Skill","Level 21 :","Imminent Demise","Ballistic Skill","Level 41 :","Ballistic Skill","Improved Tactics","","Accessory 1","Metronome","Pair Holster","Pair Holster","Pair Holster / Saint Cognacius' Scriptures","","","","","","","","","","","","","","","","","",""
"","Level 7 :","Agility","Lawful Intervention","Level 22 :","Wildfire","Breaking Point","Level 42 :","Kick","Agility","","Accessory 2","Book of war prayers","Enemy Finder","Enemy Finder","Bead of Might","","","Level 7 :","Weapon Skill","The Steady Hand of Justice","Level 22 :","Strategic Adaptation","Coercion","Level 42 :","Bite!","Toughness","","Accessory 2","","Portable Motive Force Storage","Portable Motive Force Storage","Portable Motive Force Storage","","","Level 7 :","That's an Order!","Awareness","Level 22 :","Cull the bold","","Level 42 :","In the Name of the Lex Imperialis!","Intelligence","","Accessory 2","","Enemy Finder","Iron Cape","Long-Range Aim Lens","","","Level 7 :","Agility","Lawful Intervention","Level 22 :","Advanced Tracking","Demolition","Level 42 :","Bite!","Agility","","Accessory 2","Book of war prayers","Force Field Emitter","Force Field Emitter","Demolition Instructions","","","Level 7 :","Move Move Move","Armour-Piercing","Level 22 :","Strategic Adaptation","Coercion","Level 42 :","Bite!","Fellowship","","Accessory 2","Book of war prayers","Saint Cognacius' Scriptures","Saint Cognacius' Scriptures","Saint Cognacius' Scriptures","","","Level 7 :","Agility","Lawful Intervention","Level 22 :","Cull the bold","","Level 42 :","Grisly Adjudication","Agility","","Accessory 2","Book of war prayers","Force Field Emitter","Force Field Emitter","Demolition Instructions","","","Level 7 :","Perfect Spot","Coercion","Level 22 :","Coercion","Killing Edge","Level 42 :","Poised to Strike","Intelligence","","Accessory 2","","Saint Cognacius' Scriptures","Saint Cognacius' Scriptures","Notes on Weaknesses","","","","","","","","","","","","","","","","","",""
"","Level 8 :","Fired Up","Demolition","Level 23 :","Demolition","Heavy Gunner","Level 43 :","Ingenious","Residual Power","","Gloves","Relished Anguish","Recoil Gloves","Gloves of Rapid Desolation","Compensator Gloves","","","Level 8 :","Coercion","Impetus","Level 23 :","Enhanced Augmetics","","Level 43 :","Public Sentencing","Shield Mastery","","Gloves","Relished Anguish","Augmented Gloves","Augmented Gloves","Augmented Gloves","","","Level 8 :","Ballistic Calculation","Lawful Intervention","Level 23 :","Flay the bold","Awareness","Level 43 :","Pierce the Armour","Lethal Precision","","Gloves","Stalker Gloves","Marksman Bracers","Marksman Bracers","Apex Predator Gloves","","","Level 8 :","Fired up","Demolition","Level 23 :","Side by Side","","Level 43 :","Prepared Prosecution","High Resistance","","Gloves","Relished Anguish","Relished Anguish","Marksman Bracers","Elastic Gloves / Compensator Gloves","","","Level 8 :","Focus!","Coercion","Level 23 :","Rite of Calibration","","Level 43 :","Arbites Physical Training","Residual Power","","Gloves","Relished Anguish","Relished Anguish","Gloves of Rapid Desolation","Gloves of Rapid Desolation","","","Level 8 :","Fired up","Demolition","Level 23 :","Flay the bold","Demolition","Level 43 :","Savour the kill","Residual Power","","Gloves","Relished Anguish","Relished Anguish","Marksman Bracers","Elastic Gloves / Compensator Gloves","","","Level 8 :","Lawful Intervention","Liturgy of Insulation","Level 23 :","Lethality Heightens","","Level 43 :","Flawless Lunge","Calculated Resolve","","Gloves","Stalker Gloves","Marksman Bracers","Marksman Bracers / Gloves of Rapid Desolation","Marksman Bracers / Compensator Gloves","","","","","","","","","","","","","","","","","",""
"","Level 9 :","Firearm Mastery II","","Level 24 :","Agility","Overpower","Level 44 :","Coercion","Extermination","","Boots","Warmonger Boots","Breezecatcher boots","Recoil Warboots","Caligae of Saint Keefe","","","Level 9 :","Daring Breach II","","Level 24 :","Toughness","Melee Weapon Specialist","Level 44 :","Athletics","Degraded Defence","","Boots","Pneumo Boots","Pneumo Boots","Pneumo Boots","Enforcer Light Boots / Void veteran boots","","","Level 9 :","Dismantling III","Awareness","Level 24 :","Intelligence","Law and Order","Level 44 :","Coercion","Deadly Aim ","","Boots","Warmonger Boots","Warmonger Boots","Sharpshooter's Boots","Sharpshooter Boots","","","Level 9 :","Firearm Mastery I","","Level 24 :","Agility","Armour-Piercing","Level 44 :","Coercion","Extermination","","Boots","","Warmonger Boots","Warmonger Boots","Heavy Breacher Boots / Navy Breacher Boots","","","Level 9 :","Finest Hour IV","","Level 24 :","Fellowship","Shotgun Mastery","Level 44 :","Lore Imperium","Degraded Defence","","Boots","Warmonger Boots","Commissar Boots","Commissar Boots","Commissar Boots","","","Level 9 :","Firearm Mastery I","","Level 24 :","Agility","Armour-Piercing","Level 44 :","Coercion","Vital Points","","Boots","","Warmonger Boots","Warmonger Boots","Heavy Breacher Boots / Navy Breacher Boots","","","Level 9 :","Dismantling Attack III","Coercion","Level 24 :","Intelligence","Residual Charge","Level 44 :","Lore Imperium","Masterful Precision","","Boots","Warmonger Boots","Warmonger Boots","Sharpshooter's Boots","Sharpshooter's Boots","","","","","","","","","","","","","","","","","",""
"","Level 10 :","Swift Slaughter / Alacrity","Agility","Level 25 :","Flashfire","","Level 45 :","AP +1","","","Weapon Set 1","The RIpper","Heavy Stubber","Heavy Stubber","Advanced Heavy Stubber / Righteous Anger","","","Level 10 :","Open Engagement","Strength","Level 25 :","Brother-In-Arms","","Level 45 :","AP +1","","","Weapon Set 1","Balanced Maul","Heavy Maul","Heavy Maul","Heavy Maul / Coffinmaker's Sledge","","","Level 10 :","Coercion","Intelligence","Level 25 :","Heightened Concentration","","Level 45 :","AP +1","","","Weapon Set 1","Arc Rifle","Alpha's Arc Rifle","Alpha's Arc Rifle","Corpuscarii Oath","","","Level 10 :","Swift Slaughter / Alacrity","Agility","Level 25 :","Chain-Maw","","Level 45 :","AP +1","","","Weapon Set 1","Blast Wave","Nullifying Shotgun","Mars Pattern Shotgun","Double-Barreled Shotgun","","","Level 10 :","Lore Imperium","Fellowship","Level 25 :","Chain-Maw","","Level 45 :","AP +1","","","Weapon Set 1","foehammer","Nullifying Shotgun","Mars Pattern Shotgun","Double-Barreled Shotgun","","","Level 10 :","Swift Slaughter / Alacrity","Agility","Level 25 :","Inspiring Trophy","","Level 45 :","AP +1","","","Weapon Set 1","Blast Wave","Nullifying Shotgun","Mars Pattern Shotgun","Double-Barreled Shotgun","","","Level 10 :","Lore Imperium","Intelligence","Level 25 :","Perfect Opening","","Level 45 :","Ap +1","","","Weapon Set 1","Arc Rifle","Alpha's Arc Rifle","Alpha's Arc Rifle","Arc Rifle Mindstorm / Corpuscarii Oath","","","","","","","","","","","","","","","","","",""
"","Level 11 :","Rapid Fire","Coercion","Level 26 :","Demolition","Agility","Level 46 :","Muzzle Velocity","Coercion","","","","","","","","","Level 11 :","Reckless Strike","Heavy Armour Proficiency","Level 26 :","Toughness","Coercion","Level 46 :","Hardened Scars","Athletics","","","Stronghold","Radiant Shield","Heavy Shield","Advanced Shield","","","Level 11 :","Fresh Target","Coercion","Level 26 :","Awareness","Intelligence","Level 46 :","Continuous Analysis","Coercion","","","","","","","","","Level 11 :","Rapid Fire","Coercion","Level 26 :","Agility","Demolition","Level 46 :","Rack and Ruin","Coercion","","","Reflective Shield","Insulator Shield","Insulator Shield","Gunnery Shield","","","Level 11 :","Personal Oversight","Fellowship","Level 26 :","Fellowship","Coercion","Level 46 :","Leader's Assault","Lore Imperium","","","Reflective Shield","Insulator Shield","Insulator Shield","Gunnery Shield","","","Level 11 :","Rapid Fire","Coercion","Level 26 :","Demolition","Agility","Level 46 :","Enough Bullets for Everyone","Coercion","","","Reflective Shield","Insulator Shield","Insulator Shield","Gunnery Shield","","","Level 11 :","Ballistics Calculation","Lore Imperium","Level 26 :","Intelligence","Coercion","Level 46 :","Continuous Analysis","Lore Imperium","","","","","","","","","","","","","","","","","","","","","","","",""
"","Level 12 :","Strength","Never Stop Believing","Level 27 :","Steady Superiority IV","","Level 47 :","Enough bullets for Everyone","Medicae","","Weapon Set 2","Blast Wave","Nullifying Shotgun","Mars Pattern Shotgun","Double-Barrel Shotgun / Scoped Shotgun","","","Level 12 :","Toughness","Athletics","Level 27 :","Overcharge II","","Level 47 :","Contempt","Medicae","","Weapon Set 2","","","","Partner In Death","","","Level 12 :","Perfect Spot","Overclocking Module","Level 27 :","Wild Hunt II","","Level 47 :","Weak Body, Weak Soul","Lore Imperium","","Weapon Set 2","Blast Wave","Nullifying Shotgun","Mars Pattern Shotgun","Double-Barreled Shotgun","","","Level 12 :","Perception","Never Stop Believing","Level 27 :","Overcharge II","","Level 47 :","Enough Bullets for Everyone","Medicae","","Weapon Set 2","Modfied Lasgun","Assault Lasgun","Eroding Autogun","Necrontech Hot Shot Lasgun","","","Level 12 :","Break their ranks!","Characteristic Training: Per","Level 27 :","Overcharge II","","Level 47 :","Steel Resolve","Persuasion","","Weapon Set 2","Ripper Autopistol","Hot Shot Laspistol","Begger's Weapon","Begger's Weapon","","","Level 12 :","Perception","Never Stop Believing","Level 27 :","Wild Hunt II","","Level 47 :","Muzzle Velocity","Medicae","","Weapon Set 2","Modfied Lasgun","Assault Lasgun","Eroding Autogun","Necrontech Hot Shot Lasgun","","","Level 12 :","That's an Order!","Overclocking Module","Level 27 :","Dispatch II","","Level 47 :","Comprehensive Analysis","Medicae","","Weapon Set 2","Blast Wave","Promise of Retribution","Promise of Retribution","Promise of Retribution","","","","","","","","","","","","","","","","","",""
"","Level 13 :","Unfaltering Fire","Armour-Piercing","Level 28 :","Coercion","Adaptability","Level 48 :","Contempt for the weak","Agility","","","","","","","","","Level 13 :","Rigorous Training","Athletics","Level 28 :","Rite of Calibration","Characteristic Training: Per","Level 48 :","Mob Justice","Toughness","","","Stronghold","Radiant Shield","Heavy Shield","","","","Level 13 :","Sniper Expertise","Perception","Level 28 :","Savour the kill","","Level 48 :","Guidance","Intelligence","","","","","","","","","Level 13 :","Unfaltering FIre","Shield Mastery","Level 28 :","Law and Order","Public Sentencing","Level 48 :","Dependable Ally","Agility","","","","","","","","","Level 13 :","Prepare for an assault!","Lore Imperium","Level 28 :","Suppression Factor","Mob Justice","Level 48 :","Perimeter Defence","Fellowship","","","Reflective Shield","Insulator Shield","Insulator Shield","Gunnery Shield","","","Level 13 :","Unfaltering FIre","Shield Mastery","Level 28 :","Cut to the chase","","Level 48 :","Guidance","Agility","","","","","","","","","Level 13 :","Fresh Target","Perception","Level 28 :","Staggering Jolt","Killing Spree","Level 48 :","Bloody Mess","Intelligence","","","","Promise of Freedom","Promise of Freedom","Promise of Freedom","","","","","","","","","","","","","","","","","",""
"","Level 14 :","Heavy Weapon Proficiency","Coercion","Level 29 :","Perception","Hail of Bullets","Level 49 :","Perception","Medicae","","","","","","","","","Level 14 :","Toughness","Steel of the Forge","Level 29 :","Perception","Athletics","Level 49 :","Perception","Medicae","","","","","","","","","Level 14 :","Perception","Staggering Jolt","Level 29 :","Coercion","Perception","Level 49 :","Perception","Lore Imperium","","","","","","","","","Level 14 :","Shotgun Mastery","Coercion","Level 29 :","Perception","Coercion","Level 49 :","Perception","Medicae","","Pet Protocol","","Wrath of the Meek","Wrath of the Meek","Pack Hunting","","","Level 14 :","Perception","Never Stop Believing","Level 29 :","Perception","Lore Imperium","Level 49 :","Toughness","Persuasion","","Pet Protocol","","Wrath of the Meek","Wrath of the Meek","Pack Hunting","","","Level 14 :","Shotgun Mastery","Coercion","Level 29 :","Coercion","Perception ","Level 49 :","Perception","Medicae","","","","","","","","","Level 14 :","Perception","Armour-Piercing","Level 29 :","Perception","Lore Imperium","Level 49 :","Perception","Medicae","","","","","","","","","","","","","","","","","","","","","","","",""
"","Level 15 :","Firearm Mastery III","","Level 30 :","Devastating Attack","","Level 50 :","Eager for Battle","Integrity ","","Optical Insertion","Somatic Insertion","Cortical Insertion","Sinistral Insertion","Dextral Insertion","Musculoskeletal Insertion","","Level 15 :","Daring Breach IV","","Level 30 :","Consolidation","","Level 50 :","Extermination","Desolation","","Optical Insertion","Somatic Insertion","Cortical Insertion","Sinistral Insertion","Dextral Insertion","Musculoskeletal Insertion","","Level 15 :","Dismantling II","","Level 30 :","Spare Magazine","Hot on the trail","Level 50 :","Vital Points","Combat Insight","","Optical Insertion","Somatic Insertion","Cortical Insertion","Sinistral Insertion","Dextral Insertion","Musculoskeletal Insertion","","Level 15 :","Firearm Mastery IV","","Level 30 :","Consolidation","","Level 50 :","Vital Points","Muzzle Velocity","","","","","","","","","Level 15 :","Finest Hour I","","Level 30 :","Thats's An Order!","","Level 50 :","Attention!","Seize the Initiative","","","","","","","","","Level 15 :","Firearm Mastery IV","","Level 30 :","Public Sentencing","Double Slug","Level 50 :","Deadly Aim","Tenderise","","","","","","","","","Level 15 :","Dismantling II","","Level 30 :","In the Name of the Lex Imperialis!","","Level 50 :","Contagion","Sniper Expertise","","Optical Insertion","Somatic Insertion","Cortical Insertion","Sinistral Insertion","Dextral Insertion","Musculoskeletal Insertion","","","","","","","","","","","","","","","","",""
"","","","","Level 31 :","Breaking Attack","","Level 51 :","Preferred Targets","Medicae","","Focal Emitter MK Soldier","Weapon Optimiser MKI","","","Hand of the Righteous","","Act 2","","","","Level 31 :","Armour-Piercing","Law and Order","Level 51 :","Relentless Pursuit","Medicae","","","","","","","","Act 2","","","","Level 31 :","Trail and Shatter","","Level 51 :","Guresome Kill","Lore Imperium","","Focal Emitter MK Soldier","Weapon Optimiser MKI","","","Hand of the Righteous","","","","","","Level 31 :","Perimeter Defence","Mob Justice","Level 51 :","Binding Purpose","Medicae","","Optical Insertion","Somatic Insertion","Cortical Insertion","Sinistral Insertion","Dextral Insertion","Musculoskeletal Insertion","","","","","Level 31 :","Relentless Pursuit","Law and Order","Level 51 :","Battle Mode: Terror","Persuasion","","Optical Insertion","Somatic Insertion","Cortical Insertion","Sinistral Insertion","Dextral Insertion","Musculoskeletal Insertion","","","","","Level 31 :","Hunter's Ambush","","Level 51 :","Gruesome Kill","Medicae","","Optical Insertion","Somatic Insertion","Cortical Insertion","Sinistral Insertion","Dextral Insertion","Musculoskeletal Insertion","","","","","Level 31 :","Echopulse","Bringer of Doom","Level 51 :","An Eye for the unscathed","medicae","","Cerebral Holo-Ocular MK-I","Adaptive Hemo-Filter MK 'Officer'","Telemetric Logis-Analyser MK-I","Remote Revitaliser MK 'Officer'","","Adaptive Servo-Struts MK 'Operative'","","","","","","","","","","","","","","","","",""
"","","","","Level 32 :","Perception","Coercion","Level 52 :","Exploit Weakness","Motive Force Overload","","Focal Emitter MK Soldier","Weapon Optimiser MKI","","","Hand of the Righteous","","Act 3","","","","Level 32 :","Perception","Athletics","Level 52 :","Pillar of the Law","Lethal Precision","","","","","","","","Act 3","","","","Level 32 :","Perception","Coercion","Level 52 :","Pillar of the Law","Residual Power","","Focal Emitter MK Soldier","Weapon Optimiser MKI","","","Hand of the Righteous","","","","","","Level 32 :","Perception","Coercion","Level 52 :","Fortress","Motive Force Overload","","","","","","","","Act 2","","","","Level 32 :","Perception","Lore Imperium","Level 52 :","Pillar of the Law","Motive Force Overload","","Tactical Analyser","","","","","","Act 2","","","","Level 32 :","Perception","Coercion","Level 52 :","Integrity / Alacrity","Motive Force Overload","","Focal Emitter MK Soldier","Weapon Optimiser MKI","","","Hand of the Righteous","","Act 2","","","","Level 32 :","Lore Imperium","","Level 52 :","Lone Killer","Residual Power","","Cerebral Holo-Ocular MK-I","Adaptive Hemo-Filter MK-I","Telemetric Logis-Analyser MK-I","Remote Revitaliser MK 'Officer'","","Adaptive Servo-Struts MK 'Operative'","","","","","","","","","","","","","","","","",""
"","","","","Level 33 :","Critical Versatility","Perception","Level 53 :","Controlled Shot","Perception","","Focal Emitter MK Soldier","Weapon Optimiser MK AM","","","Hand of the Righteous","","Act 4","","","","Level 33 :","Chain-Maw","","Level 53 :","Run!","Perception","","","","","","","","Act 4","","","","Level 33 :","Expert Finesse","","Level 53 :","Piercing Shot","Perception","","Focal Emitter MK Soldier","Weapon Optimiser MKII","","","Hand of the Righteous","","","","","","Level 33 :","Suppressive Factor","","Level 53 :","Grisly Adjudication ","Perception","","","","","","","","Act 3","","","","Level 33 :","Side by Side","","Level 53 :","Consolidation","Toughness","","Tactical Analyser","","","","","","Act 3","","","","Level 33 :","Pierce the Armour","","Level 53 :","Piercing Shot","Perception","","Focal Emitter MK Soldier","Weapon Optimiser MKI","","","Hand of the Righteous","","Act 3","","","","Level 33 :","Disarray","Perception","Level 53 :","Precise Attack","Perception","","Cerebral Holo-Ocular MK-II","Adaptive Hemo-Filter MK-II","Telemetric Logis-Analyser MK-II","Remote Revitaliser MK 'Officer'","","Adaptive Servo-Struts MK 'Operative'","","","","","","","","","","","","","","","","",""
"","","","","Level 34 :","Perception","Law and Order","Level 54 :","Vital Points","Accustomed to Glory","","","","","","","","Act 5","","","","Level 34 :","Dual-Weapon Combat","","Level 54 :","Eager for Battle","Interception","","","","","","","","Act 5","","","","Level 34 :","Armour-Peircing","","Level 54 :","Extermination","Pierce and Ruin","","","","","","","","","","","","Level 34 :","Grenadier","","Level 54 :","Eager for battle","Integrity / Alacrity","","","","","","","","Act 4","","","","Level 34 :","Public Sentencing","","Level 54 :","Eager for Battle","","","Tactical Analyser","","","","","","Act 4","","","","Level 34 :","Mob Justice","","Level 54 :","Eager for battle","Pierce and Ruin","","Focal Emitter MK Soldier","Weapon Optimiser MKII","","","Hand of the Righteous","","Act 4","","","","Level 34 :","Law and Order","","Level 54 :","Extermination / Masterful Display","Insightful Precision","","","","","","","","","","","","","","","","","","","","","","","",""
"","","","","Level 35 :","Steady Superiority II","","Level 55 :","AP +1","","","","","","","","","","","","","Level 35 :","Overcharge I","","Level 55 :","AP +1","","","","","","","","","","","","","Level 35 :","Wild Hunt III","","Level 55 :","AP +1","","","","","","","","","","","","","Level 35 :","Overcharge I","","Level 55 :","AP +1","","","","","","","","","Act 5","","","","Level 35 :","Overcharge I","","Level 55 :","AP +1","","","","","","","","","Act 5","","","","Level 35 :","Wild Hunt III","","Level 55 :","AP +1","","","","","","","","","Act 5","","","","Level 35 :","Dispatch I","","Level 55 :","Ap +1","","","","","","","","","","","","","","","","","","","","","","","","",""
"","Revan's Pyromancer","","","","","","","","","","Skill Options","","","","","","","Primaris-rogue Witch (Safe Idira damage build)","","","","","","","","","","Skill Options","","","","","","","The Great Pyromancer (2h warrior pyromancer build)","","","","","","","","","","Skill Options","","","","","","","Chaos Warlock","","","","","","","","","","Skill Options","","","","","","","Eisenhorn (using solid / revolver pistols as there are not many bolt pistols in game)","","","","","","","","","","Skill Options","","","","","","","Feral Psyker","","","","","","","","","","Skill Options","","","","","","","Spells & Shells (Formally Lina the Slayer)","","","","","","","","","","Skill Options","","","","","","","Revan's Warp Reaper (Psy Capacitor Duellist)","","","","","","","","","","Skill Options","","","","",""
"","Death World - Sanctioned Psyker (Pyromancer) - +2 WS / +2 AGL / +2 PER (Old fire tsunami build updated)","","","","","","","","","","Medicae / Demolitions","","","","","","","Voidborn - Sanctioned Psyker (Telepath) - Operative - Intelligence +2 / Perception +2 / Willpower +2","","","","","","","","","","Intelligence skills","","","","","","","Forge World (Subskin armour) - Sanctioned Psyker (Pyromancer) - Warrior - WS +2 / Str +2 / Tgh +2","","","","","","","","","","Athletics / Carouse","","","","","","","Fortress world - Sanctioned Psyker (Telepath) - Operative - Intelligence +2 / Perception +2 / Willpower +2 (Maybe their sanctic powers is just really worshiping the emperor as the 5th chaos god)","","","","","","","","","","Intelligence Skills","","","","","","","Imperial World (Willpower) - Sanctioned Psyker (Telepath) - Warrior - Weapon Skill +2 / Strength +2 / Toughness +1 / Willpower +1","","","","","","","","","","Athletics / Carouse","","","","","","","Death World - Sanctioned Psyker (Biomancer) - +2 WS / +2 AGL / +2 PER - Trauma build bladedancer biomancer built to maximise the turbo one turn playstyle, more meta than the pyro start","","","","","","","","","","Medicae / Demolitions","","","","","","","Fortress World - Sanctioned Psyker (Pyromancer) - Soldier - Ballistic Skill +2 / Agility +2 / Perception +1 / Willpower +1 (Psyker staffs still count as melee for talents/abilities)","","","","","","","","","","Medicae / Demolitions","","","","","","","Death World - Sanctioned Psyker (Pyromancer) - +2 WS / +2 AGL / +2 PER (psy capacitor is weaker than orchestrate flame with inflame)","","","","","","","","","","Medicae / Demolitions","","","","",""
"","Blade Dancer","","","Executioner","","","Exemplar","","","","","","","","","","","Operative","","","Overseer","","","Exemplar","","","","","","","","","","","Warrior","","","Arch-Militant","","","Exemplar","","","","","","","","","","","Operative","","","Assassin","","","Exemplar","","","","","","","","","","","Warrior","","","Arch-Militant","","","Exemplar","","","","","","","","","","","Blade Dancer","","","Executioner","","","Exemplar","","","","","","","","","","","Soldier","","","Arch-Militant","","","Exemplar","","","","","","","","","","","Blade Dancer","","","Executioner","","","Exemplar","","","","","","","","",""
"","Level 1 :","Blade Dance","","Level 16 :","Forced Repentance","Scourging Strike + Where it hurts","Level 36 :","Peak Condtion","Rising Tempo","","Gear to consider","Act 1","Act 2","Act 3","Act 4","Act 5","","Level 1 :","Analyse Enemies","","Level 16 :","Psyber-Raven Proficiency","","Level 36 :","Degraded Defence","Weak Body, Weak Soul","","Gear to consider","Act 1","Act 2","Act 3","Act 4","Act 5","","Level 1 :","Charge","","Level 16 :","Versitility","","Level 36 :","Peak Condition","Crowd Kill","","Gear to consider","Act 1","Act 2","Act 3","Act 4","Act 5","","Level 1 :","Analyse Enemies","","Level 16 :","Seek the Opening","","Level 36 :","Malign Influence","Continuous Analysis","","Gear to consider","Act 1","Act 2","Act 3","Act 4","Act 5","","Level 1 :","Charge","","Level 16 :","Versitility","","Level 36 :","Peak Condtion","Crowd Kill","","Gear to consider","Act 1","Act 2","Act 3","Act 4","Act 5","","Level 1 :","Blade Dance","","Level 16 :","Forced Repentance","Scourging Strike + Where it hurts","Level 36 :","Peak Condtion","Rising Tempo","","Gear to consider","Act 1","Act 2","Act 3","Act 4","Act 5","","Level 1 :","Run and Gun","","Level 16 :","Versatility","","Level 36 :","Degraded Defence","Rack and Ruin","","Gear to consider","Act 1","Act 2","Act 3","Act 4","Act 5","","Level 1 :","Blade Dance","","Level 16 :","Forced Repentance","Scourging Strike + Where it hurts","Level 36 :","Peak Condtion","Rising Tempo","","Gear to consider","Act 1","Act 2","Act 3","Act 4","Act 5"
"","Level 2 :","Medicae","","Level 17 :","Biomancy","","Level 37 :","Medicae","Fragile Playthings","","Helm","Tactical Goggles","Mechanicus Respirator / Thassertium Mask","Thassertium Mask","Eyes of Joyeuse / Carmine Crown","","","Level 2 :","Medicae","","Level 17 :","Strategic Adaptation","","Level 37 :","Lore Warp","Enhanced Augmetics","","Helm","Analyst's Hemet","Thassertium Mask","Thassertium Mask","Ghost Helm","","","Level 2 :","Medicae","","Level 17 :","Reckless Rush","","Level 37 :","Athletics","Dismantle","","Helm","Deck Officer's Helmet","Thassertium Mask","Thassertium Mask","Eyes of Joyeuse","","","Level 2 :","Medicae","","Level 17 :","Psychic Assault","","Level 37 :","Lore Warp","Lethal Concentration","","Helm","","Thassertium Mask","Thassertium Mask","Ghost Helm / Ethereal Visor / Eyes of Joyeuse","","","Level 2 :","Medicae","","Level 17 :","Reckless Rush","","Level 37 :","Athletics","Armsmaster","","Helm","Helm of Determination","The Guardian Crown","The Guardian Crown","The Guardian Crown","","","Level 2 :","Medicae","","Level 17 :","Pain Resonance","","Level 37 :","Medicae","Fragile Playthings","","Helm","Tactical Goggles","Mechanicus Respirator","Mechanicus Respirator","Eyes of Joyeuse / Carmine Crown","","","Level 2 :","Medicae","","Level 17 :","Reckless Rush","","Level 37 :","Awareness","Preferred Targets","","Helm","Pinpointing Visor","Thassertium Mask","Thassertium Mask","Eyes of Joyeuse / Ghost Helm / Ethereal Visor","","","Level 2 :","Medicae","","Level 17 :","Biomancy","","Level 37 :","Medicae","Psyker Extremis","","Helm","Face of the Sovereign / Tactical Goggles","Mechanicus Respirator / Thassertium Mask","Mechanicus Respirator / Thassertium Mask","Eyes of Joyeuse / Carmine Crown",""
"","Level 3 :","Death From Above","","Level 18 :","Anatomy Expert","","Level 38 :","Weapon Skill","Power Armour Proficiency","","Armour","Death World Light Flak Armour","Death World Enforcer's Light Carapace","Adherent of Mankind","Sanguine Judgment / Adherent of Mankind","","","Level 3 :","Expose Weakness","","Level 18 :","Warp Buffer","","Level 38 :","Willpower","Be Smart","","Armour","Psychic Bodyglove","","","","","","Level 3 :","Endure","","Level 18 :","Always Ready","","Level 38 :","Weapon Skill","Fire within","","Armour","Casing Chestplate","Zarkovian Soldier's Armour","Zarkovian Soldier's Armour","Zarkovian Soldier's Armour","","","Level 3 :","Expose Weakness","","Level 18 :","Deadly Calculation","","Level 38 :","Willpower","Burning Blood","","Armour","Psychic Bodyglove","Breacher Armour","Breacher Armour","Cultist Armour Plates / Greatcoat of Krieg / High Spinner Armour","","","Level 3 :","Endure","","Level 18 :","Always Ready","","Level 38 :","Weapon Skill","Lethal Precision","","Armour","Ceramite Storm Trooper","Fortress World Tempestus Carapace","Fortress World Tempestus Carapace","Fortress World Tempestus Carapace","","","Level 3 :","Death From Above","","Level 18 :","Anatomy Expert","","Level 38 :","Weapon Skill","Power Armour Proficiency","","Armour","Death World Light Flak Armour","Death World Enforcer's Light Carapace","Adherent of Mankind","Sanguine Judgment","","","Level 3 :","Revel in Slaughter","","Level 18 :","Always Ready","","Level 38 :","Ballistic Skill","Subtle Manipulation","","Armour","Synskin / Psychic Bodyglove","Death World Enforcer Light Carapace","Death World Enforcer Light Carapace","Greatcoat of Krieg","","","Level 3 :","Death From Above","","Level 18 :","Anatomy Expert","","Level 38 :","Weapon Skill","Power Armour Proficiency","","Armour","Death World Light Flak Armour","Death World Enforcer's Light Carapace","Adherent of Mankind","Sanguine Judgment",""
"","Level 4 :","Death Waltz","Death Warden","Level 19 :","Carnival of Misery","","Level 39 :","Captive Audience","Medicae","","Cloak","Von Valacius Cloak","Swashbuckler Cloak","Swashbuckler Cloak","Swashbuckler Cloak","","","Level 4 :","Dismantling Attack","Tide of Excellence","Level 19 :","Overcharge","","Level 39 :","Sensory Deprivation","Lore Warp","","Cloak","Phantom Cloak","Singed Cape","Singed Cape","Singed Cape","","","Level 4 :","Daring Breach","Thick Skin","Level 19 :","Steady Superiority","","Level 39 :","Firestorm","Athletics","","Cloak","Xenopelt Cloak","Malpian Shroud","Malpian Shroud","Lady Theodora's Mantle","","","Level 4 :","Dismantling Attack","Tide of Excellence","Level 19 :","Dispatch","","Level 39 :","Santic Powers","Lore Warp","","Cloak","Phantom Cloak","Dimensional Traveller Cloak / Malpian Shroud","Dimensional Traveller Cloak / Malpian Shroud","Singed Cloak / Malpian Shroud","","","Level 4 :","Daring Breach","Thick skin","Level 19 :","Steady Superiority","","Level 39 :","Dominate","Athletics","","Cloak","Xenopelt Cloak","Malpian Shroud","Malpian Shroud","Arch-Militant Cape","","","Level 4 :","Death Waltz","Death Warden","Level 19 :","Carnival of Misery","","Level 39 :","Captive Audience","Medicae","","Cloak","Von Valacius Cloak","Malpian Shroud / Swashbuckler Cloak","Malpian Shroud / Swashbuckler Cloak","Malpian Shroud / Swashbuckler Cloak","","","Level 4 :","Firearm Mastery","Muzzle Velocity","Level 19 :","Steady Superiority","","Level 39 :","Sanctic Powers","Awareness","","Cloak","Camouflage Robe","Malpian Shroud / Tactical Backpack","Malpian Shroud / Tactical Backpack","Malpian Shroud / Tactical Backpack","","","Level 4 :","Death Waltz","Death Warden","Level 19 :","Carnival of Misery","","Level 39 :","Captive Audience","Medicae","","Cloak","Von Valacius Cloak","Malpian Shroud / Swashbuckler Cloak","Swashbuckler Cloak","Swashbuckler Cloak",""
"","Level 5 :","Psyker Minoris","Weapon Skill","Level 20 :","AP +1","Weapon Skill","Level 40 :","Destroyer","Racking Weakness","","Neck","Daemon Tool","Daemon Tool","Daemon Tool","Starmist Scarf / Daemon Tool","","","Level 5 :","Willpower","Psyker Minoris","Level 20 :","Ap +1","Willpower","Level 40 :","Malign Influence","Sacrificial Penance","","Neck","Missionary Oath","Vortex Pendant","Vortex Pendant","Vortex Pendant","","","Level 5 :","Ramming Speed","Weapon Skill","Level 20 :","AP +1","Weapon Skill","Level 40 :","Destroyer","Distract","","Neck","","Invigorating Resolve","Invigorating Resolve","Starmist Scarf","","","Level 5 :","Intelligence","Psyker Minoris","Level 20 :","AP +1","Willpower","Level 40 :","Contagion","Weak Hearts","","Neck","Gem of Dark Vitality","Chain of Crystals / Invigorating Resolve","Chain of Crystals / Invigorating Resolve","Starmist Scarf / Invigorating Resolve","","","Level 5 :","Ramming Speed","Weapon Skill","Level 20 :","AP +1","Weapon Skill","Level 40 :","Destroyer","Dismantle","","Neck","Grace of the Oblivious","Invigorating Resolve","Invigorating Resolve","Invigorating Resolve","","","Level 5 :","Psyker Minoris","Weapon Skill","Level 20 :","AP +1","Weapon Skill","Level 40 :","Destroyer","Deterioration ","","Neck","","Invigorating Resolve / Anatomist's Amulet","Invigorating Resolve / Anatomist's Amulet","Invigorating Resolve / Anatomist's Amulet","","","Level 5 :","Ballistic Skill","Rapid Reload","Level 20 :","Ap +1","Ballistic Skill","Level 40 :","Extermination","Contempt for the Weak","","Neck","","Invigorating Resolve / Chain of Crystals","Invigorating Resolve / Chain of Crystals","Invigorating Resolve / Starmist Scarf","","","Level 5 :","Psyker Minoris","Weapon Skill","Level 20 :","AP +1","Weapon Skill","Level 40 :","Destroyer","Fragile Playthings","","Neck","","Invigorating Resolve / Anatomist's Amulet","Daemon Tool","Psy Focus",""
"","Level 6 :","Blood Oath","Medicae","Level 21 :","Weapon Skill","Biophysical Distortion","Level 41 :","Weapon Skill","Grand Performance","","Accessory 1","","Warp Surge Brooch","Warp Surge Brooch / Hand of Offence","Hand of Offence / Warp Surge Brooch","","","Level 6 :","Uncanny Sight","Intelligence","Level 21 :","Rite of Calibration","Willpower","Level 41 :","Willpower","Aftershock","","Accessory 1","","Spirit Drape","Spirit Drape","Spirit Drape","","","Level 6 :","Reckless Strike","Athletics","Level 21 :","Allout","Weapon Skill","Level 41 :","Weapon Skill","Easy Target","","Accessory 1","","Warp Surge Brooch","Warp Surge Brooch","Warp Surge Brooch","","","Level 6 :","Uncanny Sight","Intelligence","Level 21 :","Imminent Demise","Willpower","Level 41 :","Willpower","Comprehensive Analysis","","Accessory 1","","Warp Surge Brooch","Warp Surge Brooch","Warp Surge Brooch","","","Level 6 :","Sensory Deprivation","Athletics","Level 21 :","Allout","Weapon Skill","Level 41 :","Weapon Skill","Easy Target","","Accessory 1","First Aid Manual","First Aid Manual","First Aid Manual","Hellbrute Horn Trophy","","","Level 6 :","Blood Oath","Medicae","Level 21 :","Weapon Skill","Sower of Distress","Level 41 :","Weapon Skill","Grand Performance","","Accessory 1","","Warp Surge Brooch","Warp Surge Brooch","Warp Surge Brooch","","","Level 6 :","Ballistic Skill","Rapid Fire","Level 21 :","All out","Ballistic Skill","Level 41 :","Ballistic Skill","Enough Bullets for Everyone","","Accessory 1","Mark of the Ruler","Warp Surge Brooch","Warp Surge Brooch","Warp Surge Brooch","","","Level 6 :","Blood Oath","Medicae","Level 21 :","Weapon Skill","Biophysical Distortion","Level 41 :","Weapon Skill","Grand Performance","","Accessory 1","","Warp Surge Brooch","Warp Surge Brooch / Grimoire of the Void","Warp Surge Brooch / Grimoire of the Void",""
"","Level 7 :","Weapon Skill","Blood Rush","Level 22 :","Orchestrate Flame / Firestorm ","","Level 42 :","Reckless Abandon / Enfeeble","Agility","","Accessory 2","","Spirit Drape","Spirit Drape","Spirit Drape","","","Level 7 :","Pyromancy","Lore Imperium","Level 22 :","Enfeeble","Lore Imperium","Level 42 :","Psychic Assault","Intelligence","","Accessory 2","","Warp Surge Brooch","Warp Surge Brooch","Warp Surge Brooch","","","Level 7 :","Weapon Skill","Psyker Minoris","Level 22 :","Wildfire","Pysker Majoris","Level 42 :","Devastating Attack","Toughness","","Accessory 2","","Spirit Drape","Hand of Offence","Hand of Offence","","","Level 7 :","Pyromancy","Lore Imperium","Level 22 :","Lore Imperium","Firestorm","Level 42 :","Shield of the Emperor","Intelligence","","Accessory 2","","Spirit Drape / Saint Cognacius's Scriptures","Spirit Drape / Saint Cognacius's Scriptures","Notes On Weaknesses (DT cloak will kill you)","","","Level 7 :","Weapon Skill","Psyker Minoris","Level 22 :","Wildfire","Characteristic Training: Per","Level 42 :","Kick","Toughness","","Accessory 2","","Combat Manipulator","Combat Manipulator","Blades Clone Field","","","Level 7 :","Weapon Skill","Blood Rush","Level 22 :","Pyromancy","","Level 42 :","Reckless Abandon","Agility","","Accessory 2","","Spirit Drape","Spirit Drape / Hand of Offence","Spirit Drape / Hand of Offence","","","Level 7 :","Agility","Psyker Minoris","Level 22 :","Wilfire","Fire Within","Level 42 :","Shield of the Emperor","Agility","","Accessory 2","Book of war prayers ","Chains of Domination","Hand of Offence","Hand of Offence","","","Level 7 :","Weapon Skill","Blood Rush","Level 22 :","Pain Resonance","","Level 42 :","Sanctic Powers","Agility","","Accessory 2","","Diagnoster / Grimoire of the Void","Hand of Offence","Hand of Offence",""
"","Level 8 :","Demolition","Body of Flames","Level 23 :","Sparks of the Greater Flame","Medicae","Level 43 :","Psyker Extremis","Calculated Resolve","","Gloves","Avenger Gauntlets","Augmented Gloves","Augmented Gloves / Hand of Avolius","Hand of Avolius","","","Level 8 :","Backdraft","Pain Channelling","Level 23 :","Psy-Resonator","","Level 43 :","Suppression Factor","Contagious Luck","","Gloves","Stalker Gloves","","","Abyssal Conduit","","","Level 8 :","Athletics","Impetus","Level 23 :","Athletics","Flashfire","Level 43 :","Breaking Attack","Lethal Precision","","Gloves","Gloves of Endurance","Augmented Gloves","Augmented Gloves","Augmented Gloves","","","Level 8 :","Backdraft","Pain Channelling","Level 23 :","Lethality Heightens","","Level 43 :","Mind Thief","Calculated Resolve","","Gloves","Stalker Gloves","Thrice Pioneer's Bracers","Thrice Pioneer's Bracers","Abyssal Conduit","","","Level 8 :","Athletics","Impetus","Level 23 :","Athletics","Flashfire","Level 43 :","Martial Art","Residual Power","","Gloves","Relished Anguish","Adaptive Gloves","Adaptive Gloves","Adaptive Gloves","","","Level 8 :","Demolition","Wounded Beast","Level 23 :","Sparks of the Greater Flame","Medicae","Level 43 :","Racking Weakness","Psyker Extremis","","Gloves","Avenger Gauntlets","Augmented Gloves","Augmented Gloves","Hand of Avolius","","","Level 8 :","Unfaltering Fire","Demolition","Level 23 :","Demolition","Flash Fire","Level 43 :","Exploit Weakness","Melting Armour","","Gloves","Stalker Gloves / Stabilising Bracers","Recoil Gloves","Gloves of Rapid Desolation","Compensator Gloves / Abyssal Gloves","","","Level 8 :","Demolition","Wounded Beast","Level 23 :","Sparks of the Greater Flame","Medicae","Level 43 :","Racking Weakness","Calculated Resolve","","Gloves","Avenger Gauntlets","Augmented Gloves","Augmented Gloves","Hand of Avolius",""
"","Level 9 :","Death Waltz II","","Level 24 :","Agility","Psyker Majoris","Level 44 :","Demolition","Extermination","","Boots","Skirmisher Boots","Inertia Boots","Inertia Boots","Inertia Boots","","","Level 9 :","Dismantling Attack III","Lore Imperium","Level 24 :","Intelligence","Psyker Terminus","Level 44 :","Lore Imperium","Extermination","","Boots","","Psyker's Footware","Psyker's Footware","Boots of Decay","","","Level 9 :","Daring Breach II","","Level 24 :","Toughness","Psyker Terminus","Level 44 :","Carouse","Degraded Defence","","Boots","Pneumo Boots","Pneumo Boots","Pneumo Boots","Void Veteran Boots","","","Level 9 :","Dismantling Attack III","Lore Imperium","Level 24 :","Perception","Blazing Inferno / NSB","Level 44 :","Lore Imperium","Degraded Defence","","Boots","","Psyker's Footwear","","Boots of Decay","","","Level 9 :","Daring Breach II","","Level 24 :","Perception","Psyker Terminus","Level 44 :","Carouse","Degraded Defence","","Boots","Pneumo Boots","Pneumo Boots","Pneumo Boots","Void Veteran Boots","","","Level 9 :","Death Waltz II","","Level 24 :","Agility","Psyker Majoris","Level 44 :","Demolition","Degraded Defence","","Boots","Skirmisher Boots","Inertia Boots","Inertia Boots","Inertia Boots","","","Level 9 :","Firearm Mastery II","","Level 24 :","Agility","Psyker Terminus","Level 44 :","Demolition","Deadly Aim","","Boots","Skirmisher Boots","Warmonger Boots / Psyker's Footware","Recoil Warboots","Caligae of Saint Keefe","","","Level 9 :","Death Waltz II","","Level 24 :","Agility","Psyker Majoris","Level 44 :","Demolition","Extermination","","Boots","Skirmisher Boots","Inertia Boots","Inertia Boots","Inertia Boots",""
"","Level 10 :","Facing the End","Agility","Level 25 :","Relentless Blaze","","Level 45 :","AP +1","","","Weapon Set 1","Noble Sword","Cursebringer","Cursebringer","Incinerator","","","Level 10 :","Lore Warp","Perception","Level 25 :","Castigating Echoes","","Level 45 :","Ap +1","","","Weapon Set 1","Psychic Staff / Charged Staff","Charged Staff","Bloodrinker Staff","Bloodrinker Staff","","","Level 10 :","Body of Flames","Strength","Level 25 :","Dependable","","Level 45 :","AP +1","","","Weapon Set 1","Retobi-Pattern Greatsword","Fatebringer","Fatebringer","Righteous Justice","","","Level 10 :","Lore Warp","Perception","Level 25 :","Perfect Opening","","Level 45 :","Ap +1","","","Weapon Set 1","Charged Staff","Charged Staff","Charged Staff","Solar Staff / Staff of Shock and Awe","","","Level 10 :","Opening Strike","Strength","Level 25 :","Broad Expertise","","Level 45 :","AP +1","","","Weapon Set 1","Sol Pattern Chainsword","Epiphany","Epiphany","Sol Pattern Elite Powersword","","","Level 10 :","Dance Partners","Agility","Level 25 :","Master of Torture","","Level 45 :","AP +1","","","Weapon Set 1","Noble Sword","Cursebringer","Cursebringer","Incinerator","","","Level 10 :","Alacrity","Agility","Level 25 :","Armsmaster","","Level 45 :","AP +1","","","Weapon Set 1","Modified Lasgun","Hot Shot Lasgun","Mezoa-Pattern Lasgun","Necrontech Hot Shot Lasgun","","","Level 10 :","Facing the End","Agility","Level 25 :","Sower of Distress","","Level 45 :","AP +1","","","Weapon Set 1","Noble Sword","Cursebringer","Cursebringer","Incinerator",""
"","Level 11 :","Acrobatic Artistry / Orchestrate Flame","Dance Partners","Level 26 :","Agility","Medicae","Level 46 :","Duellist","Demolition","","","Veilrender","Awakened Nightmare","Awakened Nightmare","Cursebringer","","","Level 11 :","Ballistics Calculation","Lore Warp","Level 26 :","Intelligence","Lore Imperium","Level 46 :","Continuous Analysis","Lore Imperium","","","","","","","","","Level 11 :","Orchestrate flame","Heavy Armour","Level 26 :","Athletics","Toughness","Level 46 :","Psyker Extremis","Carouse","","","","","","","","","Level 11 :","Ballistics Calculation","Lore Warp","Level 26 :","Perception","Lore Imperium","Level 46 :","Weak Body, Weak Soul","Lore Imperium","","","","","","","","","Level 11 :","Reckless Strike","Heavy Armour","Level 26 :","Athletics","Perception","Level 46 :","Weak Hearts","Carouse","","","Ripper Autopistol","Mezoa Pattern Auto pistol","Mezoa Pattern Auto pistol","Anti-Vehicle Revolver","","","Level 11 :","Acrobatic Artistry","Facing the End","Level 26 :","Agility","Medicae","Level 46 :","Duellist","Demolition","","","Veilrender","Awakened Nightmare","Awakened Nightmare","Cursebringer","","","Level 11 :","Firestorm","Awareness","Level 26 :","Demolition","Agility","Level 46 :","Hymns of Hatred","Demolition","","","","","","","","","Level 11 :","Acrobatic Artistry","Dance Partners","Level 26 :","Agility","Medicae","Level 46 :","Duellist","Demolition","","","Veilrender","Awakened Nightmare","Awakened Nightmare","Cursebringer",""
"","Level 12 :","Agility","Demolition","Level 27 :","Carnival of Misery III","","Level 47 :","Melting Armour","Awareness","","Weapon Set 2","Psyker Staff","Charged Staff","Charged Staff","Solar Staff","","","Level 12 :","Biomancy","Second Sight","Level 27 :","Overcharge II","","Level 47 :","Comprehensive Analysis","Lore Xenos","","Weapon Set 2","Long-las","Charged Staff","Charged Staff","Staff of Shock and Awe","","","Level 12 :","Toughness","Carouse","Level 27 :","Steady Superiority IV","","Level 47 :","Relentless Blaze","Medicae","","Weapon Set 2","Psyker Staff","Charged Staff","Charged Staff","Solar Staff / Well-Maintained Rock Saw","","","Level 12 :","Sensory Deprivation","Second Sight","Level 27 :","Dispatch II","","Level 47 :","Psalms of Heroes","Lore Xenos","","Weapon Set 2","Long Las","Staff of Endless Flame","Staff of Endless Flame","Sanctified Staff","","","Level 12 :","Toughness","Carouse","Level 27 :","Steady Superiority IV","","Level 47 :","Visions of Doom","Medicae","","Weapon Set 2","Charged Staff","Charged Staff","Charged Staff","Staff of Shock and Awe","","","Level 12 :","Agility","Demolition","Level 27 :","Carnival of Misery III","","Level 47 :","Blade in his hands","Awareness","","Weapon Set 2","Psyker Staff","Charged Staff","Charged Staff","Solar Staff","","","Level 12 :","Willpower","Never Stop Believing","Level 27 :","Steady Superiority IV","","Level 47 :","Psalms of Heroes","Demolition","","Weapon Set 2","Charged Staff","Charged Staff","Charged Staff","Sanctified Staff / Solar Staff","","","Level 12 :","Agility","Demolition","Level 27 :","Carnival of Misery III","","Level 47 :","Blade in His Hand","Awareness","","Weapon Set 2","Charged Staff","Charged Staff","Charged Staff","Solar Staff",""
"","Level 13 :","Wounded Beast","Carouse","Level 28 :","Fire Within","","Level 48 :","All-Encompassing Agony","Agility","","","","","","","","","Level 13 :","Fresh Target","Perception","Level 28 :","Weak Hearts","Fire Within","Level 48 :","Mental Breach","Intelligence","","","","","","","","","Level 13 :","Open Engagement","Carouse","Level 28 :","Carouse","Adaptability","Level 48 :","Contempt for the weak","Toughness","","","","","","","","","Level 13 :","Fresh Target","Willpower","Level 28 :","Psyker Terminus","Dissary","Level 48 :","Killing Spree","Intelligence","","","","","","","","","Level 13 :","Open Engagement","Carouse","Level 28 :","Carouse","Adaptability","Level 48 :","Exploit Weakness","Toughness","","","","","","","","","Level 13 :","Biophysical Distortion","Carouse","Level 28 :","All-Encompassing Agony","","Level 48 :","Melting Armour","Agility","","","","","","","","","Level 13 :","Fired Up","Backdraft","Level 28 :","Awareness","Adaptability","Level 48 :","Blazing Inferno","Agility","","","","","","","","","Level 13 :","Fire Within","Carouse","Level 28 :","Blade of Light","","Level 48 :","Deep Laceration","Agility","","","","","","",""
"","Level 14 :","Willpower","Sweeping Motions / Blazing Inferno","Level 29 :","Willpower","Demolition","Level 49 :","Willpower","Awareness","","","","","","","","","Level 14 :","Willpower","Psyker Majoris","Level 29 :","Perception","Lore Warp","Level 49 :","Perception","Lore Xenos","","","","","","","","","Level 14 :","Toughness","Steel of the Forge","Level 29 :","Strength","Characteristic Training: Per","Level 49 :","Strength","Medicae","","","","","","","","","Level 14 :","Willpower","Psyker Majoris","Level 29 :","Intelligence","Lore Warp","Level 49 :","Perception","Lore Xenos","","","","","","","","","Level 14 :","Toughness","Psyker Majoris","Level 29 :","Perception","Pain Channelling","Level 49 :","Willpower","Medicae","","","","","","","","","Level 14 :","Willpower","Sweeping Motions","Level 29 :","Willpower","Demolition","Level 49 :","Willpower","Awareness","","","","","","","","","Level 14 :","Psyker Majoris","Awareness","Level 29 :","Perception","Psychic Barrage","Level 49 :","Willpower","Medicae","","","","","","","","","Level 14 :","Willpower","Sweeping Motions","Level 29 :","Willpower","Demolition","Level 49 :","Willpower","Awareness","","","","","","",""
"","Level 15 :","Death Waltz III","","Level 30 :","Inflame","Blade of Light","Level 50 :","Degraded Defence","It Takes Two","","Optical Insertion","Somatic Insertion","Cortical Insertion","Sinistral Insertion","Dextral Insertion","Musculoskeletal Insertion","","Level 15 :","Dismantling II / IV","","Level 30 :","Warp Speed","","Level 50 :","Eager for Battle","Still Mind","","Optical Insertion","Somatic Insertion","Cortical Insertion","Sinistral Insertion","Dextral Insertion","Musculoskeletal Insertion","","Level 15 :","Daring Breach IV","","Level 30 :","Inflame","","Level 50 :","Eager for Battle","Desolation","","Optical Insertion","Somatic Insertion","Cortical Insertion","Sinistral Insertion","Dextral Insertion","Musculoskeletal Insertion","","Level 15 :","Dismantling II","","Level 30 :","Molten Beam","","Level 50 :","Extermination","Hymns of Hatred","","Optical Insertion","Somatic Insertion","Cortical Insertion","Sinistral Insertion","Dextral Insertion","Musculoskeletal Insertion","","Level 15 :","Daring Breach IV","","Level 30 :","Psychic Assault","","Level 50 :","Extermination","Desolation","","Optical Insertion","Somatic Insertion","Cortical Insertion","Sinistral Insertion","Dextral Insertion","Musculoskeletal Insertion","","Level 15 :","Death Waltz III","","Level 30 :","Firestorm","Psyker Terminus","Level 50 :","Extermination","It Takes Two","","Optical Insertion","Somatic Insertion","Cortical Insertion","Sinistral Insertion","Dextral Insertion","Musculoskeletal Insertion","","Level 15 :","Firearm Mastery III","","Level 30 :","Molten Beam","","Level 50 :","Vital Points","Edge of Dawn","","Optical Insertion","Somatic Insertion","Cortical Insertion","Sinistral Insertion","Dextral Insertion","Musculoskeletal Insertion","","Level 15 :","Death Waltz III","","Level 30 :","Reckless Abandon","Melting Armour","Level 50 :","Degraded Defence","Hymns of Hatred","","Optical Insertion","Somatic Insertion","Cortical Insertion","Sinistral Insertion","Dextral Insertion","Musculoskeletal Insertion"
"","","","","Level 31 :","Master of Torture","","Level 51 :","Backdraft / Deterioration","Awareness","","Focal Emitter MK-I","Neural System Graft MK Warrior","Telemetric Logis Analyser MK Officer","","","Skullcrushers","Act 2","","","","Level 31 :","Melting Armour","Warp Saturation","Level 51 :","Corpus Conversion","Lore Xenos","","","","","","","","Act 2","","","","Level 31 :","Critical Versatility","","Level 51 :","Preferred Targets","Medicae","","Focal Emitter MK-I","Neural System Graft MK Warrior","","","","Skullcrushers","Act 2","","","","Level 31 :","Fire Within","Seize the advantage","Level 51 :","Edge of Dawn","Lore Xenos","","","","","","","","Act 2","","","","Level 31 :","Critical Versatility","","Level 51 :","Distract","Medicae","","","","","","","","Act 2","","","","Level 31 :","Backdraft","","Level 51 :","Invigorating Screams","Awareness","","Focal Emitter MK-I","Neural System Graft MK Warrior","","","Chymist Combat Infuser MK Soldier","Skullcrushers","Act 2","","","","Level 31 :","Critical Versatility","","Level 51 :","Sanctified Slayer","Medicae","","","Weapon Optimiser MK-I","","","Hand of the Righteous","","","","","","Level 31 :","Master of Torture","","Level 51 :","Edge of Dawn","Awareness","","Focal Emitter MK-I","Neural System Graft MK Warrior","","","","Skullcrushers"
"","","","","Level 32 :","Willpower","Demolition","Level 52 :","Bloody Requiem","Lethal Precision","","Focal Emitter MK-I","Neural System Graft MK Warrior","Telemetric Logis Analyser MK I","","Pneumatic Assault Grapple MK 'Warrior'","Skullcrushers","Act 3","","","","Level 32 :","Perception","Lore Warp","Level 52 :","Bloody Mess","Jinx","","","","","","","","Act 3","","","","Level 32 :","Perception","Carouse","Level 52 :","Backdraft","Motive-Force Overload","","Focal Emitter MK-I","Neural System Graft MK Warrior","","","Pneumatic Assault Grapple MK-I","Skullcrushers","Act 3","","","","Level 32 :","Lore Warp","","Level 52 :","Sanctified Slayer	","Sacred Rituals","","","","","","","","Act 3","","","","Level 32 :","Strength","Carouse","Level 52 :","Preferred Targets","Motive Force Overload","","","","","","","","Act 3","","","","Level 32 :","Willpower","Demolition","Level 52 :","Sickening Pain","Lethal Precision","","Focal Emitter MK-I","Neural System Graft MK Warrior","","","Chymist Combat Infuser","Skullcrushers","Act 3","","","","Level 32 :","Perception","Awareness","Level 52 :","Camaraderie / Broad Expertise","Calculated Resolve","","","Weapon Optimiser MK-I","","","Hand of the Righteous","","","","","","Level 32 :","Willpower","Demolition","Level 52 :","Psalms of Heroes","Residual Power","","Focal Emitter MK-I","Neural System Graft MK-II","Psy Capacitor","","Pneumatic Assault Grapple MK 'Warrior'","Skullcrushers"
"","","","","Level 33 :","Sower of Distress","","Level 53 :","Firestorm / Warp Speed / Molten Beam","Willpower","","Focal Emitter MK-II","Neural System Graft MK Assassin","Telemetric Logis Analyser MK II","","Pneumatic Assault Grapple MK 'Warrior'","Skullcrushers","Act 4","","","","Level 33 :","Deterioration","","Level 53 :","Mind Rupture","Perception","","","","","","","","Act 4","","","","Level 33 :","Exploit Weakness","Perception","Level 53 :","Molten Beam","Strength","","Focal Emitter MK-II","Neural System Graft MKII","Telemetric Logis Analyser MK II","","Pneumatic Assault Grapple MK-II","Skullcrushers","Act 4","","","","Level 33 :","Mind Siege","Intelligence","Level 53 :","Hammer of the Emperor","Perception","","Cerebral Holo-Ocular MK 'Operative'","Neural System Graft MK 'Assassin'","Cerebral Inverter MK 'Operative'","","Hand of the Cursed","Phase Oscillator MK-II","Act 4","","","","Level 33 :","Contempt for the weak","Willpower","Level 53 :","Devastating Attack","Willpower","","","","","","","","Act 4","","","","Level 33 :","Fire Within","","Level 53 :","Molten Beam","Willpower","","Focal Emitter MK-II","Neural System Graft MKII","","","Chymist Combat Infuser","Skullcrushers","Act 4","","","","Level 33 :","Distract","Willpower","Level 53 :","Hammer of the Emperor","Willpower","","Focal Emitter MK Soldier","Weapon Optimiser MK-II","Cerebral Inverter MK-II","","Hand of the Righteous","","","","","","Level 33 :","All-Encompassing Agony","","Level 53 :","Exsanguination","Willpower","","Focal Emitter MK-II","Neural System Graft MK Assassin","Psy Capacitor","","Pneumatic Assault Grapple MK 'Warrior'","Skullcrushers"
"","","","","Level 34 :","Willpower","Psyker Terminus","Level 54 :","Eager for Battle / Critical Velocity","Race Against Death","","","","","","","","Act 5","","","","Level 34 :","Psyker Extremis","","Level 54 :","Cataclysm","Warp Minds","","","","","","","","Act 5","","","","Level 34 :","Perception","Melting Armour","Level 54 :","Extermination","Accustomed to Glory","","","","","","","","Act 5","","","","Level 34 :","Psyker Extremis","","Level 54 :","Eager for Battle","Eternal Glory","","","","","","","","Act 5","","","","Level 34 :","Willpower","Psyker Extremis","Level 54 :","Eager for battle","Breaking Attack","","","","","","","","Act 5","","","","Level 34 :","Willpower","Blade of Light","Level 54 :","Eager for Battle","Bloody Requiem","","","","","","","","Act 5","","","","Level 34 :","Willpower","Psyker Extremis","Level 54 :","Eager for Battle","Eternal Glory","","","","","","","","","","","","Level 34 :","Willpower","Psyker Terminus","Level 54 :","Eager for Battle","Deterioriation","","","","","","",""
"","","","","Level 35 :","Carnival of Misery IV","","Level 55 :","AP +1","","","","","","","","","","","","","Level 35 :","Overcharge I","","Level 55 :","Ap +1","","","","","","","","","","","","","Level 35 :","Steady Superiority II","","Level 55 :","AP +1","","","","","","","","","","","","","Level 35 :","Dispatch III","","Level 55 :","Ap +1","","","","","","","","","","","","","Level 35 :","Steady Superiority II","","Level 55 :","AP +1","","","","","","","","","","","","","Level 35 :","Carnival of Misery IV","","Level 55 :","AP +1","","","","","","","","","","","","","Level 35 :","Steady Superiority II","","Level 55 :","AP +1","","","","","Broad expertise will work with cerebral","","","","","","","","Level 35 :","Carnival of Misery IV","","Level 55 :","AP +1","","","","","","","",""
"","In His Name (Rifle + Sanctified Staff)","","","","","","","","","","Skill Options","","","","","","","White Mage - Support Officer Overseer","","","","","","","","","","Skill Options","","","","","","","The Star Child - Arc Rifle Turbo Charge Wrath of the Emperor build","","","","","","","","","","Skill Options","","","","","","","Psi-Assassin","","","","","","","","","","Skill Options","","","","","","","Sword of the Emperor","","","","","","","","","","Skill Options","","","","","","","Fires of The Forge - Pyromancer build designed to solo unfair","","","","","","","","","","Skill Options","","","","","","","Land Raider Redeemer - Tank Pyro Build","","","","","","","","","","Skill Options","","","","","","","Psy Stifler (Psy Capacitor Duellist)","","","","","","","","","","Skill Options","","","","",""
"","Imperial World (Fellowship) - Sanctioned Psyker (Sanctic) - Officer - +2 Ballistic Skill / +2 Agility / +2 Fellowship","","","","","","","","","","Fellowship","","","","","","","Forge World (Subskin Armour) - Sanctioned Psyker (Biomancer) - Officer - +2 Fel / +2 WP / +2 TGH","","","","","","","","","","Fellowship","","","","","","","Voidborn - Sanctioned Psyker (Sanctic) - Soldier - Ballistic Skill +2 / Intelligence +2 / Perception +2","","","","","","","","","","Awareness / Intelligence","","","","","","","Forge World (Locomotive Systems) - Sanctioned Psyker (Sanctic) - Bladedancer - WS +2 / Agi +2 / Per +2","","","","","","","","","","Medicae / Demolitions / Awareness / Athletics","","","","","","","VoidBorn - Sanctioned Psyker (Sanctic) - Bladedancer - WS +2 / Agi +2 / Per +2","","","","","","","","","","Medicae / Demolitions / Awareness / Athletics","","","","","","","Forge World (Subskin armour) - Sanctioned Psyker (Sanctic) - Warrior - WS +2 / Str +2 / Tgh +2","","","","","","","","","","Athletics / Carouse","","","","","","","Forge World (Subskin armour) - Sanctioned Psyker (Pyromancer) - Warrior - WS +2 / Str +2 / Tgh +2","","","","","","","","","","Athletics / Carouse","","","","","","","Forge World (Locomotion System) - Sanctioned Psyker (Sanctic) - +2 WS / +2 AGL / +2 PER","","","","","","","","","","Medicae / Demolitions","","","","",""
"","Officer","","","Master Tactician","","","Exemplar","","","","","","","","","","","Officer","","","Overseer","","","Exemplar","","","","","","","","","","","Soldier","","","Master Tactician","","","Exemplar","","","","","","","","","","","Blade Dancer","","","Assassin","","","Exemplar","","","","","","","","","","","Blade Dancer","","","Master Tactician","","","Exemplar","","","","","","","","","","","Warrior","","","Arch-Militant","","","Exemplar","","","","","","","","","","","Warrior","","","Executioner","","","Exemplar","","","","","","","","","","","Blade Dancer","","","Master Tactician","","","Exemplar","","","","","","","","",""
"","Level 1 :","Voice Of Command","","Level 16 :","Tactical Advantage","Press The Advantage","Level 36 :","Firebrand","Leader's assault","","Gear to consider","Act 1","Act 2","Act 3","Act 4","Act 5","","Level 1 :","Voice Of Command","","Level 16 :","Psyber-Raven","","Level 36 :","Peak Condition","Steel Resolve","","Gear to consider","Act 1","Act 2","Act 3","Act 4","Act 5","","Level 1 :","Run and Gun","","Level 16 :","Tactical Advantage","Press The Advantage","Level 36 :","Masterful Display","Rack and Ruin","","Gear to consider","Act 1","Act 2","Act 3","Act 4","Act 5","","Level 1 :","Blade Dance","","Level 16 :","Seek the Opening","","Level 36 :","Malign Influence","Bloody Requiem","","Gear to consider","Act 1","Act 2","Act 3","Act 4","Act 5","","Level 1 :","Blade Dance","","Level 16 :","Tactical Advantage","Press The Advantage","Level 36 :","Peak Condition","Dance Partners","","Gear to consider","Act 1","Act 2","Act 3","Act 4","Act 5","","Level 1 :","Charge","","Level 16 :","Versitility","","Level 36 :","Flesh Wounds","Crowd Kill","","Gear to consider","Act 1","Act 2","Act 3","Act 4","Act 5","","Level 1 :","Charge","","Level 16 :","Forced Repentance","Scourging Strike + Where it hurts","Level 36 :","Peak Condition","Rigorous Training","","Gear to consider","Act 1","Act 2","Act 3","Act 4","Act 5","","Level 1 :","Blade Dance","","Level 16 :","Tactical Advantage","Press The Advantage","Level 36 :","Peak Condition","Dance Partners","","Gear to consider","Act 1","Act 2","Act 3","Act 4","Act 5"
"","Level 2 :","Commerce","","Level 17 :","Linchpin","","Level 37 :","Commerce","Stacking the Deck","","Helm","","Thassertium Mask","Thassertium Mask","Ghost Helm / Eyes of Joyeuse","","","Level 2 :","Persuasion","","Level 17 :","Warp Speed","","Level 37 :","Commerce","Enhanced Augmetics","","Helm","","Thassertium Mask","Thassertium Mask","Ghost Helm / Eyes of Joyeuse","","","Level 2 :","Medicae","","Level 17 :","Linchpin","","Level 37 :","Awareness","Psychic Barrage","","Helm","Tactical Goggles","Thassertium Mask","Thassertium Mask","Eyes of Joyeuse","","","Level 2 :","Medicae","","Level 17 :","Danse Macarbe","","Level 37 :","Awareness","Lethal Concentration","","Helm","Face of the Sovereign","Face of the Sovereign / Thassertium Mask","Face of the Sovereign / Thassertium Mask","Self-calibrating Helm / Eyes of Joyeuse","","","Level 2 :","Medicae","","Level 17 :","Linchpin","","Level 37 :","Awareness","Brink of Death","","Helm","Face of the Sovereign","Face of the Sovereign / Thassertium Mask","Face of the Sovereign / Thassertium Mask","Face of the Sovereign / Eyes of Joyeuse","","","Level 2 :","Medicae","","Level 17 :","Shield of the Emperor","","Level 37 :","Athletics","Blade of Light","","Helm","Deck Officer's Helmet","Thassertium Mask","Thassertium Mask","Eyes of Joyeuse","Eyes of Joyeuse","","Level 2 :","Medicae","","Level 17 :","Biomancy","","Level 37 :","Medicae","All-Encompassing Agony","","Helm","Deck Officer's Helmet","Mechanicus Respirator / Thassertium Mask","Thassertium Mask","Eyes of Joyeuse","","","Level 2 :","Medicae","","Level 17 :","Linchpin","","Level 37 :","Awareness","Brink of Death","","Helm","Face of the Sovereign / Tactical Goggles","Thassertium Mask","hassertium Mask","Eyes of Joyeuse",""
"","Level 3 :","Bring it Down !","","Level 18 :","Reliance","","Level 38 :","Ballistic Skill","Pslams of Heroes","","Armour","Death World Light Flak Armour","Death World Enforcer's Light Carapace","Death World Enforcer's Light Carapace","Death World Enforcer's Light Carapace","","","Level 3 :","Bring it Down !","","Level 18 :","Psy-Resonator","","Level 38 :","Fellowship","Heavy Armour Proficiency","","Armour","Death World Light Flak Armour","Death World Enforcer's Light Carapace","Death World Enforcer's Light Carapace","Psyker's Breastplate","","","Level 3 :","Revel in Slaughter","","Level 18 :","Reliance","","Level 38 :","Ballistic Skill","Lethal Precision","","Armour","Death World Light Flak Armour","Breacher Armour","Breacher Armour","Breacher Armour / Warrior's Armour","","","Level 3 :","Death From Above","","Level 18 :","Deadly Calculation","","Level 38 :","Weapon Skill","Psalms of Heroes","","Armour","Light Spinner's breastplate","Spinner's Breastplate","Spinner's Breastplate","High Spinner Armour","","","Level 3 :","Death From Above","","Level 18 :","Reliance","","Level 38 :","Weapon Skill","Be Smart","","Armour","Light Spinner's breastplate","Spinner's Breastplate / Armour of Hidden Promise","Spinner's Breastplate / Armour of Hidden Promise","High Spinner Armour / Adherent of Mankind","","","Level 3 :","Endure","","Level 18 :","Dependable","","Level 38 :","Weapon Skill","Backdraft","","Armour","Ceramite Storm Trooper","Zarkovian Soldier's Armour","Adherent of Mankind","Adherent of Mankind","Adherent of Mankind","","Level 3 :","Endure","","Level 18 :","Anatomy Expert","","Level 38 :","Weapon Skill","Shield Mastery / DWC","","Armour","Ceramite Storm Trooper","Zarkovian Soldier's Armour","Adherent of Mankind","Adherent of Mankind","","","Level 3 :","Death From Above","","Level 18 :","Reliance","","Level 38 :","Weapon Skill","Power Armour Proficiency","","Armour","Death World Light Flak Armour","Death World Enforcer's Light Carapace","Adherent of Mankind","Sanguine Judgment",""
"","Level 4 :","Finest Hour","Lasting Impression ","Level 19 :","Orchestrated Firestorm","","Level 39 :","Move Move Move!","Commerce","","Cloak","","Tactical Backpack","Tactical Backpack","Tempestus Elite Carapace Backpack","","","Level 4 :","Finest Hour","Lasting Impression","Level 19 :","Overcharge","","Level 39 :","Metabolic Overcharge","Commerce","","Cloak","","Singed Cape ","Singed Cape ","Singed Cape ","","","Level 4 :","Firearm Mastery","Rapid Reload","Level 19 :","Orchestrated Firestorm","","Level 39 :","Hammer of the Emperor","Awareness","","Cloak","Camouflage Robe","Malpian Shroud","Malpian Shroud","Malpian Shroud / Lady Theodora's Mantle","","","Level 4 :","Death Waltz","Death Warden","Level 19 :","Dispatch","","Level 39 :","Shield of the Emperor","Awareness","","Cloak","Reaper Cape","Malpian Shroud / Swashbuckler's Cloak","Malpian Shroud / Swashbuckler's Cloak","Malpian Shroud / Swashbuckler's Cloak","","","Level 4 :","Death Waltz","Death Warden","Level 19 :","Orchestrated Firestorm","","Level 39 :","Captive Audience","Awareness","","Cloak","Reaper Cape","Bladedancer's Mantle / Swashbuckler's Cloak","Bladedancer's Mantle / Swashbuckler's Cloak","High Spinner's Cloak / Bladedancer's Mantle","","","Level 4 :","Daring Breach","Destined","Level 19 :","Steady Superiority","","Level 39 :","Firestorm","Athletics","","Cloak","Xenopelt Cloak","Malpian Shroud","Malpian Shroud","Malpian Shroud","Malpian Shroud","","Level 4 :","Daring Breach","Thick Skin","Level 19 :","Carnival of Misery","","Level 39 :","Reckless Strike","Medicae","","Cloak","Xenopelt Cloak","Malpian Shroud","Malpian Shroud","Malpian Shroud","","","Level 4 :","Death Waltz","Death Warden","Level 19 :","Orchestrated Firestorm","","Level 39 :","Captive Audience","Awareness","","Cloak","Von Valacius Cloak","Bladedancer's Mantle","Bladedancer's Mantle","High Spinner's Cloak / Bladedancer's Mantle",""
"","Level 5 :","Ballistic Skill","Psyker Minoris","Level 20 :","Ap +1","Ballistic skill","Level 40 :","Degraded Defence","Dawn of Victory","","Neck","","Dog Tags","Dog Tags","Starmist Scarf / Onslaught Amulet","","","Level 5 :","Fellowship","Psyker Minoris","Level 20 :","AP +1","Fellowship","Level 40 :","Firebrand","Destined","","Neck","","Vortex Pendant ","Vortex Pendant ","Vortex Pendant / Starmist Scarf","","","Level 5 :","Ballistic Skill","Be Smart","Level 20 :","Ap +1","Ballistic Skill","Level 40 :","Deathdealer","Stacking the Deck","","Neck","","Invigorating Resolve","Invigorating Resolve","Invigorating Resolve / Starmist Scarf / Onslaught Amulet","","","Level 5 :","Psyker Minoris","Weapon Skill","Level 20 :","AP +1","Weapon Skill","Level 40 :","Lethal Threat","Lone Killer","","Neck","","Invigorating Resolve / Dog Tags","Invigorating Resolve / Dog Tags","Invigorating Resolve /  Starmist Scarf","","","Level 5 :","Psyker Minoris","Weapon Skill","Level 20 :","Ap +1","Weapon Skill","Level 40 :","Destroyer","Hidden Advantage","","Neck","","Dog Tags","Dog Tags","Onslaught Amulet","","","Level 5 :","Thick Skin","Weapon Skill","Level 20 :","AP +1","Weapon Skill","Level 40 :","Peak Condition","Melting Armour","","Neck","","Invigorating Resolve","Invigorating Resolve","Invigorating Resolve","Invigorating Resolve","","Level 5 :","Body of Flames","Weapon Skill","Level 20 :","AP +1","Weapon Skill","Level 40 :","Destroyer","Deep Laceration","","Neck","Grace of the Oblivious","Invigorating Resolve","Invigorating Resolve","Invigorating Resolve","","","Level 5 :","Psyker Minoris","Weapon Skill","Level 20 :","Ap +1","Weapon Skill","Level 40 :","Destroyer","Hidden Advantage","","Neck","","Dog Tags","Dog Tags","Onslaught Amulet",""
"","Level 6 :","Decisive Response","Ballistic Skill","Level 21 :","Ballistic skill","Hidden Advantage","Level 41 :","Ballistic Skill","Be Vigilant!","","Accessory 1","","Spirit Drape","Spirit Drape","Spirit Drape","","","Level 6 :","Decisive Response","Fellowship","Level 21 :","Rite of Calibration","Fellowship","Level 41 :","Fellowship","Be Vigilant!","","Accessory 1","","Spirit Drape","Spirit Drape","Spirit Drape","","","Level 6 :","Ballistic Skill","Pyromancy","Level 21 :","Ballistic Skill","Joint Offensive","Level 41 :","Ballistic Skill","Fired Up","","Accessory 1","Book of war prayers","Warp Surge Brooch / Grimoire of the Void","Warp Surge Brooch / Grimoire of the Void","Warp Surge Brooch / Grimoire of the Void","","","Level 6 :","Blood Oath","Medicae","Level 21 :","Lethality Heightens","Weapon Skill","Level 41 :","Weapon Skill","Rising Tempo","","Accessory 1","Blooddrinker","Warp Surge Brooch","Warp Surge Brooch","Warp Surge Brooch / Hand of Offence","","","Level 6 :","Blood Oath","Medicae","Level 21 :","Weapon Skill","Joint Offensive","Level 41 :","Weapon Skill","Grand Performance","","Accessory 1","Blooddrinker","Warp Surge Brooch","Warp Surge Brooch","Warp Surge Brooch","","","Level 6 :","Pyromancy","Athletics","Level 21 :","Always Ready","Weapon Skill","Level 41 :","Weapon Skill","Easy Target","","Accessory 1","First Aid Manual","Warp Surge Brooch / First Aid Manual","Warp Surge Brooch","Commander's Chrono / Warp Surge Brooch","Commander's Chrono","","Level 6 :","Orchestrate flame","Athletics","Level 21 :","Weapon Skill","Perfect Anatomy","Level 41 :","Weapon Skill","Open Engagement","","Accessory 1","First Aid Manual","Warp Surge Brooch / First Aid Manual","Warp Surge Brooch","Commander's Chrono / Warp Surge Brooch","","","Level 6 :","Blood Oath","Medicae","Level 21 :","Weapon Skill","Joint Offensive","Level 41 :","Weapon Skill","Grand Performance","","Accessory 1","","Warp Surge Brooch","Warp Surge Brooch / Grimoire of the Void","Warp Surge Brooch / Grimoire of the Void",""
"","Level 7 :","Air of Authority","Subtle Manipulation","Level 22 :","Inspire","","Level 42 :","Strongpoint","Fellowship","","Accessory 2","","Warp Surge Brooch","Warp Surge Brooch","Warp Surge Brooch","","","Level 7 :","Enfeeble","Still Mind","Level 22 :","Sanctic Powers","Commerce","Level 42 :","Shield of the Emperor","Willpower","","Accessory 2","","Warp Surge Brooch","Warp Surge Brooch","Warp Surge Brooch","","","Level 7 :","Intelligence","Psyker Minoris","Level 22 :","Inspire","","Level 42 :","Fervour","Intelligence","","Accessory 2","Metronome","Spirit Drape","Spirit Drape / Long Range Aim Lens","Spirit Drape / Long Range Aim Lens","","","Level 7 :","Weapon Skill","Blood Rush","Level 22 :","Medicae","Killing Edge","Level 42 :","Hammer of the Emperor","Agility","","Accessory 2","","Diagnostor / Spirit Drape","Hand of Offence / Spirit Drape","Notes on Weaknesses","","","Level 7 :","Weapon Skill","Blood Rush","Level 22 :","Inspire","","Level 42 :","Shield of the Emperor","Agility","","Accessory 2","","Book of War Prayers","Hand of Offence","Hand of Offence","","","Level 7 :","Strength","Psyker Minoris","Level 22 :","Reckless Rush","Instant Retribution","Level 42 :","Molten Beam","Toughness","","Accessory 2","","Spirit Drape / Combat Manipulator","Hand of Offence / Spirit Drape","Hand of Offence","Hand of Offence","","Level 7 :","Strength","Psyker Minoris","Level 22 :","Inflame","","Level 42 :","Pain Resonance","Willpower","","Accessory 2","","Diagnoster","Hand of Offence / Diagnoster","Hand of Offence / Diagnoster","","","Level 7 :","Weapon Skill","Blood Rush","Level 22 :","Inspire","","Level 42 :","Finish the Job","Agility","","Accessory 2","","Grimoire of the Void","Hand of Offence","Hand of Offence",""
"","Level 8 :","Inspiring speech","Commerce","Level 23 :","Unwavering Motivation","Commerce","Level 43 :","Stronghold","Still Mind","","Gloves","","Marksman Gloves","Gloves of Rapid Desolation","Abyssal Conduit","","","Level 8 :","Focus!","Commerce","Level 23 :","Warp Buffer","","Level 43 :","Psalms of Heroes","Corpus Conversion","","Gloves","","","","Abyssal Conduit","","","Level 8 :","Backdraft","Awareness","Level 23 :","Unwavering Motivation","Awareness","Level 43 :","Brink of Death","Calculated Resolve","","Gloves","Sniper Gloves","Marksman Bracers","Marksman Bracers","Marksman Bracers / Abyssal Conduit","","","Level 8 :","Awareness","Sactified Slayer","Level 23 :","Imminent Demise","","Level 43 :","Perfect Opening","Calculated Resolve","","Gloves","","Augmented Gloves","Riposte Gauntlets","Riposte Gauntlets","","","Level 8 :","Awareness","Sactified Slayer","Level 23 :","Unwavering Motivation","Medicae","Level 43 :","Undesputed Advantage","Calculated Resolve","","Gloves","","Augmented Gloves","Augmented Gloves","Augmented Gloves","","","Level 8 :","Athletics","Body of Flames","Level 23 :","Athletics","Allout","Level 43 :","Critical Versatility","Calculated Resolve","","Gloves","","Augmented Gloves / Adaptive Gloves","Augmented Gloves / Adaptive Gloves","Augmented Gloves / Adaptive Gloves","Inevitable Demise","","Level 8 :","Athletics","Impetus","Level 23 :","Biophysical Distortion","Medicae","Level 43 :","Psyker Extremis","Calculated Resolve","","Gloves","Gloves of Endurance","Augmented Gloves / Adaptive Gloves","Augmented Gloves / Adaptive Gloves","Augmented Gloves / Adaptive Gloves","","","Level 8 :","Awareness","Sactified Slayer","Level 23 :","Unwavering Motivation","Medicae","Level 43 :","Undesputed Advantage","Calculated Resolve","","Gloves","Avenger Gauntlets","Augmented Gloves","Augmented Gloves","Augmented Gloves",""
"","Level 9 :","Finest Hour IV","","Level 24 :","Fellowship","Psyker Terminus","Level 44 :","Persuasion / Coercion","Eager Subordinates","","Boots","Warmonger Boots","Commissar Boots","Commissar Boots","Caligae of Saint Keefe","","","Level 9 :","Finest Hour IV","","Level 24 :","Willpower","Psyker Terminus","Level 44 :","Persuasion","Degraded Defence","","Boots","","Psyker's Footware","Psyker's Footware","Boots of Decay","","","Level 9 :","Firearm Mastery I","","Level 24 :","Intelligence","Fire Within","Level 44 :","Lore Warp","Degraded Defence","","Boots","Skirmisher Boots","Warmonger Boots","Sharpshooter's Boots / Blitz Boots","Caligae of Saint Keefe / Blitz Boots","","","Level 9 :","Death Waltz II","","Level 24 :","Agility","Psyker Majoris","Level 44 :","Medicae","Peak Condition","","Boots","Skirmisher Boots","Inertia Boots","Inertia Boots / Fencing Boots","Inertia Boots / Fencing Boots","","","Level 9 :","Death Waltz II","","Level 24 :","Agility","Psyker Majoris","Level 44 :","Medicae","Extermination","","Boots","Skirmisher Boots","Inertia Boots","Inertia Boots / Fencing Boots","Inertia Boots / Fencing Boots","","","Level 9 :","Daring Breach II","","Level 24 :","Toughness","Psyker Terminus","Level 44 :","Medicae","Destroyer","","Boots","Pneumo Boots","Pneumo Boots","Fencing Boots","Void Veteran Boots","Void Veteran Boots","","Level 9 :","Daring Breach II","","Level 24 :","Strength","Characteristic Training Perception","Level 44 :","Athletics","Professional Know-How","","Boots","Pneumo Boots","Pneumo Boots","Fencing Boots / Pneumo Boots","Void Veteran Boots","","","Level 9 :","Death Waltz II","","Level 24 :","Agility","Psyker Majoris","Level 44 :","Medicae","Extermination","","Boots","Skirmisher Boots","Inertia Boots","Inertia Boots","Inertia Boots",""
"","Level 10 :","Persuasion / Coercion","Fellowship","Level 25 :","Joint Offensive","","Level 45 :","Ap +1","","","Weapon Set 1","Modified Lasgun","Hot Shot Lasgun","Mezoa-Pattern Lasgun","Necrontech Hot Shot Lasgun","","","Level 10 :","Commerce","Willpower","Level 25 :","Castigating Echoes","","Level 45 :","Ap +1","","","Weapon Set 1","Biomancer's Staff","Staff of Blood","Bloodrinker Staff","Bloodrinker Staff","","","Level 10 :","Second Sight","Perception","Level 25 :","Hidden Advantage","","Level 45 :","AP +1","","","Weapon Set 1","Arc Rifle","Alpha's Arc Rifle","Alpha's Arc Rifle","Arch Rfile Mindstorm / Corpuscarii Oath","","","Level 10 :","Facing the End","Agility","Level 25 :","Morbid Pirouette","","Level 45 :","AP +1","","","Weapon Set 1","Veilrender","Veilrender","The Distortion","Sacrifice","","","Level 10 :","Facing The End","Agility","Level 25 :","Personal Involvement","","Level 45 :","AP +1","","","Weapon Set 1","Veilrender","Veilrender","The Distortion","Sacrifice","","","Level 10 :","Heavy Armour / PA","Weapon Skill","Level 25 :","Relentless Blaze","","Level 45 :","AP +1","","","Weapon Set 1","Power Pick","Ancient Force Sword / Epiphany","Curse Bringer","Immaterium's Channeller","Immaterium's Channeller","","Level 10 :","Heavy Armour / PA","Weapon Skill","Level 25 :","Sparks of the Greater Flame","","Level 45 :","AP +1","","","Weapon Set 1","Power Pick","Veilrender  / Epiphany","Cursebringer","Incinerator","","","Level 10 :","Facing The End","Agility","Level 25 :","Personal Involvement","","Level 45 :","AP +1","","","Weapon Set 1","Noble Sword","Cursebringer","Cursebringer","Incinerator",""
"","Level 11 :","Focus!","Fellowship","Level 26 :","Commerce","Fellowship","Level 46 :","Steel Resolve","Persuasion / Coercion","","","","","","","","","Level 11 :","Personal Oversight","Toughness","Level 26 :","Willpower","Commerce","Level 46 :","No Respite","Persuasion","","","","","","","","","Level 11 :","Telepathy","Awareness","Level 26 :","Awareness","Intelligence","Level 46 :","Sanctified Slayer","Lore Warp","","","","","","","","","Level 11 :","Acrobatic Artistry","Dance Partners","Level 26 :","Agility","Medicae","Level 46 :","Duellist","Medicae","","","Soul Siphon","Awakened Nightmare","Awakened Nightmare","Immaterium's Channeller","","","Level 11 :","Acrobatic Artistry","Sweeping Motions","Level 26 :","Medicae","Agility","Level 46 :","Rising Tempo","Medicae","","","Soul Siphon","Awakened Nightmare","Awakened Nightmare","Immaterium's Channeller","","","Level 11 :","Orchestrate flame","Steel of the Forge","Level 26 :","Athletics","Toughness","Level 46 :","Impetus","Medicae","","","Stronghold","Old Shield","Flames of Retribution","Meragon Shield / Intimidating Growl","Meragon Shield / Intimidating Growl","","Level 11 :","Firestorm","Relentless Blaze","Level 26 :","Perception","Medicae","Level 46 :","Ramming Speed","Athletics","","","Stronghold","Old Shield","Flames of Retribution","Meragon Shield / Intimidating Growl","","","Level 11 :","Acrobatic Artistry","Sweeping Motions","Level 26 :","Medicae","Agility","Level 46 :","Rising Tempo","Medicae","","","Veilrender","Awakened Nightmare","Awakened Nightmare","Cursebringer",""
"","Level 12 :","Shield of the emperor","Second Sight","Level 27 :","Orchestrated Firestorm II","","Level 47 :","No Respite","Medicae","","Weapon Set 2","Charged Staff","Sanctified Staff","Sanctified Staff","Sanctified Staff","","","Level 12 :","Air of Authority","Second Sight","Level 27 :","Overcharge II","","Level 47 :","Seize the initiative","Medicae","","Weapon Set 2","Charged Staff","Sanctified Staff","Sanctified Staff","Sanctified Staff","","","Level 12 :","Perception","Overclocking Module","Level 27 :","Orchestrated Firestorm III","","Level 47 :","Enough Bullets for Everyone","Lore Warp","","Weapon Set 2","Psychic Staff","Sanctified Staff","Sanctified Staff","Sanctified Staff","","","Level 12 :","Agility","Awareness","Level 27 :","Dispatch II","","Level 47 :","Edge of Dawn","Demolition","","Weapon Set 2","","","","","","","Level 12 :","Agility","Awareness","Level 27 :","Orchestrated Firestorm III","","Level 47 :","Duellist","Awareness","","Weapon Set 2","","","","","","","Level 12 :","Willpower","Medicae","Level 27 :","Steady Superiority IV","","Level 47 :","Ramming Speed","Carouse","","Weapon Set 2","Noble Sword / Veilrender","Veilrender / Awakened Nightmare","The Distortion","Sacrifice","Sacrifice","","Level 12 :","Willpower","Medicae","Level 27 :","Carnival of Misery III","","Level 47 :","Easy Target","Carouse","","Weapon Set 2","Noble Sword / Veilrender","Veilrender / Awakened Nightmare","Emergency Cutter","Well-Maintained Heavy Rock Saw","","","Level 12 :","Agility","Awareness","Level 27 :","Orchestrated Firestorm III","","Level 47 :","Duellist","Awareness","","Weapon Set 2","Charged Staff","Charged Staff","Charged Staff","Solar Staff",""
"","Level 13 :","Personal Oversight","Persuasion / Coercion","Level 28 :","Against All Odds","","Level 48 :","Undisputed Advantage","Fellowship","","","","","","","","","Level 13 :","Inspiring speech","Persuasion","Level 28 :","Brother-In-Arms","Adrenaline Surge","Level 48 :","Deterioration","Willpower","","","","","","","","","Level 13 :","Pain Channelling","Liturgy of Insulation","Level 28 :","Personal Involvement","","Level 48 :","Psalms of Heroes","Intelligence","","","","","","","","","Level 13 :","Blade of Light","Carouse","Level 28 :","Hymns of Hatred","Killing Spree","Level 48 :","Outsmart","Agility","","","","","","","","","Level 13 :","Blade of Light","Demolition","Level 28 :","Against All Odds","","Level 48 :","Psyker Extremis","Agility","","","","","","","","","Level 13 :","Burning Blood","Carouse","Level 28 :","Medicae","Adaptability","Level 48 :","Exploit Weakness","Toughness","","","Stronghold","Old Shield","Flames of Retribution","Meragon Shield / Intimidating Growl","Meragon Shield / Intimidating Growl","","Level 13 :","Crowd Kill","Carouse","Level 28 :","Fire Within","","Level 48 :","Blade of Light","Willpower","","","Stronghold","Old Shield","","","","","Level 13 :","Blade of Light","Demolition","Level 28 :","Against All Odds","","Level 48 :","Psyker Extremis","Agility","","","","","","",""
"","Level 14 :","Willpower","Psyker Majoris","Level 29 :","Persuasion / Coercion","Willpower","Level 49 :","Willpower","Medicae","","","","","","","","","Level 14 :","Toughness","Psyker Majoris","Level 29 :","Toughness","Persuasion","Level 49 :","Toughness","Medicae","","","","","","","","","Level 14 :","Psyker Majoris","Lore Warp","Level 29 :","Lore Warp","Intelligence","Level 49 :","Perception","Lore Imperium","","","","","","","","","Level 14 :","Strength","Sweeping Motions","Level 29 :","Perception","Awareness","Level 49 :","Perception","Demolition","","","","","","","","","Level 14 :","Strength","Bloody Requiem","Level 29 :","Demolition","Strength","Level 49 :","Perception","Awareness","","","","","","","","","Level 14 :","Willpower","Psyker Majoris","Level 29 :","Toughness","Characteristic Training: Per","Level 49 :","Willpower","Carouse","","","","","","","","","Level 14 :","Willpower","Psyker Majoris","Level 29 :","Perception","Athletics","Level 49 :","Willpower","Carouse","","","","","","","","","Level 14 :","Strength","Bloody Requiem","Level 29 :","Demolition","Strength","Level 49 :","Perception","Awareness","","","","","","",""
"","Level 15 :","Finest Hour I","","Level 30 :","Psychic Barrage","Hammer of the emperor","Level 50 :","Eager for Battle","Heroism","","Optical Insertion","Somatic Insertion","Cortical Insertion","Sinistral Insertion","Dextral Insertion","Musculoskeletal Insertion","","Level 15 :","Finest Hour I","","Level 30 :","Strategic Adaptation","","Level 50 :","Eager Subordinates","Leader's Assault","","Optical Insertion","Somatic Insertion","Cortical Insertion","Sinistral Insertion","Dextral Insertion","Musculoskeletal Insertion","","Level 15 :","Firearm Mastery III","","Level 30 :","Psyker Terminus","Shield of the Emperor","Level 50 :","Know-it-all","Hymns of Hatred","","Optical Insertion","Somatic Insertion","Cortical Insertion","Sinistral Insertion","Dextral Insertion","Musculoskeletal Insertion","","Level 15 :","Death Waltz III","","Level 30 :","Death Whisper","","Level 50 :","Destroyer","Race Against Death","","Optical Insertion","Somatic Insertion","Cortical Insertion","Sinistral Insertion","Dextral Insertion","Musculoskeletal Insertion","","Level 15 :","Death Waltz III","","Level 30 :","Characteristic Training: Per","Fervour","Level 50 :","Vital Points","Hymnds of Hatred","","Optical Insertion","Somatic Insertion","Cortical Insertion","Sinistral Insertion","Dextral Insertion","Musculoskeletal Insertion","","Level 15 :","Daring Breach III","","Level 30 :","Wildfire","","Level 50 :","Professional Know-How","Edge of Dawn","","Optical Insertion","Somatic Insertion","Cortical Insertion","Sinistral Insertion","Dextral Insertion","Musculoskeletal Insertion","","Level 15 :","Daring Breach IV","","Level 30 :","Reckless Abandon","Backdraft / Instant Retribution","Level 50 :","Extermination","Desolation","","Optical Insertion","Somatic Insertion","Cortical Insertion","Sinistral Insertion","Dextral Insertion","Musculoskeletal Insertion","","Level 15 :","Death Waltz III","","Level 30 :","Characteristic Training: Per","Fervour","Level 50 :","Vital Points","Hymnds of Hatred","","Optical Insertion","Somatic Insertion","Cortical Insertion","Sinistral Insertion","Dextral Insertion","Musculoskeletal Insertion"
"","","","","Level 31 :","Personal Involvement","","Level 51 :","In The Hero's Footsteps","Medicae","","","","","","","","","","","","Level 31 :","Master's Patronage","Warp Saturation","Level 51 :","Edge of Dawn","Medicae","","","","","","","","","","","","Level 31 :","Against All Odds","","Level 51 :","Undisputed Advantage","Lore Imperium","","Cerebral Holo-Ocular MK-I","Weapon Optimiser / Hemo Filter","","","Hand of the Righteous (optional as arcs can debuff allies)","","","","","","Level 31 :","Psyker Terminus","Disarray","Level 51 :","Esquive ","Demolition","","Focal Emitter MK-I","Neural System Graft MK-I ","Telemetric Logis-Analyser MK-I ","Pneumatic Assault Grapple MK Warrior","Relic Augment (optional)","Skullcrushers","","","","","Level 31 :","Stacking the Deck","","Level 51 :","Psalms of Heroes","Demolition","","Focal Emitter MK-I","Neural Systems Graft MK-I","","","","Skullcrushers","","","DB 3 is for Aurora","can respec to 4 later","Level 31 :","Flashfire","","Level 51 :","Psalms of Heroes","Carouse","","Focal Emitter MK-I","Neural System Graft MK Warrior","Telemetric Logis Analyser MK Officer","","Hand of the Righteous","Skullcrushers","","","","","Level 31 :","Sower of Distress","","Level 51 :","Racking Weakness","Carouse","","Focal Emitter MK-I","Adaptive Hemo-Filter MK-I","Telemetric Logis Analyser MK Officer","","Relic Augment","Skullcrushers","","","","","Level 31 :","Stacking the Deck","","Level 51 :","Psalms of Heroes","Demolition","","Focal Emitter MK-I","Neural System Graft MK Warrior","","","","Skullcrushers"
"","","","","Level 32 :","Willpower","Persuasion / Coercion","Level 52 :","Hymns of Hatred","Edge of Dawn","","","","","","","","","","","","Level 32 :","Toughness","Persuasion","Level 52 :","Blood of Martyrs","Eternal Glory","","","","","","","","","","","","Level 32 :","Perception","Lore Warp","Level 52 :","Camraderie","Residual Charge","","Cerebral Holo-Ocular MK-I","Weapon Optimiser / Hemo Filter","Cerebral Inverter MK Tactician","","Hand of the Righteous (optional as arcs can debuff allies)","","","","","","Level 32 :","Awareness","","Level 52 :","Bringer of Doom","Power Armour Proficiency","","","","","","","Skullcrushers","","","","","Level 32 :","Perception","Demolition","Level 52 :","Edge of Dawn","Power Armour Proficiency","","Focal Emitter MK-I","Neural Systems Graft MK-I","Cerebral Inverter MK Tactician","","Pneumatic Assault Grapple MK 'Warrior'","Skullcrushers","","","respec heavy to power ","for act 3","Level 32 :","Perception","Medicae","Level 52 :","Hymns of Hatred","Shield Mastery","","Focal Emitter MK-I","Adaptive Hemo-Filter MK-I","Telemetric Logis Analyser MK I","","Hand of the Righteous","Skullcrushers","","","","","Level 32 :","Perception","Athletics","Level 52 :","Fragile Playthings","Melting Armour","","Focal Emitter MK-I","Adaptive Hemo-Filter MK-I","Telemetric Logis Analyser MK I","","Chymist Combat Infuser","Skullcrushers","","","","","Level 32 :","Perception","Demolition","Level 52 :","Edge of Dawn","Residual Power","","Focal Emitter MK-I","Neural System Graft MK-II","Psy Capacitor","","Pneumatic Assault Grapple MK 'Warrior'","Skullcrushers"
"","","","","Level 33 :","Brick of Death","","Level 53 :","Fervour","Willpower","","","","","","","","","","","","Level 33 :","Subtle Manipulation","","Level 53 :","Hammer of the Emperor","Toughness","","","","","","","","","","","","Level 33 :","Dawn of Victory","","Level 53 :","Finish the Job","Perception","","Cerebral Holo-Ocular MK-II","Weapon Optimiser / Hemo Filter","Cerebral Inverter MK Tactician","","Hand of the Righteous (optional as arcs can debuff allies)","","","","","","Level 33 :","Seize the Advantage","Perception","Level 53 :","Sword of Faith","Perception","","Focal Emitter MK-II","Neural Systems Graft MK Assassin","Psy-Capacitor SUPER OPTIONAL","Pneumatic Assault Grapple MK Assassin","Chymist Combat Infuser","Phase Oscillator MK II","","","","","Level 33 :","Dawn of Victory","","Level 53 :","Hammer of the Emperor","Perception","","Focal Emitter MK-II","Neural Systems Graft MK-II","Cerebral Inverter MK Tactician","","Pneumatic Assault Grapple MK 'Warrior'","Phase Oscillator MK 'Tactician'","","","After Act 1 burning blood","can be spec out of","Level 33 :","Fire Within","Perception","Level 53 :","Inflame","Willpower","","Focal Emitter MK-II","Adaptive Hemo-Filter MK-II","Telemetric Logis Analyser MK II","","Hand of the Righteous","Skullcrushers","","","","","Level 33 :","Master of Torture","","Level 53 :","Molten Beam","Willpower","","Focal Emitter MK-II","Adaptive Hemo-Filter MK-II","Telemetric Logis Analyser MK II","","Chymist Combat Infuser","Skullcrushers","","","","","Level 33 :","Dawn of Victory","","Level 53 :","Veil of Blade","Perception","","Focal Emitter MK-II","Neural System Graft MK Assassin","Psy Capacitor","","Pneumatic Assault Grapple MK 'Warrior'","Skullcrushers"
"","","","","Level 34 :","Willpower","Psyker Extremis","Level 54 :","Extermination","Seize the Initiative","","","","","","","","","","","","Level 34 :","Psyker Extremis","","Level 54 :","Eager for Battle","Heroism","","","","","","","","","","","","Level 34 :","Perception","Psyker Extremis","Level 54 :","Vital Points","Bloody Mess ","","","","","","","","","","","","Level 34 :","Psyker Extremis","","Level 54 :","Extermination","An Eye for the Unscathed","","","","","","","","","","","","Level 34 :","Perception","Psyker Terminus","Level 54 :","Degraded Defence","Bloody Mess","","","","","","","","","","Once you superior HA","Destined can be respec","Level 34 :","Perception","Psyker Extremis","Level 54 :","Extermination","Accustomed to Glory","","Focal Emitter MK-II","Adaptive Hemo-Filter MK-II","Telemetric Logis Analyser MK II","Hand of the Cursed","Hand of the Righteous","Skullcrushers","","","","","Level 34 :","Perception","Psyker Terminus","Level 54 :","Degraded Defence / Strong Hand","Still Mind","","Focal Emitter MK-II","Adaptive Hemo-Filter MK-II","Telemetric Logis Analyser MK II","Hand of the Cursed","Chymist Combat Infuser","Skullcrushers","","","","","Level 34 :","Perception","Psyker Terminus","Level 54 :","Degraded Defence","Anticipation","","","","","","",""
"","","","","Level 35 :","Orchestrated Firestorm III","","Level 55 :","Ap +1","","","","","","","","","","","","","Level 35 :","Overcharge I","","Level 55 :","Ap +1","","","","","","","","","","","","","Level 35 :","Orchestrated Firestorm II","","Level 55 :","AP +1","","","","","","","","","","","","","Level 35 :","Dispatch III","","Level 55 :","AP +1","","","","","","","","","","","","","Level 35 :","Orchestrated Firestorm II","","Level 55 :","AP +1","","","","","","","","","","","","","Level 35 :","Steady Superiority II","","Level 55 :","AP +1","","","","","","","","","","","","","Level 35 :","Carnival of Misery IV","","Level 55 :","AP +1","","","","","","","","","","","","","Level 35 :","Orchestrated Firestorm II","","Level 55 :","AP +1","","","","","","","",""