"*Scroll right for more variants and down for other origins","","","","","","","","","","","","","","","","","","","","","","","","","","","","","","","","","","","","","","","","","","","","","","","","","","","","","","","","","","","","","","","","","","","","","","","","","","","","","","","","","","","","","","","","","","","","","","","","","","","","","","","","","","","","","","","","","","","",""
"*Download the sheet to navigate to 1.4 builds if you want to use builds that have not been optimised for 1.5","","","","","","","","","","","","","","","","","","","","","","","","","","","","","","","","","","","","","","","","","","","","","","","","","","","","","","","","","","","","","","","","","","","","","","","","","","","","","","","","","","","","","","","","","","","","","","","","","","","","","","","","","","","","","","","","","","","",""
"Ability","Commissar taking command","","","","","","","","","","Skill Options","","","Commissar leading the charge","","","","","","","","","","Skill Options","","","Iconic Commissar (Bolt weapons is for RP, you can drop them to use the stronger foehammers / solid projectile pistols)","","","","","","","","","","Skill Options","","","","","","","","","","","","","","","","","","","","","","","","","","","","","","","","","","","","","","","","","","","","","","","","","","","","","","","","","","","","","","","","","","","","","","","","","","","","","","",""
"Skill","Hive World - Commissar - Officer - +2 Ballistic Skill / Agility +1 / Perception +1 / Fellowship +2 (For Imperial World Plasma Pistol is a great option)","","","","","","","","","","Commerce / Persuasion / Coercion / Lore Imperium (Chartist Pendant)","","","Imperial World (Fellowship) - Commissar - Soldier - Ballistic Skill +2 / Agility + 2 / Perception +2 (The / on common skills separate alternative paths for those that want to use plasma and those that do not)","","","","","","","","","","Coercion / Demolition / Awareness / Lore Imperium (Chartist Pendant)","","","Hive World - Commissar - Warrior - Weapon Skill +2 / Strength +1 / Toughness +2 / Agi +1","","","","","","","","","","Coercion / Demolition / Awareness / Lore Imperium (Chartist Pendant)","","","","","","","","","","","","","","","","","","","","","","","","","","","","","","","","","","","","","","","","","","","","","","","","","","","","","","","","","","","","","","","","","","","","","","","","","","","","","","",""
"Talent","Officer","","","Master Tactician","","","Exemplar","","","","","","","Soldier","","","Arch-Militant","","","Exemplar","","","","","","","Warrior","","","Arch-Militant","","","Exemplar","","","","","","","","","","","","","","","","","","","","","","","","","","","","","","","","","","","","","","","","","","","","","","","","","","","","","","","","","","","","","","","","","","","","","","","","","","","","","","","","","","",""
"Common Talent","Level 1 :","Voice Of Command","","Level 16 :","Tactical Advantage","Press The Advantage","Level 36 :","Eager for Battle *","Be Vigilant! / leader's assault","","","","","Level 1 :","Run and Gun","","Level 16 :","Versatility","","Level 36 :","Eagar for Battle","Rack and Ruin","","","","","Level 1 :","Charge","","Level 16 :","Versitility","","Level 36 :","Peak Condition","Easy Target","","","","","","","","","","","","","","","","","","","","","","","","","","","","","","","","","","","","","","","","","","","","","","","","","","","","","","","","","","","","","","","","","","","","","","","","","","","","","","","","",""
"Heroic Action","Level 2 :","Coercion","","Level 17 :","Linchpin","","Level 37 :","Coercion","Stacking the Deck","","Gear to consider","","","Level 2 :","Medicae","","Level 17 :","Reckless Rush","","Level 37 :","Coercion","Exploit Weakness","","Gear to consider","","","Level 2 :","Medicae","","Level 17 :","Reckless Rush","","Level 37 :","Athletics","Critical Versatility","","Gear to consider","","","","","","","","","","","","","","","","","","","","","","","","","","","","","","","","","","","","","","","","","","","","","","","","","","","","","","","","","","","","","","","","","","","","","","","","","","","","","","",""
"Stats","Level 3 :","Bring it Down !","","Level 18 :","Reliance","","Level 38 :","Perception","Motivation","","Helm","Commissar's Cap / Commander's Monocole / Helm of Determination","","Level 3 :","Revel in Slaughter","","Level 18 :","Always Ready","","Level 38 :","Ballistic Skill","Better to Die for the Emperor / Enhanced Splash Area","","Helm","Commissar's Cap / Gunslinger's Helm","","Level 3 :","Endure","","Level 18 :","Always Ready","","Level 38 :","Weapon Skill","Power Armour Proficiency","","Helm","Commissar's Cap / Tactical Genius / The Guardian Crown","","","","","","","","","","","","","","","","","","","","","","","","","","","","","","","","","","","","","","","","","","","","","","","","","","","","","","","","","","","","","","","","","","","","","","","","","","","","","",""
"","Level 4 :","Finest Hour","Lasting Impression","Level 19 :","Orchestrated Firestorm","","Level 39 :","Break Their Ranks!","Coercion","","Armour","[Death World Origin] Enforcer Light Carapace / Duellist Uniform / Breacher's Armour / [Hive World Origin] Voidsman's Armour","","Level 4 :","Firearm Mastery","Muzzle Velocity / Point-Blank","Level 19 :","Steady Superiority","","Level 39 :","Entrench","Coercion","","Armour","[Hive World Origin] Voidsmen Armour","","Level 4 :","Daring Breach","Thick Skin","Level 19 :","Steady Superiority","","Level 39 :","Sworn Enemy","Athletics","","Armour","[Death World Origin] Enforcer Light Carapace / [Hive World Origin] Voidsmen Armour","","","","","","","","","","","","","","","","","","","","","","","","","","","","","","","","","","","","","","","","","","","","","","","","","","","","","","","","","","","","","","","","","","","","","","","","","","","","","",""
"","Level 5 :","Ballistic Skill","Summary Execution","Level 20 :","Ap +1","Ballistic Skill","Level 40 :","Firebrand *","Undisputed Advantage","","Cloak","Rogue trader's cloak / Mercy's Gift / Von Valancius Cloak / Emergency Vox-Casters / Tactical Backpack / Tempestus Elite Carapace","","Level 5 :","Ballistic Skill","Rapid Reload","Level 20 :","Ap +1","Ballistic Skill","Level 40 :","Degraded Defence","Contempt for the Weak","","Cloak","Sensory Motor Module / Tactical Backpack / Rogue Trader's Cloak / Tempestus Carapace Elite Backpack / Cape of Reckoning","","Level 5 :","Crowd Kill","Weapon Skill","Level 20 :","AP +1","Weapon Skill","Level 40 :","Degraded Defence","Dismantle","","Cloak","Malpain Shroud / Arch-Militant's Cape / Von Valancies Cloak / Tactical Backpack / Temperus Elite Carapace Backpack","","","","","","","","","","","","","","","","","","","","","","","","","","","","","","","","","","","","","","","","","","","","","","","","","","","","","","","","","","","","","","","","","","","","","","","","","","","","","",""
"","Level 6 :","Decisive Response","Ballistic Skill","Level 21 :","Ballistic Skill","Joint Offensive","Level 41 :","Fellowship","Prepare for an assault!","","Neck","Chartist Pendant / Medal of Alacrity / Onslaught Amulet / soldier aquila pendant / Officer's Aquila Pendant","","Level 6 :","Ballistic Skill","Rapid Fire","Level 21 :","All out","Ballistic Skill","Level 41 :","Ballistic Skill","Enough Bullets for everyone","","Neck","Focus Incense / Dog Tags / Soldier Aquila Pendant / Dashing Aquila / For the defence of Cadia / Flashlight Emitter","","Level 6 :","Forceful Strike","Athletics","Level 21 :","Broad Expertise","Weapon Skill","Level 41 :","Weapon Skill","Opening Strike","","Neck","Invigorating Resolve / The Vial of Falstow / Blessed Bolter Casing / Dog Tag","","","","","","","","","","","","","","","","","","","","","","","","","","","","","","","","","","","","","","","","","","","","","","","","","","","","","","","","","","","","","","","","","","","","","","","","","","","","","",""
"","Level 7 :","Move, Move, Move","Weapon Personalisation","Level 22 :","Inspire","","Level 42 :","Fervour","Fellowship","","Accessory 1","Commander's Chrono / Portative Manipulator / Tactica Imperialis Excerpt","","Level 7 :","Agility","One for the Enemies, Two for the traitors","Level 22 :","Wild Fire","Dual-Weapon Combat / Safety Training","Level 42 :","Kick","Perception","","Accessory 1","Portative Manipulator / Iron Cape / Cruciatum Litany / Harlequin Trinket / long-range aim lens / Echo of Victory","","Level 7 :","Weapon Skill","Duelling Mastery / Bolter Weapon Proficiency","Level 22 :","Wildfire","Dual-Weapon Combat","Level 42 :","Kick","Toughness","","Accessory 1","Knuckle Guard / Portative Manipulator / Bead of Might","","","","","","","","","","","","","","","","","","","","","","","","","","","","","","","","","","","","","","","","","","","","","","","","","","","","","","","","","","","","","","","","","","","","","","","","","","","","","",""
"","Level 8 :","Focus!","Coercion","Level 23 :","Unwavering Motivation","Coercion","Level 43 :","Brink of Death","Grenadier","","Accessory 2","Pair Holster / Black Ring of the Inquisition / Precint's Vox Relay","","Level 8 :","Unfaltering Fire","Coercion","Level 23 :","Coercion","Flashfire","Level 43 :","Ingenious","Ready to Serve / Let Them Know Fear!","","Accessory 2","Pair Holster / Litany of Exhausion / Demolition Instructions / bead of might / book of war prayers","","Level 8 :","Athletics","Impetus","Level 23 :","Athletics","All Out","Level 43 :","Martial Art","Let Them Know Fear!","","Accessory 2","Bayonet Chain Knife / Pair Holster / Iron Cape","","","","","","","","","","","","","","","","","","","","","","","","","","","","","","","","","","","","","","","","","","","","","","","","","","","","","","","","","","","","","","","","","","","","","","","","","","","","","",""
"","Level 9 :","Finest Hour IV","","Level 24 :","Fellowship","Dual-Weapon Combat","Level 44 :","Commerce / Lore Imperium","Eager Subordinates","","Gloves","Thrice-Pioneer's bracers / Grenadier's Gloves / Gloves of rapid desolation / deflection gloves","","Level 9 :","Firearm Mastery II","","Level 24 :","Agility","Let them Know Fear! / For the Emperor!","Level 44 :","Demolition","Deadly Aim *","","Gloves","Thrice-Pioneer's bracers / Gloves of rapid desolation / deflection gloves / compensator Gloves / Freedom and Vengeance","","Level 9 :","Daring Breach II","","Level 24 :","Toughness","Power Weapon Expert","Level 44 :","Coercion","Destroyer","","Gloves","Augmented Gloves / Inevietable Demise / Master Duellist's Gloves / Adaptive Gloves / Metal Claw Gloves / Gloves of Rapid Desolation","","","","","","","","","","","","","","","","","","","","","","","","","","","","","","","","","","","","","","","","","","","","","","","","","","","","","","","","","","","","","","","","","","","","","","","","","","","","","",""
"","Level 10 :","Commerce / Lore Imperium","Fellowship","Level 25 :","Hidden Advantage","","Level 45 :","Ap +1","","","Boots","Commissar boots / Recoil Warboots","","Level 10 :","Fired Up","Agility","Level 25 :","Dismantle","","Level 45 :","AP +1","","","Boots","Recoil Warboots / Sharpshooter Boots / Caligae of Saint Keefe / Slow March of Death / Blitz Boots","","Level 10 :","Open Engagement","Strength","Level 25 :","Flashfire","","Level 45 :","AP +1","","","Boots","Void Veteran Boots / Enforcer Light Boots / Fencing Boots / Pneumo Boots","","","","","","","","","","","","","","","","","","","","","","","","","","","","","","","","","","","","","","","","","","","","","","","","","","","","","","","","","","","","","","","","","","","","","","","","","","","","","",""
"","Level 11 :","Steel Resolve","Fellowship","Level 26 :","Coercion","Fellowship","Level 46 :","Seize the Initiative","Commerce / Lore Imperium","","Weapon Set 1","Daredevil Pistol / Bloody Mentor / Anti-Vehicle Revolver","","Level 11 :","Concentrated Fire","Coercion","Level 26 :","Coercion","Perception","Level 46 :","Demolition Engineer","Demolition","","Weapon Set 1","Quick-Firing Laspistol / Daredevil Pistol","","Level 11 :","Reckless Strike","Weapon Personalisation","Level 26 :","Athletics","Toughness","Level 46 :","Contempt","Coercion","","Weapon Set 1","[Mars-Pattern] Bolt Pistol / Deadly Precision / [Mezoa-Pattern] Bolt Pistol / Anti-Vehicle Revolver / Daredevil Pistol / Bone-Shatterer","","","","","","","","","","","","","","","","","","","","","","","","","","","","","","","","","","","","","","","","","","","","","","","","","","","","","","","","","","","","","","","","","","","","","","","","","","","","","",""
"","Level 12 :","Air of Authority","Characteristic Training: PER","Level 27 :","Orchestrated Firestorm III","","Level 47 :","Leader's Assault / be vigilant","Medicae","","","Quick firing Las Pistol / [Mars-Pattern] Hot Shot LasPistol / Bone-Shatterer","","Level 12 :","Perception","Motivation / Plasma Weapon Proficiency","Level 27 :","Steady Superiority IV","","Level 47 :","Point-Blank","Demolition","","","[Mars-Pattern] Hot Shot Laspistol / [Sol Pattern] Laspistol / Anti-Vehicle Revolver / Bone-Shatterer","","Level 12 :","Toughness","Coercion","Level 27 :","Steady Superiority IV","","Level 47 :","Living Shield","Medicae","","","Triumph of Faith / Watcher From Above / Auto-Striking Powersword / Tearing Vengence / [Sol] Elite Power Sword","","","","","","","","","","","","","","","","","","","","","","","","","","","","","","","","","","","","","","","","","","","","","","","","","","","","","","","","","","","","","","","","","","","","","","","","","","","","","",""
"","Level 13 :","Inspiring Speech","Commerce / Lore Imperium","Level 28 :","Against All Odds","","Level 48 :","Logistical Superiority","Ballistic Skill","","Weapon Set 2","Autoguns / Lasguns / Snipers / Low damage pistol options for at all costs","","Level 13 :","Swift Slaughter","For the Emperor! / External Power Block","Level 28 :","Awareness","Adaptability","Level 48 :","Distract","Perception","","Weapon Set 2","Bloody Mentor / Anti-Vehicle Revolver","","Level 13 :","Ramming Speed","Coercion","Level 28 :","Coercion","Armsmaster","Level 48 :","Exploit Weakness","Toughness","","Weapon Set 2","[Mars-Pattern] Thunder Hammer / They Shall Weep / Restless Absolution / Well-Maintained Rocksaw","","","","","","","","","","","","","","","","","","","","","","","","","","","","","","","","","","","","","","","","","","","","","","","","","","","","","","","","","","","","","","","","","","","","","","","","","","","","","",""
"","Level 14 :","Perception","Let them know Fear!","Level 29 :","Commerce / Lore Imperium","Agility","Level 49 :","Ballistic Skill","Medicae","","","","","Level 14 :","Summary Execution","Awareness","Level 29 :","Perception","Las Weapon Expert / Dual-Weapon Combat","Level 49 :","Agility","Demolition","","","[Sol-Pattern] Plasma Pistol / Plasma Pistol with Cyro-Module / Blessed Lamp of Petrakara","","Level 14 :","Toughness","Summary Execution","Level 29 :","Strength","Characteristic Training: Per","Level 49 :","Fellowship","Medicae","","","","","","","","","","","","","","","","","","","","","","","","","","","","","","","","","","","","","","","","","","","","","","","","","","","","","","","","","","","","","","","","","","","","","","","","","","","","","","","","",""
"","Level 15 :","Finest Hour I","","Level 30 :","One for the Enemies, Two for the Traitors","Strongpoint","Level 50 :","Degraded Defence","Personal Oversight","","","","","Level 15 :","Firearm Mastery III","","Level 30 :","Devastating Attack","","Level 50 :","Extermination *","Second Skin / Integrity","","","","","Level 15 :","Daring Breach IV","","Level 30 :","Devastating Attack","","Level 50 :","Eager for battle","Desolation","","","","","","","","","","","","","","","","","","","","","","","","","","","","","","","","","","","","","","","","","","","","","","","","","","","","","","","","","","","","","","","","","","","","","","","","","","","","","","","","",""
"","","","","Level 31 :","Stronghold","","Level 51 :","Personal Involvement","Medicae","","","","","","","","Level 31 :","Breaking Attack","","Level 51 :","Preferred targets","Demolition","","","","","","","","Level 31 :","Breaking Attack","","Level 51 :","Contempt for the Weak","Medicae","","","","","","","","","","","","","","","","","","","","","","","","","","","","","","","","","","","","","","","","","","","","","","","","","","","","","","","","","","","","","","","","","","","","","","","","","","","","","","","","",""
"","","","","Level 32 :","Agility","Commerce / Lore Imperium","Level 52 :","No Respite","For the Emperor!","","","","","","","","Level 32 :","Perception","Awareness","Level 52 :","Accustomed to Glory","Know No Heresy","","","","","","","","Level 32 :","Perception","Coercion","Level 52 :","Preferred Targets","Motivation","","","","","","","","","","","","","","","","","","","","","","","","","","","","","","","","","","","","","","","","","","","","","","","","","","","","","","","","","","","","","","","","","","","","","","","","","","","","","","","","",""
"","","","","Level 33 :","Dawn of Victory","","Level 53 :","Assign Objective / Finish the job","Perception","","","","","","","","Level 33 :","Critical Versatility","Fellowship","Level 53 :","Controlled Shot","Agility","","","","","","","","Level 33 :","Adaptability","Perception","Level 53 :","Break Through","Fellowship","","","","","","","","","","","","","","","","","","","","","","","","","","","","","","","","","","","","","","","","","","","","","","","","","","","","","","","","","","","","","","","","","","","","","","","","","","","","","","","","",""
"","","","","Level 34 :","Perception","Comradery","Level 54 :","Extermination","Primary Objective","","","","","","","","Level 34 :","Fellowship","Grenadier","Level 54 :","Vital Points","Camaraderie","","","","","","","","Level 34 :","Perception","Comradery","Level 54 :","Extermination","Blade Flurry","","","","","","","","","","","","","","","","","","","","","","","","","","","","","","","","","","","","","","","","","","","","","","","","","","","","","","","","","","","","","","","","","","","","","","","","","","","","","","","","",""
"","","","","Level 35 :","Orchestrated Firestorm II","","Level 55 :","Ap +1","","","","","","","","","Level 35 :","Steady Superiority II","","Level 55 :","AP +1","","","","","","","","","Level 35 :","Steady Superiority II","","Level 55 :","AP +1","","","","","","","","","","","","","","","","","","","","","","","","","","","","","","","","","","","","","","","","","","","","","","","","","","","","","","","","","","","","","","","","","","","","","","","","","","","","","","","","","",""
"","Company Commander","","","","","","","","","","Skill Options","","","Guard Astra Militarum Commander","","","","","","","","","","Skill Options","","","Lord Commander Militant","","","","","","","","","","Skill Options","","","Dishonourable Discharge - Xeno Heresy","","","","","","","","","","Skill Options","","","Gunslinger Commander","","","","","","","","","","Skill Options","","","Trench Strategist ","","","","","","","","","","Skill Options","","","Grand Astra Militarum Stratagist","","","","","","","","","","Skill Options","","","","","","","","","","","","","","","","","","","","","","","","","","",""
"","Fortress World - Astra Militarum Commander - Soldier - Ballistic Skill +2 / Agility +2 / Perception +1 / Willpower +1","","","","","","","","","","Awareness / Demolition","","","Imperial (Fellowship) - Astra Militarum Commander - Soldier - +2 Ballistic Score / +2 Agility / +2 Perception","","","","","","","","","","Awareness / Demolition","","","Fortress World - Astra Militarum Commander - Soldier - +2 Ballistic Score / +2 Agility / +2 Perception","","","","","","","","","","Awareness / Demolition","","","Fortress World - Astra Militarum Commander - Soldier - +2 Ballistic Score / +2 Agility / +2 Perception","","","","","","","","","","Awareness / Demolition","","","Fortress World - Astra Militarum Commander - Soldier - Ballistic Skill +2 / Agility +2 / Perception +1 / Willpower +1","","","","","","","","","","Awareness / Demolition","","","Imperial World (Fellowship) - Astra Militarum Commander - Officer - Ballistic Skill +2 / Perception +2 / Fellowship +2","","","","","","","","","","Persuasion, Coercion, Commerce, Lore Imperium","","","Voidborn - Astra Militarum Commander - Officer - Ballistic Skill +2 / Intelligence +2 / Perception +2 (can drop arc talents and build into Commander Lasgun talents - Las rifle version scroll right to the end)","","","","","","","","","","Awareness / Coercion / Commerce / Logic / Lore Imperium / Persuasion /","","","","","","","","","","","","","","","","","","","","","","","","","","",""
"","Soldier","","","Arch-Militant","","","Exemplar","","","","","","","Soldier","","","Master Tactician","","","Exemplar","","","","","","","Soldier","","","Arch-Militant","","","Exemplar","","","","","","","Soldier","","","Arch-Militant","","","Exemplar","","","","","","","Soldier","","","Bounty Hunter","","","Exemplar","","","","","","","Officer","","","Grand Strategist","","","Exemplar","","","","","","","Officer","","","Grand Strategist","","","Exemplar","","","","","","","","","","","","","","","","","","","","","","","","","","","","","","",""
"","Level 1 :","Run and Gun","","Level 16 :","Versatility","","Level 36 :","Eager for Battle","Rack and Ruin","","","","","Level 1 :","Run and Gun","","Level 16 :","Tactical Advantage","Press The Advantage","Level 36 :","Eagar for Battle","Fortress","","","","","Level 1 :","Run and Gun","","Level 16 :","Versatility","","Level 36 :","Peak Condition","Rack and Ruin","","","","","Level 1 :","Run and Gun","","Level 16 :","Versatility","","Level 36 :","Degraded Defence","Rack and Ruin","","","","","Level 1 :","Run and Gun","","Level 16 :","Hunt Down The Prey","","Level 36 :","Eager for Battle","Rack and Ruin","","","","","Level 1 :","Voice Of Command","","Level 16 :","Combat Tactics","","Level 36 :","Eager for Battle *","Seize the Initiative","","","","","Level 1 :","Voice Of Command","","Level 16 :","Combat Tactics","","Level 36 :","Eager for Battle *","Seize the Initiative","","","","","","","","","","","","","","","","","","","","","","","","","","","","",""
"","Level 2 :","Medicae","","Level 17 :","Wilfire","","Level 37 :","Awareness","Exploit Weakness","","Gear to consider","","","Level 2 :","Medicae","","Level 17 :","Linchpin","","Level 37 :","Awareness","Stacking the Deck","","Gear to consider","","","Level 2 :","Medicae","","Level 17 :","Wilfire","","Level 37 :","Awareness","Contempt for the weak","","Gear to consider","","","Level 2 :","Medicae","","Level 17 :","Wilfire","","Level 37 :","Awareness","Contempt for the weak","","Gear to consider","","","Level 2 :","Medicae","","Level 17 :","Claim the Bounty","","Level 37 :","Awareness","Withdraw","","Gear to consider","","","Level 2 :","Persuasion / Commerce","","Level 17 :","Combat Locus Stratagem","","Level 37 :","Medicae","Sniping Zone","","Gear to consider","","","Level 2 :","Persuasion / Commerce","","Level 17 :","Combat Locus Stratagem","","Level 37 :","Medicae","Sniping Zone","","Gear to consider","","","","","","","","","","","","","","","","","","","","","","","","","","",""
"","Level 3 :","Revel in Slaughter","","Level 18 :","Always Ready","","Level 38 :","Ballistic Skill","Fix Bayonets!","","Helm","Gunslinger Helm / Commissar Cap / Peripheral Visor","","Level 3 :","Revel in Slaughter","","Level 18 :","Reliance","","Level 38 :","Ballistic Skill","Las Weapon Expert","","Helm","Gunslinger Helm / Commissar Cap / Peripheral Visor","","Level 3 :","Revel in Slaughter","","Level 18 :","Always Ready","","Level 38 :","Ballistic Skill","Power Armour Proficiency","","Helm","Gunslinger Helm","","Level 3 :","Revel in Slaughter","","Level 18 :","Always Ready","","Level 38 :","Ballistic Skill","Deadly Accuracy","","Helm","Gunslinger Helm","","Level 3 :","Revel in Slaughter","","Level 18 :","Cut to the Chase","","Level 38 :","Ballistic Skill","Grenadier","","Helm","Gunslinger Helm","","Level 3 :","Bring it Down !","","Level 18 :","Improvised Strategy","","Level 38 :","Fellowship","Better to Die for the emperor!","","Helm","Commander's Monocole / Steel Guidance / Great Librarian Glasses / Poet's Grace / Wrathful Mask","","Level 3 :","Bring it Down !","","Level 18 :","Improvised Strategy","","Level 38 :","Intelligence","Grenadier","","Helm","Commander's Monocole / Steel Guidance / Great Librarian Glasses / Poet's Grace / Wrathful Mask","","","","","","","","","","","","","","","","","","","","","","","","","",""
"","Level 4 :","Firearm Mastery","Muzzle Velocity","Level 19 :","Steady Superiority","","Level 39 :","Entrench","Awareness","","Armour","[Hive World Origin] Voidsmen Armour / [Death World Origin] Enforcer Light Carapace","","Level 4 :","Firearm Mastery","Muzzle Velocity","Level 19 :","Orchestrated Firestorm","","Level 39 :","Controlled Shot","Awareness","","Armour","[Hive World Origin] Voidsmen Armour / [Death World Origin] Enforcer Light Carapace","","Level 4 :","Firearm Mastery","Muzzle Velocity","Level 19 :","Steady Superiority","","Level 39 :","Entrench","Awareness","","Armour","Artificer Power Armour","","Level 4 :","Firearm Mastery","Muzzle Velocity","Level 19 :","Steady Superiority","","Level 39 :","Dash","Awareness","","Armour","Artificer Power Armour","","Level 4 :","Firearm Mastery","Muzzle Velocity","Level 19 :","Wild Hunt","","Level 39 :","Entrench","Demolition","","Armour","[Death World] Enforcer's Light carapace / [Hive World Origin] Voidsman Armour / Duellist Armour","","Level 4 :","Finest Hour","Lasting Impression","Level 19 :","Take and Hold","","Level 39 :","Take Aim!","Persuasion / Commerce","","Armour","[Death World] Enforcer Light Carapace / [Hiveworld] Voidsman Armour / Breacher's Armour","","Level 4 :","Finest Hour","Lasting Impression","Level 19 :","Take and Hold","","Level 39 :","Take Aim!","Persuasion / Commerce","","Armour","[Death World] Enforcer Light Carapace / [Hiveworld] Voidsman Armour / Adaptive Flak Vest / Breacher's Armour","","","","","","","","","","","","","","","","","","","","","","","","","",""
"","Level 5 :","Ballistic Skill","Rapid Reload","Level 20 :","Ap +1","Ballistic Skill","Level 40 :","Degraded Defence","Distract","","Cloak","Tempestus Carapace Elite Backpack / Tactical Backpack","","Level 5 :","Ballistic Skill","Rapid Reload","Level 20 :","Ap +1","Ballistic Skill","Level 40 :","Degraded Defence","Brink of Death","","Cloak","Tempestus Carapace Elite Backpack / Tactical Backpack","","Level 5 :","Ballistic Skill","Rapid Reload","Level 20 :","Ap +1","Ballistic Skill","Level 40 :","Degraded Defence","Distract","","Cloak","Tactical Backpack","","Level 5 :","Ballistic Skill","Rapid Reload","Level 20 :","Ap +1","Ballistic Skill","Level 40 :","Peak Condition","Distract","","Cloak","Tactical Backpack","","Level 5 :","Ballistic Skill","Rapid Reload","Level 20 :","AP +1 - Ballistic Skill","Dual-Weapon Combat","Level 40 :","Degraded Defence","Gruesome Kill","","Cloak","Tactical Backpack / Tempestus Carapace Elite Backpack","","Level 5 :","Ballistic Skill","Trench Warfare","Level 20 :","Ap +1","Ballistic Skill","Level 40 :","Firebrand *","Personal Zone","","Cloak","Cloaking field emitter / Von Valancius Cloak / Commander Cloak / Shadowguide Cloak","","Level 5 :","Ballistic Skill","Be Smart","Level 20 :","Ap +1","Ballistic Skill","Level 40 :","Firebrand *","Personal Zone","","Cloak","cloaking field emitter / Von Valancius Cloak / Commander Cloak / Shadowguide Cloak","","","","","","","","","","","","","","","","","","","","","","","","","",""
"","Level 6 :","Ballistic Skill","Rapid Fire","Level 21 :","Flash Fire","Ballistic Skill","Level 41 :","Ballistic Skill","Camraderie","","Neck","Fury Incarnate / Slicing Symbol / Ruby Splash Necklace / Dog Tags / Focus Incense","","Level 6 :","Ballistic Skill","Rapid Fire","Level 21 :","Ballistic Skill","Joint Offensive","Level 41 :","Ballistic Skill","Rack and Ruin","","Neck","Onslaught Amulet / Ruby Splash Necklace / Dog Tags / Focus Incense","","Level 6 :","Ballistic Skill","Rapid Fire","Level 21 :","Heavy Gunner","Ballistic Skill","Level 41 :","Ballistic Skill","Enough Bullets for Everyone","","Neck","Onslaught Amulet / Ruby Splash Necklace / Dog Tags / Focus Incense","","Level 6 :","Ballistic Skill","Rapid Fire","Level 21 :","Heavy Gunner","Ballistic Skill","Level 41 :","Ballistic Skill","Enough Bullets for Everyone","","Neck","Onslaught Amulet / Ruby Splash Necklace / Dog Tags / Focus Incense","","Level 6 :","Ballistic Skill","Rapid Fire","Level 21 :","Ballistic Skill","Heightened Concentration","Level 41 :","Ballistic Skill","Enough Bullets for Everyone","","Neck","The VIal of Falstow / Ruby Splash Necklace / Dog Tags / Focus Incense / Wolf Tooth Necklace","","Level 6 :","Decisive Response","Ballistic Skill","Level 21 :","Personal Combat Zone","Ballistic Skill","Level 41 :","Fellowship","Steady!","","Neck","Medal of Alacrity / Chartist Pendant","","Level 6 :","Decisive Response","Ballistic Skill","Level 21 :","Personal Combat Zone","Ballistic Skill","Level 41 :","Intelligence","Steady!","","Neck","Medal of Alacrity / Synaptic Coagulator / Warlord's Amulet","","","","","","","","","","","","","","","","","","","","","","","","","",""
"","Level 7 :","Agility","Trench Warefare","Level 22 :","Reckless Rush","Familiar Kickback","Level 42 :","Kick","Agility","","Accessory 1","Echo of Victory / Demolition Instructions / Litany of Exhaustion","","Level 7 :","Perception","Trench Warfare","Level 22 :","Inspire","","Level 42 :","Ferver","Agility","","Accessory 1","Echo of Victory / Demolition Instructions / Litany of Exhaustion","","Level 7 :","Perception","Never Stop Believing","Level 22 :","Reckless Rush","Breaking Point","Level 42 :","Kick","Perception","","Accessory 1","Echo of Victory / Demolition Instructions / Litany of Exhaustion","","Level 7 :","Perception","Familiar Kickback","Level 22 :","Reckless Rush","Breaking Point","Level 42 :","Kick","Perception","","Accessory 1","Echo of Victory / Demolition Instructions / Litany of Exhaustion","","Level 7 :","Agility","Trench Warfare","Level 22 :","Cull the bold","","Level 42 :","Hot on the trail","Agility","","Accessory 1","Pair Holster / Echo of Victory / Litany of Exhaustion","","Level 7 :","Move Move Move","Field of Fire","Level 22 :","Blitz Stratagem","","Level 42 :","Killzone Stratagem","Ballistic Skill","","Accessory 1","Black signet of the inquisition / Precint's Vox Relay / Saint Cognatius's Scriptures","","Level 7 :","Move Move Move","Overclocking Module","Level 22 :","Blitz Stratagem","","Level 42 :","Killzone Stratagem","Ballistic Skill","","Accessory 1","Black signet of the inquisition / Precint's Vox Relay / Saint Cognatius's Scriptures","","","","","","","","","","","","","","","","","","","","","","","","","",""
"","Level 8 :","Unfaltering Fire","Awareness","Level 23 :","Demolition","All Out","Level 43 :","Ingenious","Combat Addict","","Accessory 2","Bead of Might / Iron Cape / Cruciatum Litany","","Level 8 :","Unfaltering Fire","Awareness","Level 23 :","Unwavering Motivation","Awareness","Level 43 :","Personal Involvement","Know No Heresy","","Accessory 2","Bead of Might / Iron Cape / Cruciatum Litany","","Level 8 :","Unfaltering Fire","Awareness","Level 23 :","Demolition","All Out","Level 43 :","Ingenious","Suppression Fire! / Bolt Exp","","Accessory 2","Bead of Might / Iron Cape / Cruciatum Litany","","Level 8 :","Unfaltering Fire","Awareness","Level 23 :","Demolition","All Out","Level 43 :","Ingenious","Power Armour Proficiency","","Accessory 2","Bead of Might / Iron Cape / Cruciatum Litany","","Level 8 :","Unfaltering Fire","Demolition","Level 23 :","Flay the bold","Demolition","Level 43 :","Trail and Shatter","Combat Addict","","Accessory 2","Bead of Might / Iron Cape / Cruciatum Litany","","Level 8 :","Focus!","Persuasion / Commerce","Level 23 :","Persuasion / Commerce","Blurred Locus","Level 43 :","Inescapable Zone","Unflinching Heroism","","Accessory 2","Commander's Notes / Litany of Exhaustion","","Level 8 :","Focus!","Persuasion / Commerce","Level 23 :","Persuasion / Commerce","Blurred Locus","Level 43 :","Inescapable Zone","Staggering Jolt","","Accessory 2","Commander's Notes / Armour-Piercing Ammo / Litany of Exhaustion","","","","","","","","","","","","","","","","","","","","","","","","","",""
"","Level 9 :","Firearm Mastery II","","Level 24 :","Agility","Unflinching Heroism","Level 44 :","Demolition","Deadly Aim","","Gloves","Compensator Gloves / Gloves of Rapid Desolation / Marksman Bracers","","Level 9 :","Firearm Mastery I","","Level 24 :","Fellowship","Doing My Part","Level 44 :","Demolition","Deadly Aim *","","Gloves","Compensator Gloves / Gloves of Rapid Desolation","","Level 9 :","Firearm Mastery II","","Level 24 :","Perception","Overpower","Level 44 :","Demolition","Eager for Battle","","Gloves","Compensator Gloves / Gloves of Rapid Desolation","","Level 9 :","Firearm Mastery II","","Level 24 :","Perception","Overpower","Level 44 :","Demolition","Eager for Battle","","Gloves","Compensator Gloves / Gloves of Rapid Desolation","","Level 9 :","Firearm Mastery I","","Level 24 :","Agility","Field of Fire","Level 44 :","Awareness","Extermination","","Gloves","Compensator Gloves / Gloves of Rapid Desolation / Marksman Bracers","","Level 9 :","Finest Hour IV","","Level 24 :","Fellowship","Grenadier","Level 44 :","Persuasion / Commerce","Eager Subordinates","","Gloves","Thrice-Pioneer's bracers / Marksman Gloves / Deflection Gloves","","Level 9 :","Finest Hour IV","","Level 24 :","Intelligence","Liturgy of Insulation","Level 44 :","Persuasion / Commerce","Eager Subordinates","","Gloves","Thrice-Pioneer's bracers / Marksman Gloves / Deflection Gloves","","","","","","","","","","","","","","","","","","","","","","","","","",""
"","Level 10 :","Fired Up","Agility","Level 25 :","Adaptability","","Level 45 :","AP +1","","","Boots","Caligae of Saint Keefe / Breaching Boots / Recoil Warboots / Sororitas Boots","","Level 10 :","Fired Up","Perception","Level 25 :","Hidden Advantage","","Level 45 :","AP +1","","","Boots","Caligae of Saint Keefe / Recoil Warboots / Sororitas Boots","","Level 10 :","Fired Up","Agility","Level 25 :","Flash Fire","","Level 45 :","AP +1","","","Boots","Caligae of Saint Keefe / Recoil Warboots / Sororitas Boots","","Level 10 :","Fired Up","Agility","Level 25 :","Flash Fire","","Level 45 :","AP +1","","","Boots","Caligae of Saint Keefe / Recoil Warboots / Sororitas Boots","","Level 10 :","Fired Up","Agility","Level 25 :","Hunting Surge","","Level 45 :","AP +1","","","Boots","Caligae of Saint Keefe / Recoil Warboots / Sororitas Boots / Inertia Boots","","Level 10 :","Lore Imperium","Fellowship","Level 25 :","Fire at Will","","Level 45 :","Ap +1","","","Boots","Adrenaline Warboots / Sharpshooter Boots / Commissar Boots / Boots of Silence","","Level 10 :","Lore Imperium","Intelligence","Level 25 :","Fire at Will","","Level 45 :","Ap +1","","","Boots","Adrenaline Warboots / Sharpshooter Boots / Commissar Boots / Boots of Silence","","","","","","","","","","","","","","","","","","","","","","","","","",""
"","Level 11 :","Concentrated Fire","Awareness","Level 26 :","Demolition","Agility","Level 46 :","Demolition Engineer","Demolition","","Weapon Set 1","Necrontech Hot Shot Lasgun / Assault Lasgun / Hot Shot Lasgun / Implacable Tempest / [Mezoa-Pattern] Lasgun","","Level 11 :","Concentrated Fire","Awareness","Level 26 :","Awareness","Agility","Level 46 :","Enough Bullets for Everyone","Demolition","","Weapon Set 1","Necrontech Hot Shot Lasgun / Assault Lasgun / Hot Shot Lasgun","","Level 11 :","Concentrated Fire","Awareness","Level 26 :","Demolition","Agility","Level 46 :","Demolition Engineer","Demolition","","Weapon Set 1","Advanced Heavy Stubber / Righteous Anger","","Level 11 :","Concentrated Fire","Awareness","Level 26 :","Demolition","Agility","Level 46 :","Demolition Engineer","Demolition","","Weapon Set 1","Rune-Carved Shuriken Cannon","","Level 11 :","Dash","Awareness","Level 26 :","Demolition","Agility","Level 46 :","Alacrity","Demolition","","Weapon Set 1","Quick-Firing Last Pistol / Hot Shot Las Pistol / [Sol Pattern] Last Pistol","","Level 11 :","Steel Resolve","Fellowship","Level 26 :","Fellowship","Persuasion / Commerce","Level 46 :","Personal Oversight","Lore Imperium","","Weapon Set 1","Necrontech Hot Shot Lasgun / Assault Lasgun / Hot Shot Lasgun","","Level 11 :","Steel Resolve","Intelligence","Level 26 :","Intelligence","Persuasion / Commerce","Level 46 :","Personal Oversight","Lore Imperium","","Weapon Set 1","Corpuscarii Oath / Arc Rifle Mindstorm / Alpha's Arc Rifle","","","","","","","","","","","","","","","","","","","","","","","","","",""
"","Level 12 :","Perception","Never Stop Believing","Level 27 :","Steady Superiority IV","","Level 47 :","Point-Blank","Demolition","","","","","Level 12 :","Agility","Field of Fire","Level 27 :","Orchestrated Firestorm II","","Level 47 :","Demolition Engineer","Demolition","","","","","Level 12 :","Strength","Familiar Kickback / Trench Warefare / Bolt Prof","Level 27 :","Steady Superiority IV","","Level 47 :","Point-Blank","Demolition","","","","","Level 12 :","Strength","Never Stop Believing","Level 27 :","Steady Superiority IV","","Level 47 :","Point-Blank","Demolition","","","","","Level 12 :","Perception","Never Stop Believing","Level 27 :","Wild Hunt II","","Level 47 :","Fortress / Camraderie","Demolition","","","[Mars Pattern] Hot Shot Las Pistol / Hot Shot Las Pistol / [Sol Pattern] Last Pistol","","Level 12 :","Air of Authority","Characteristic Training: PER","Level 27 :","Take and Hold IV","","Level 47 :","Be Vigilant!","Lore Imperium","","","","","Level 12 :","Air of Authority","Characteristic Training: PER","Level 27 :","Take and Hold IV","","Level 47 :","Be Vigilant!","Lore Imperium","","","","","","","","","","","","","","","","","","","","","","","","","","","","",""
"","Level 13 :","Swift Slaughter","Field of Fire","Level 28 :","Awareness","Critical Vesatility","Level 48 :","Contempt for the weak","Agility","","Weapon Set 2","Full-Auto Shotgun / [Sol-Pattern] Shotgun","","Level 13 :","Swift Slaughter","Suppression Fire!","Level 28 :","Against All Odds","","Level 48 :","Support the Advance","Agility","","Weapon Set 2","Full-Auto Shotgun / [Sol-Pattern] Shotgun","","Level 13 :","Swift Slaughter","Field of Fire","Level 28 :","Awareness","Adaptability","Level 48 :","Exploit Weakness","Perception","","Weapon Set 2","Double-Barrel Shotgun / Scoped Shotgun","","Level 13 :","Swift Slaughter","Field of Fire","Level 28 :","Awareness","Adaptability","Level 48 :","Exploit Weakness","Perception","","Weapon Set 2","Double-Barrel Shotgun / Scoped Shotgun","","Level 13 :","Swift Slaughter","Hail of Steel","Level 28 :","Inspiring Trophy","","Level 48 :","Savour the Kill","Agility","","Weapon Set 2","Implacable Tempest / Hot Shot Lasgun / Trophy Lasgun / [Retobi-Pattern] Hot Shot Lasgun / Sworn Protector","","Level 13 :","Inspiring speech","Lore Imperium","Level 28 :","Opening Strategy","Perception","Level 48 :","Strongpoint","Ballistic Skill","","Weapon Set 2","Full-Auto Shotgun / [Sol-Pattern] Shotgun","","Level 13 :","Inspiring speech","Lore Imperium","Level 28 :","Opening Strategy","Perception","Level 48 :","Strongpoint","Ballistic Skill","","Weapon Set 2","Scoped Shotgun / [Sol-Pattern] Shotgun","","","","","","","","","","","","","","","","","","","","","","","","","",""
"","Level 14 :","Hail of Steel","Demolition","Level 29 :","Perception","Suppression Fire!","Level 49 :","Perception","Medicae","","","","","Level 14 :","Unflinching Heroism","Demolition","Level 29 :","Demolition","Agility","Level 49 :","Agility","Medicae","","","","","Level 14 :","Heavy Weapon Proficiency","Demolition","Level 29 :","Perception","Hail of Steel","Level 49 :","Agility","Medicae","","","* Can use las pistols and trench warefare","","Level 14 :","Heavy Weapon Proficiency","Demolition","Level 29 :","Perception","Base Skill: Lore Xenos","Level 49 :","Agility","Medicae","","","","","Level 14 :","Familiar Kickback","Awareness","Level 29 :","Awareness","Perception","Level 49 :","Perception","Medicae","","","Necrontech Lasgun / Deadly Repeater / [Sol Pattern] Longlas","","Level 14 :","Perception","Suppression Fire!","Level 29 :","Perception","Lore Imperium","Level 49 :","Intelligence","Medicae","","","","","Level 14 :","Perception","Residual Charge","Level 29 :","Perception","Lore Imperium","Level 49 :","Perception","medicae","","","","","","","","","","","","","","","","","","","","","","","","","","","","",""
"","Level 15 :","Firearm Mastery III","","Level 30 :","Devastating Attack","","Level 50 :","Extermination","Enough Bullets for Everyone","","","","","Level 15 :","Firearm Mastery II","","Level 30 :","Fix Bayonets!","Strongpoint","Level 50 :","Extermination *","Point-Blank","","","","","Level 15 :","Firearm Mastery III","","Level 30 :","Devastating Attack","","Level 50 :","Deadly Aim","Integrity / Alacrity","","","","","Level 15 :","Firearm Mastery III","","Level 30 :","Devastating Attack","","Level 50 :","Deadly Aim","Suppression Fire!","","","","","Level 15 :","Firearm Mastery II","","Level 30 :","Unflinching Heroism","Ensnare the Prey","Level 50 :","Deadly Aim","Second Skin","","","","","Level 15 :","Finest Hour I","","Level 30 :","Overwhelming Stratagem","","Level 50 :","Degraded Defence","Leader's Assault","","","","","Level 15 :","Finest Hour I","","Level 30 :","Overwhelming Stratagem","","Level 50 :","Degraded Defence","Leader's Assault","","","","","","","","","","","","","","","","","","","","","","","","","","","","",""
"","","","","Level 31 :","Breaking Attack","","Level 51 :","Preferred Targets","Medicae","","","","","","","","Level 31 :","Stronghold","","Level 51 :","In the Hero's Footsteps","Medicae","","","","","","","","Level 31 :","Breaking Attack","","Level 51 :","Preferred Targets","Medicae","","","","","","","","Level 31 :","Breaking Attack","","Level 51 :","Preferred Targets","Medicae","","","","","","","","Level 31 :","Expert Finesse","","Level 51 :","Share the Spoils","Medicae","","","","","","","","Level 31 :","Daunting Zone","Ready to Serve","Level 51 :","Adjusting Frontline","Medicae","","","","","","","","Level 31 :","Daunting Zone","Field of Fire","Level 51 :","Adjusting Frontline","medicae","","","","","","","","","","","","","","","","","","","","","","","","","","","","",""
"","","","","Level 32 :","Perception","Awareness","Level 52 :","Fortress","Spare Magazine","","","","","","","","Level 32 :","Perception","Demolition","Level 52 :","Second Skin","Ready to Serve","","","","","","","","Level 32 :","Perception","Awareness","Level 52 :","Tenderise","Unflinching Heroism","","","","","","","","Level 32 :","Perception","Awareness","Level 52 :","Integrity / Alacrity","Unflinching Heroism","","","","","","","","Level 32 :","Perception","Awareness","Level 52 :","Hunter's Ambush","Fix Bayonets!","","","","","","","","Level 32 :","Lore Imperium","Perception","Level 52 :","Watch yourself!","Doing my Part","","","","","","","","Level 32 :","Lore Imperium","Perception","Level 52 :","Watch yourself!","Unflinching Heroism","","","","","","","","","","","","","","","","","","","","","","","","","","","","",""
"","","","","Level 33 :","Dismantle","Perception","Level 53 :","Controlled Shot","Perception","","","","","","","","Level 33 :","Dawn of Victory","","Level 53 :","Assign Objective / Finish the job","Perception","","","","","","","","Level 33 :","Critical Vesatility","Agility","Level 53 :","Controlled Shot","Agility","","","","","","","","Level 33 :","Critical Vesatility","Agility","Level 53 :","Entrench","Agility","","","","","","","","Level 33 :","Pierce the Armour","","Level 53 :","Controlled Shot","Perception","","","","","","","","Level 33 :","Intelligence","Critical Zone","Level 53 :","Stronghold Stratagem","Intelligence","","","","","","","","Level 33 :","Willpower","Critical Zone","Level 53 :","Stronghold Stratagem","Perception","","","","","","","","","","","","","","","","","","","","","","","","","","","","",""
"","","","","Level 34 :","Fellowship","Grenadier","Level 54 :","Vital Points","Accustomed to Glory","","","","","","","","Level 34 :","Perception","Grenadier","Level 54 :","Vital Points","Primary Objective","","","","","","","","Level 34 :","Agility","Grenadier","Level 54 :","Vital Points","Accustomed to Glory","","","","","","","","Level 34 :","Agility","Aeldari Weapon Prof","Level 54 :","Vital Points","Accustomed to Glory","","","","","","","","Level 34 :","Suppression FIre!","","Level 54 :","Vital Points","Integrity / Alacrity","","","","","","","","Level 34 :","Attach Bayonets!","","Level 54 :","Attention!","Overcoming Zone","","","","","","","","Level 34 :","Suppression Fire!","","Level 54 :","Attention!","Overcoming Zone","","","","","","","","","","","","","","","","","","","","","","","","","","","","",""
"","","","","Level 35 :","Steady Superiority II","","Level 55 :","AP +1","","","","","","","","","Level 35 :","Orchestrated Firestorm III","","Level 55 :","AP +1","","","","","","","","","Level 35 :","Steady Superiority II","","Level 55 :","AP +1","","","","","","","","","Level 35 :","Steady Superiority II","","Level 55 :","AP +1","","","","","","","","","Level 35 :","Wild Hunt I","","Level 55 :","AP +1","","","","","","","","","Level 35 :","Take and Hold II","","Level 55 :","Ap +1","","","","","","","","","Level 35 :","Take and Hold II","","Level 55 :","Ap +1","","","","","","","","","","","","","","","","","","","","","","","","","","","","","",""
"","Imperial Navy Breacher (Dual Weild Melee Warrior)","","","","","","","","","","Skill Options","","","Imperial Navy Defender (Melee & Shield)","","","","","","","","","","Skill Options","","","Lord Admiral - The what everyone wanted to play since launch roleplay build (Melee with offhand gun - Heretic in prologue gets a very nice inferno pistol) https://youtu.be/XJ6ND4k3leM ","","","","","","","","","","Skill Options","","","Warp Madness (Double Melee Swashbuckler)","","","","","","","","","","Skill Options","","","Navy Officer Gundancer (Sword with offhand gun (works with all pistols))","","","","","","","","","","Skill Options","","","","","","","","","","","","","","","","","","","","","","","","","","","","","","","","","","","","","","","","","","","","","","","","","","","","",""
"","Death World - Navy Officer - Warrior - Weapon Skill +2 / Strength +2 / Toughness +2","","","","","","","","","","Athletics / Carouse / Awareness","","","Forge World (Subskin Armour) - Navy Officer - Warrior - Weapon Skill +2 / Strength +2 / Toughness +2","","","","","","","","","","Athletics / Carouse / Awareness","","","Forge World (Subskin armour) - Navy Officer - Warrior - Weapon Skill +2 / Strength +2 / Toughness +2","","","","","","","","","","Athletics / Carouse / Awareness","","","Death World - Navy Officer - Bladedancer - Weapon Skill +2 - Agility +2 - Perception +2 ","","","","","","","","","","Demolition / Medicae / Athletics / Awareness","","","Forge World (Locomotion Systems) - Navy Officer - Bladedancer - Weapon Skill +2 / Strength +1 / Agility +2 / Perception +1","","","","","","","","","","Medicae, Awareness, Demolition","","","","","","","","","","","","","","","","","","","","","","","","","","","","","","","","","","","","","","","","","","","","","","","","","","","","",""
"","Warrior","","","Arch-Militant","","","Exemplar","","","","","","","Warrior","","","Vanguard","","","Exemplar","","","","","","","Warrior","","","Arch-Militant","","","Exemplar","","","","","","","Blade Dancer","","","Executioner","","","Exemplar","","","","","","","Blade Dancer","","","Arch-Militant","","","Exemplar","","","","","","","","","","","","","","","","","","","","","","","","","","","","","","","","","","","","","","","","","","","","","","","","","","","","","","","","",""
"","Level 1 :","Charge","","Level 16 :","Versitility","","Level 36 :","Eagar for battle *","Easy Target / Crowd Kill","","","","","Level 1 :","Charge","","Level 16 :","Unyelding Beacon","","Level 36 :","Eagar for battle *","Epicentre of Slaughter","","","","","Level 1 :","Charge","","Level 16 :","Versitility","","Level 36 :","Eagar for battle *","Easy Target","","","","","Level 1 :","Blade Dance","","Level 16 :","Forced Repentance","Scourging Strike + Where it hurts","Level 36 :","Eager for Battle *","Guillotine","","","","","Level 1 :","Blade Dance","","Level 16 :","Versitility","","Level 36 :","Eagar for battle *","Duellist","","","","","","","","","","","","","","","","","","","","","","","","","","","","","","","","","","","","","","","","","","","","","","","","","","","","","","",""
"","Level 2 :","Medicae","","Level 17 :","Wildfire","","Level 37 :","Athletics","Dismantle","","Gear to consider","","","Level 2 :","Medicae","","Level 17 :","Defensive Stance","Duelling Mastery","Level 37 :","Athletics","Punish the Imprudent","","Gear to consider","","","Level 2 :","Medicae","","Level 17 :","Wildfire","","Level 37 :","Athletics","Armsmaster","","Gear to consider","","","Level 2 :","Medicae","","Level 17 :","Pain Resonance","","Level 37 :","Medicae","All-Encompassing Agony","","Gear to consider","","","Level 2 :","Medicae","","Level 17 :","Wildfire","","Level 37 :","Medicae","Ingenious","","Gear to consider","","","","","","","","","","","","","","","","","","","","","","","","","","","","","","","","","","","","","","","","","","","","","","","","","","","","",""
"","Level 3 :","Endure","","Level 18 :","Always Ready","","Level 38 :","Weapon Skill","Get off Me!","","Helm","The Guardian Crown / Tactical Genius / Retinal analyser","","Level 3 :","Endure","","Level 18 :","Counter Attack Stance","","Level 38 :","Weapon Skill","Shield Mastery","","Helm","The Guardian Crown","","Level 3 :","Endure","","Level 18 :","Always Ready","","Level 38 :","Weapon Skill","Power Armour Profeciency","","Helm","The Guardian Crown / Tactical Genius / Retinal analyser","","Level 3 :","Death From Above","","Level 18 :","Anatomy Expert","","Level 38 :","Weapon Skill","Dual-Weapon Combat","","Helm","Carmine Crown / Mechanicus Respirator","","Level 3 :","Death From Above","","Level 18 :","Always Ready","","Level 38 :","Weapon Skill","Steel of the Forge","","Helm","The Guardian Crown / Tactical Genius / Swashbuckler's Goggles","","","","","","","","","","","","","","","","","","","","","","","","","","","","","","","","","","","","","","","","","","","","","","","","","","","",""
"","Level 4 :","Daring Breach","Thick skin","Level 19 :","Steady Superiority","","Level 39 :","Sworn Enemy","Athletics","","Armour","[Fortress World Origin] Tempestus Carapace / [War World Origin] Tempestus Elite Carapace","","Level 4 :","Daring Breach","Defensive Stance","Level 19 :","Unyelding Guard","","Level 39 :","Forceful Strike","Athletics","","Armour","[War World Origin] Tempestus Elite Carapace","","Level 4 :","Daring Breach","Thick skin","Level 19 :","Steady Superiority","","Level 39 :","Sworn Enemy","Athletics","","Armour","[Fortress World Origin] Tempestus Carapace / [War World Origin] Tempestus Elite Carapace","","Level 4 :","Death Waltz","Death Warden","Level 19 :","Carnival of Misery","","Level 39 :","Captive Audience","Medicae","","Armour","High Spinner Armour / Shadow of the undying one / Armour of Hidden Promise","","Level 4 :","Death Waltz","Death Warden","Level 19 :","Steady Superiority","","Level 39 :","Captive Audience","Medicae","","Armour","Sanguine Judgement / Adherent of Mankind","","","","","","","","","","","","","","","","","","","","","","","","","","","","","","","","","","","","","","","","","","","","","","","","","","","",""
"","Level 5 :","Crowd Kill / Hardened Scars","Weapon Skill","Level 20 :","AP +1","Weapon Skill","Level 40 :","Degraded Defence","Exploit Weakness","","Cloak","Malpain Shroud / Swashbuckler cloak","","Level 5 :","Hardened Scars","Weapon Skill","Level 20 :","AP +1","Weapon Skill","Level 40 :","Out of My Way","Unyielding Resolve","","Cloak","Malpain Shroud / Swashbuckler Cloak","","Level 5 :","Crowd Kill / Hardened Scars","Weapon Skill","Level 20 :","AP +1","Weapon Skill","Level 40 :","Degraded Defence","Dismantle","","Cloak","Arch-Militant Cape / Malpain Shroud / Swashbuckler cloak","","Level 5 :","Duelling Mastery","Weapon Skill","Level 20 :","AP +1","Weapon Skill","Level 40 :","Degraded Defence","Sickening Pain","","Cloak","Malpain Shroud / Swashbuckler Cloak / Pack of Reagents","","Level 5 :","Duelling Mastery","Weapon Skill","Level 20 :","AP +1","Weapon Skill","Level 40 :","Degraded Defence","Distract","","Cloak","Malpain Shroud / Arch-Militants Cape","","","","","","","","","","","","","","","","","","","","","","","","","","","","","","","","","","","","","","","","","","","","","","","","","","","",""
"","Level 6 :","Taunting Scream","Athletics","Level 21 :","Dependable","Weapon Skill","Level 41 :","Weapon Skill","Contempt / Easy Target","","Neck","Invigorating Resolve","","Level 6 :","Taunting Scream","Athletics","Level 21 :","Weapon Skill","Enduring Shield","Level 41 :","Weapon Skill","Contempt","","Neck","Solid Shield Enarmes / Dog tags / Fury Incarnate","","Level 6 :","Taunting Scream / Sworn Enemy","Athletics","Level 21 :","Broad Expertise","Weapon Skill","Level 41 :","Weapon Skill","Opening Strike","","Neck","Invigorating Resolve","","Level 6 :","Blood Oath","Medicae","Level 21 :","Weapon Skill","Does it Hurt?","Level 41 :","Weapon Skill","Grand Performance","","Neck","Invigorating Resolve / Anatomist's Amulet","","Level 6 :","Blood Oath","Medicae","Level 21 :","Broad Expertise","Weapon Skill","Level 41 :","Weapon Skill","Grand Performance","","Neck","Invigorating Resolve / Fury Incarnate","","","","","","","","","","","","","","","","","","","","","","","","","","","","","","","","","","","","","","","","","","","","","","","","","","","",""
"","Level 7 :","Weapon Skill","Fleet Combat Training","Level 22 :","Reckless Rush","Melee Weapon Specialist","Level 42 :","Devastating Attack","Toughness","","Accessory 1","Peculiar Trinket / Bead of Might","","Level 7 :","Weapon Skill","Fleet Combat Training","Level 22 :","Follow my lead","Athletics","Level 42 :","Wall of Rockcrete","Toughness","","Accessory 1","Sturdy Shield Straps / Peculiar Trinket","","Level 7 :","Weapon Skill","Fleet Combat Training","Level 22 :","Reckless Rush","Melee Weapon Specialist","Level 42 :","Devastating Attack","Toughness","","Accessory 1","Peculiar Trinket / Bead of Might","","Level 7 :","Weapon Skill","Blood Rush","Level 22 :","Reckless Abandon","","Level 42 :","Terrifying Strike","Agility","","Accessory 1"," Voidborn's pride / Iron Cape / Diagnostor","","Level 7 :","Weapon Skill","Blood Rush","Level 22 :","Reckless Rush","Dual-Weapon Combat","Level 42 :","Kick","Agility","","Accessory 1","Bead of Might / Knuckle Guard / Portative Manipulator / Peculiar Trinket","","","","","","","","","","","","","","","","","","","","","","","","","","","","","","","","","","","","","","","","","","","","","","","","","","","",""
"","Level 8 :","Athletics","Ramming Speed","Level 23 :","Athletics","Allout","Level 43 :","Breaking Attack","Stentorian Voice / Brutal Hunter","","Accessory 2","Empyrean Transceiver / Hellbrute Horn Trophy","","Level 8 :","Athletics","Thick skin","Level 23 :","Beacon of Might","Stentorian Voice","Level 43 :","Wall of Ferrocrete","Get Off Me!","","Accessory 2","Empyrean Transceiver / Bead of might / Hellbrute horn trophy","","Level 8 :","Athletics","Opening Strike / Crowd Kill","Level 23 :","Athletics","Dependable","Level 43 :","Breaking Attack","Stentorian Voice","","Accessory 2","Empyrean Transceiver / Hellbrute Horn Trophy","","Level 8 :","Awareness","Fleet Combat Training","Level 23 :","Sower of Distress","Lore Xenos","Level 43 :","Unbearable Presence","Stentorian Voice","","Accessory 2","Bead of might / Anatomy Tome / Iron Cape / Diagnostor","","Level 8 :","Awareness","Fleet Combat Training","Level 23 :","Medicae","All out","Level 43 :","Dismantle","Power Weapon Expert","","Accessory 2","Iron Cape / Helbrute Horn Trophy / Pair Holster / Bayonet Chainknife","","","","","","","","","","","","","","","","","","","","","","","","","","","","","","","","","","","","","","","","","","","","","","","","","","","",""
"","Level 9 :","Daring Breach II","","Level 24 :","Toughness","Dual-Weapon Combat","Level 44 :","Carouse","Destroyer *","","Gloves","Adaptive Gloves / Relish Anguish / Metal Claw Gloves","","Level 9 :","Daring Breach II","","Level 24 :","Toughness","Instant Retribution","Level 44 :","Carouse","Degraded Defence","","Gloves","Composite Gloves / Augmented Gloves / Adaptive Gloves / Relished Anguish / Metal Claw Gloves","","Level 9 :","Daring Breach II","","Level 24 :","Toughness","Dual-Weapon Combat","Level 44 :","Carouse","Destroyer *","","Gloves","Augmented Gloves / Adaptive Gloves / Relish Anguish / Metal Claw Gloves","","Level 9 :","Death Waltz II","","Level 24 :","Agility","Drukhari Weapon Profeciency","Level 44 :","Awareness","Destroyer *","","Gloves","Augmented Gloves / Adaptive Gloves / Executioner's Gauntlets / Metal Claw Gloves","","Level 9 :","Death Waltz II","","Level 24 :","Agility","Evasive Manoeuvres","Level 44 :","Awareness","Destroyer *","","Gloves","Augmented Gloves / Metal Claw Gloves / Gloves of Rapid Desolation / Inevitable Demise","","","","","","","","","","","","","","","","","","","","","","","","","","","","","","","","","","","","","","","","","","","","","","","","","","","",""
"","Level 10 :","Impetus","Toughness","Level 25 :","Flashfire","","Level 45 :","AP +1","","","Boots","Pneumo Boots / Void Veteran Boots / Enforcer Light boots","","Level 10 :","Rigorous Training","Strength","Level 25 :","Renitent beacon","","Level 45 :","AP +1","","","Boots","Bruiser Boots / Inertia Boots / Pneumo Boots / Void Veteran Boots / Enforcer light boots","","Level 10 :","Impetus","Strength","Level 25 :","All out","","Level 45 :","AP +1","","","Boots","Pneumo Boots / Void Veteran Boots / Enforcer Light boots","","Level 10 :","Dance Partners","Agility","Level 25 :","Master of Torture","","Level 45 :","AP +1","","","Boots","Inertia Boots / Impulse Boots / Fencing Boots","","Level 10 :","Rising Tempo","Agility","Level 25 :","Flashfire","","Level 45 :","AP +1","","","Boots","Inertia Boots / Void Veteran Boots","","","","","","","","","","","","","","","","","","","","","","","","","","","","","","","","","","","","","","","","","","","","","","","","","","","",""
"","Level 11 :","Reckless Strike","Duelling Mastery","Level 26 :","Athletics","Toughness","Level 46 :","Desolation","Carouse","","Weapon Set 1","Coffinmaker sledge/ Blade of Sorrow / Heavy Maul / Auto-striking power sword / Bonebreaker Maul / Tearing Vengence","","Level 11 :","Reckless Strike","Heavy Armour Proficiency","Level 26 :","Athletics","Toughness","Level 46 :","Crowd Kill","Carouse","","Weapon Set 1","Heavy Maul / [SOL Pattern] Power Maul / Coffinmaker's Sledge","","Level 11 :","Reckless Strike","Heavy Armour Proficiency ","Level 26 :","Athletics","Toughness","Level 46 :","Ramming Speed","Carouse","","Weapon Set 1","Coffinmaker Sledge  / Auto-striking power sword / Bonebreaker Maul / Tearing Vengence / Carnage / Blade Of Sorrow","","Level 11 :","Acrobatic Artistry","Facing the End","Level 26 :","Agility","Medicae","Level 46 :","Escape Artist","Awareness","","Weapon Set 1","Virulent Slicer / Symphony of Pain / Imminent Torment","","Level 11 :","Acrobatic Artistry","Spinning Blades","Level 26 :","Medicae","Agility","Level 46 :","It Takes Two","Awareness","","Weapon Set 1","Auto-Striking Power Sword  / Blade of Sorrow / Triumph of Faith / [Sol Pattern] Elite Power Sword / Duelling Sword / Watcher from Above","","","","","","","","","","","","","","","","","","","","","","","","","","","","","","","","","","","","","","","","","","","","","","","","","","","",""
"","Level 12 :","Toughness","Carouse","Level 27 :","Steady Superiority IV","","Level 47 :","Open Engagement","Medicae","","","Tearing vengence / Carnage","","Level 12 :","Toughness","Carouse","Level 27 :","Unyelding Guard II","","Level 47 :","Open Engagement","Medicae","","","Shields","","Level 12 :","Toughness","Carouse","Level 27 :","Steady Superiority IV","","Level 47 :","Desolation","Medicae","","","Bone-Shatterer / Quick-Fire Las Pistol / [Sol Pattern] Las Pistol","","Level 12 :","Agility","Awareness","Level 27 :","Carnival of Misery III","","Level 47 :","Duellist","Awareness","","","Symphony of Pain / Imminent Torment","","Level 12 :","Agility","Awareness","Level 27 :","Steady Superiority IV","","Level 47 :","Race Against Death","Demolition","","","Quick-Firing Laspistol / [Sol Pattern] Laspistol / Anti-Vehicle Revolver / Bone-Shatterer","","","","","","","","","","","","","","","","","","","","","","","","","","","","","","","","","","","","","","","","","","","","","","","","","","","",""
"","Level 13 :","Reckless Fury","Carouse","Level 28 :","Carouse","Adaptability","Level 48 :","Contempt for the Weak","Toughness","","Weapon Set 2","Well-Maintained Heavy Rock saw","","Level 13 :","Impetus","Carouse","Level 28 :","Resilient beacon","","Level 48 :","Offensive Follow","Toughness","","Weapon Set 2","Rocksaws","","Level 13 :","Reckless Fury","Carouse","Level 28 :","Carouse","Flashfire","Level 48 :","Exploit Weakness","Toughness","","Weapon Set 2","Well-Maintained Rocksaw / Bonecracker","","Level 13 :","Wounded Beast","Demolition","Level 28 :","Perfect Anatomy / Invigorating Screams","","Level 48 :","Deep Laceration","Agility","","Weapon Set 2","Well-Maintained Heavy Rock saw","","Level 13 :","Get off Me!","Demolition","Level 28 :","Awareness","Adaptability","Level 48 :","Exploit Weakness","Agility","","Weapon Set 2","Well-Maintained Rock Saw /Restless Absolution / Righteous Justice / Bonecracker / Piety's Charge","","","","","","","","","","","","","","","","","","","","","","","","","","","","","","","","","","","","","","","","","","","","","","","","","","","",""
"","Level 14 :","Strength","Heavy Armour Proficiency","Level 29 :","Perception","Dual Weapon Specialist","Level 49 :","Perception","Medicae","","","","","Level 14 :","Toughness","Steel of the Forge","Level 29 :","Carouse","Perception","Level 49 :","Perception","Medicae","","","","","Level 14 :","Toughness","Steel of the Forge","Level 29 :","Perception","Get off Me!","Level 49 :","Perception","Medicae","","","","","Level 14 :","Perception","Sweeping Motions / Balancing on the Edge","Level 29 :","Perception","Medicae","Level 49 :","Perception","Awareness","","","","","Level 14 :","Strength","Sweeping Motions","Level 29 :","Strength","Stentorian Voice","Level 49 :","Toughness","Demolition","","","","","","","","","","","","","","","","","","","","","","","","","","","","","","","","","","","","","","","","","","","","","","","","","","","","","","",""
"","Level 15 :","Daring Breach IV","","Level 30 :","Kick","","Level 50 :","Peak Condition","Trusty Weapons","","","","","Level 15 :","Daring Breach IV","","Level 30 :","Forced distraction","","Level 50 :","Destroyer *","Ramming Speed","","","","","Level 15 :","Daring Breach IV","","Level 30 :","Kick","","Level 50 :","Peak Condition","Open Engagement","","","","","Level 15 :","Death Waltz III","","Level 30 :","Exsanguination","Finesse","Level 50 :","Peak Condition","Rising Tempo","","","","","Level 15 :","Death Waltz III","","Level 30 :","Devastating Attack","","Level 50 :","Peak Condition","Blade in His Hand","","","","","","","","","","","","","","","","","","","","","","","","","","","","","","","","","","","","","","","","","","","","","","","","","","","","","","",""
"","","","","Level 31 :","Martial Art","","Level 51 :","Focal Point","Medicae","","","","","","","","Level 31 :","Taunting Opportunity","","Level 51 :","Defensive Comrade","Medicae","","","","","","","","Level 31 :","Adaptability","","Level 51 :","Contempt for the Weak","Medicae","","","","","","","","Level 31 :","Fragile Playthings","","Level 51 :","Acute Pain","Demolition","","","","","","","","Level 31 :","Breaking Attack","","Level 51 :","Contempt for the Weak","Demolition","","","","","","","","","","","","","","","","","","","","","","","","","","","","","","","","","","","","","","","","","","","","","","","","","","","","","","",""
"","","","","Level 32 :","Perception","Carouse","Level 52 :","Preferred Targets","Power Weapon Expert","","","","","","","","Level 32 :","Perception","Carouse","Level 52 :","Easy Target","Defensive Manoeuvre / Power Armour Proficiency","","","","","","","","Level 32 :","Perception","Carouse","Level 52 :","Preferred Targets","Power Weapon Expert","","","","","","","","Level 32 :","Perception","Demolition","Level 52 :","Race Against Death","Power Armour Proficiency","","","","","","","","Level 32 :","Perception","Awareness","Level 52 :","Preferred Targets","Nimble","","","","","","","","","","","","","","","","","","","","","","","","","","","","","","","","","","","","","","","","","","","","","","","","","","","","","","",""
"","","","","Level 33 :","Critical Versatility","Perception","Level 53 :","Forceful Strike","Strength","","","","","","","","Level 33 :","Taunting Defence","","Level 53 :","Provocation","Perception","","","","","","","","Level 33 :","Critical Versatility","Perception","Level 53 :","Forceful Strike","Strength","","","","","","","","Level 33 :","Racking Weakness","","Level 53 :","Veil of Blades","Perception","","","","","","","","Level 33 :","Critical Versatility","Perception","Level 53 :","Veil of Blades","Toughness","","","","","","","","","","","","","","","","","","","","","","","","","","","","","","","","","","","","","","","","","","","","","","","","","","","","","","",""
"","","","","Level 34 :","Perception","Power Armour Proficiency","Level 54 :","Extermination","Accustomed to Glory","","","","","","","","Level 34 :","Dual-Weapon Combat","","Level 54 :","Peak Condition","Desolation","","","","","","","","Level 34 :","Perception","Dual Weapon Specialist","Level 54 :","Extermination","Accustomed to Glory","","","","","","","","Level 34 :","Perception","Get off Me!","Level 54 :","Extermination","Anticipation","","","","","","","","Level 34 :","Perception","Power Armour Proficiency","Level 54 :","Extermination","Accustomed to Glory","","","","","","","","","","","","","","","","","","","","","","","","","","","","","","","","","","","","","","","","","","","","","","","","","","","","","","",""
"","","","","Level 35 :","Steady Superiority II","","Level 55 :","AP +1","","","","","","","","","Level 35 :","Unyelding Guard III","","Level 55 :","AP +1","","","","","","","","","Level 35 :","Steady Superiority II","","Level 55 :","AP +1","","","","","","","","","Level 35 :","Carnival of Misery IV","","Level 55 :","AP +1","","","","","","","","","Level 35 :","Steady Superiority II","","Level 55 :","AP +1","","","","","","","","","","","","","","","","","","","","","","","","","","","","","","","","","","","","","","","","","","","","","","","","","","","","","","","",""
"","","","","","","","","","","","","","","","","","","","","","","","","","","","","","","","","","","","","","","","","","","","","","","","","","","","","","","","","","","","","","","","","","","Death Sermon","","","","","","","","","","Skill Options","","","Purged by Holy Plasma","","","","","","","","","","Skill Options","","","Argenta at Home","","","","","","","","","","Skill Options","","","High Lord of Terra","","","","","","","","","","Skill Options",""
"","Self Flagellation","","","","","","","","","","Skill Options","","","Sister of Battle - The Nun with a Gun","","","","","","","","","","Skill Options","","","The Rite of Pious Annihilation","","","","","","","","","","Skill Options","","","Jack of Blades","","","","","","","","","","Skill Options","","","Marching of the War Hymn","","","","","","","","","","Skill Options","","","Death World - Ministorum Priest - Warrior - Weapon Skill +2 / Strength +1 / Toughness +1 / Agility +2","","","","","","","","","","Athletics / Carouse / Medicae / Demolitions","","","Fortress World - Ministorum Priest - Soldier - Ballistic Skill +2 / Agility +2 / Perception +1 / Willpower +1","","","","","","","","","","Awareness / Demolition","","","Fortress World - Ministorum Priest - Soldier - Ballistic Skill +2 / Agility +2 / Perception +1 / Willpower +1","","","","","","","","","","Awareness / Demolition","","","Death World - Ministorum Priest - Warrior - Weapon Skill +2 / Strength +1 / Agility +1 / Perception +2","","","","","","","","","","Medicae / Athletics / Demolitions / Carouse",""
"","Death World - Ministorum Priest - Bladedancer - Weapon Skill +2 - Agility +2 - Perception +2 (If you use an Aeldari chain or drukhari power weapon you can use flensing faith on the build)","","","","","","","","","","Demolition / Medicae / Athletics / Awareness","","","Fortress World - Ministorum Priest - Soldier - Ballistic Skill +2 / Agility +2 / Perception +1 / Willpower +1","","","","","","","","","","Awareness / Demolition","","","Fortress World - Ministorum Priest - Warrior - WS +2 / Strength +2 / Agility +2","","","","","","","","","","Coercion / Demolition / Awareness / Lore Imperium (Chartist Pendant)","","","Forge World (Locomotion Systems) - Ministorum Priest - Bladedancer - Weapon Skill +2 - Agility +2 - Perception +2","","","","","","","","","","Demolition / Medicae / Athletics / Awareness","","","Forge World (Subskin Armour) / Death World - Ministorum Priest - Warrior - WS +2 / Strength +2 / Toughness +2 ","","","","","","","","","","Athletics / Carouse / Awareness","","","Warrior","","","Arch-Militant","","","Exemplar","","","","","","","Soldier","","","Arch-Militant","","","Exemplar","","","","","","","Soldier","","","Arch-Militant","","","Exemplar","","","","","","","Warrior","","","Executioner","","","Exemplar","","","","",""
"","Blade Dancer","","","Executioner","","","Exemplar","","","","","","","Soldier","","","Arch-Militant","","","Exemplar","","","","","","","Warrior","","","Arch-Militant","","","Exemplar","","","","","","","Blade Dancer","","","Executioner","","","Exemplar","","","","","","","Warrior","","","Arch-Militant","","","Exemplar","","","","","","","Level 1 :","Charge","","Level 16 :","Versitility","","Level 36 :","Eagar For Battle *","Crowd Kill","","","","","Level 1 :","Run and Gun","","Level 16 :","Versatility","","Level 36 :","Eagar for Battle","Fired Up","","","","","Level 1 :","Run and Gun","","Level 16 :","Versatility","","Level 36 :","Eagar for Battle / Peak Condition","Point-Blank","","","","","Level 1 :","Charge","","Level 16 :","Forced Repentance","Scourging Strike + Where it hurts","Level 36 :","Degraded Defence","Blade Flurry","","",""
"","Level 1 :","Blade Dance","","Level 16 :","Forced Repentance","Scourging Strike + Where it hurts","Level 36 :","Eager for Battle *","Guillotine","","","","","Level 1 :","Run and Gun","","Level 16 :","Versatility","","Level 36 :","Eagar for Battle / Degraded Defence","Point-Blank","","","","","Level 1 :","Charge","","Level 16 :","Versitility","","Level 36 :","Eager for battle *","Desolation / Easy Target","","","","","Level 1 :","Blade Dance","","Level 16 :","Forced Repentance","Scourging Strike + Where it hurts","Level 36 :","Eager for Battle *","Guillotine","","","","","Level 1 :","Charge","","Level 16 :","Versitility","","Level 36 :","Eagar for battle *","Easy Target","","","","","Level 2 :","Coercion","","Level 17 :","Reckless Rush","","Level 37 :","Athletics","Distract","","Gear to consider","","","Level 2 :","Medicae","","Level 17 :","Wild Fire","","Level 37 :","Awareness","Exploit Weakness","","Gear to consider","","","Level 2 :","Medicae","","Level 17 :","Wild Fire","","Level 37 :","Awareness","Dismantle","","Gear to consider","","","Level 2 :","Medicae","","Level 17 :","Pain Resonance","","Level 37 :","Medicae","All-Encompassing Agony","","Gear to consider",""
"","Level 2 :","Medicae","","Level 17 :","Pain Resonance","","Level 37 :","Medicae","All-Encompassing Agony","","Gear to consider","","","Level 2 :","Medicae","","Level 17 :","Wild Fire","","Level 37 :","Awareness","Exploit Weakness","","Gear to consider","","","Level 2 :","Medicae","","Level 17 :","Wildfire","","Level 37 :","Athletics","Critical Versatility","","Gear to consider","","","Level 2 :","Medicae","","Level 17 :","Pain Resonance","","Level 37 :","Medicae","All-Encompassing Agony","","Gear to consider","","","Level 2 :","Medicae","","Level 17 :","Wildfire","","Level 37 :","Athletics","Dismantle","","Gear to consider","","","Level 3 :","Endure","","Level 18 :","Always Ready","","Level 38 :","Weapon Skill","Brutal Hunter","","Helm","","","Level 3 :","Revel in Slaughter","","Level 18 :","Always Ready","","Level 38 :","Ballistic Skill","Litany of Purification","","Helm","Lingering Whisper / Tactical Genius / Pinpointing Visor / Face of the Sovereign","","Level 3 :","Revel in Slaughter","","Level 18 :","Always Ready","","Level 38 :","Ballistic Skill","Litany of Purification / Power Armour Proficiency","","Helm","Gunslinger's Helm","","Level 3 :","Endure","","Level 18 :","Anatomy Expert","","Level 38 :","Weapon Skill","Power Armour Proficiency","","Helm","Carmine Crown / Mechanicus Respirator"
"","Level 3 :","Death From Above","","Level 18 :","Anatomy Expert","","Level 38 :","Weapon Skill","Dual-Weapon Combat","","Helm","Carmine Crown / Mechanicus Respirator","","Level 3 :","Revel in Slaughter","","Level 18 :","Always Ready","","Level 38 :","Ballistic Skill","Flame Weapon Expert / Bolt Exp","","Helm","Gunslinger's Helm","","Level 3 :","Endure","","Level 18 :","Always Ready","","Level 38 :","Weapon Skill","Power Armour Proficiency","","Helm","Guardian Crown","","Level 3 :","Death From Above","","Level 18 :","Anatomy Expert","","Level 38 :","Weapon Skill","Dual-Weapon Combat","","Helm","Carmine Crown / Mechanicus Respirator","","Level 3 :","Endure","","Level 18 :","Always Ready","","Level 38 :","Weapon Skill","Power Armour Proficiency","","Helm","The Guardian Crown / Tactical Genius / Retinal analyser","","Level 4 :","Daring Breach","Rigorous Training","Level 19 :","Steady Superiority","","Level 39 :","Sworn Enemy","Athletics","","Armour","Adherent of Mankind / Invincible Onsalught Armour / Sanguine Judgement / Armour of Hidden Promise","","Level 4 :","Firearm Mastery","Point-Blank","Level 19 :","Steady Superiority","","Level 39 :","Entrench","Awareness","","Armour","[Death World Origin] Enforcer's Light Carapace / [Hive world Origin] Voidsmen Armour","","Level 4 :","Firearm Mastery","Muzzle Velocity","Level 19 :","Steady Superiority","","Level 39 :","Entrench","Demolition","","Armour","Artificer Power Armour","","Level 4 :","Daring Breach","Rigorous Training","Level 19 :","Carnival of Misery","","Level 39 :","Sworn Enemy","Medicae","","Armour","Adherent of Mankind / [Death World Origin] Enforcer's Light carapace"
"","Level 4 :","Death Waltz","Death Warden","Level 19 :","Carnival of Misery","","Level 39 :","Captive Audience","Medicae","","Armour","High Spinner Armour / Shadow of the undying one / Armour of Hidden Promise","","Level 4 :","Firearm Mastery","Muzzle Velocity","Level 19 :","Steady Superiority","","Level 39 :","Entrench","Demolition","","Armour","[Hive world Origin] Voidsmen Armour","","Level 4 :","Daring Breach","Thick Skin","Level 19 :","Steady Superiority","","Level 39 :","Sworn Enemy","Athletics","","Armour","Sanguine Judgement","","Level 4 :","Death Waltz","Death Warden","Level 19 :","Carnival of Misery","","Level 39 :","Captive Audience","Medicae","","Armour","High Spinner Armour / Shadow of the undying one / Armour of Hidden Promise","","Level 4 :","Daring Breach","Thick skin","Level 19 :","Steady Superiority","","Level 39 :","Reckless Strike","Athletics","","Armour","[War World Origin] Tempestus Carapace / Sanguine Judgement / Adherent of Mankind","","Level 5 :","Thick Skin","Weapon Skill","Level 20 :","AP +1","Weapon Skill","Level 40 :","Degraded Defence","Preferred Targets","","Cloak","Malpain Shroud / Swashbuckler Cloak / Cloak of Bloodthirst / Lady Theodora's Mantle","","Level 5 :","Ballistic Skill","Demolition Engineer","Level 20 :","Ap +1","Ballistic Skill","Level 40 :","Degraded Defence","Contempt for the weak","","Cloak","Cloak of Hatred / Cape of Reckoning / Von Valancius Cloak","","Level 5 :","Ballistic Skill","Rapid Reload","Level 20 :","Ap +1","Ballistic Skill","Level 40 :","Degraded Defence","Exploit Weakness","","Cloak","Tactical Backpack","","Level 5 :","Desolation","Weapon Skill","Level 20 :","AP +1","Weapon Skill","Level 40 :","Destroyer","Deep Laceration","","Cloak","Malpain Shroud / Swashbuckler Cloak / Pack of Reagents"
"","Level 5 :","Duelling Mastery","Weapon Skill","Level 20 :","AP +1","Weapon Skill","Level 40 :","Degraded Defence","Sickening Pain","","Cloak","Malpain Shroud / Swashbuckler Cloak / Pack of Reagents","","Level 5 :","Ballistic Skill","Rapid Reload","Level 20 :","Ap +1","Ballistic Skill","Level 40 :","Degraded Defence / Peak Condition","Distract","","Cloak","Tactical Backpack / Tempestus Carapace Elite Backpack","","Level 5 :","Hardened Scars","Weapon Skill","Level 20 :","AP +1","Weapon Skill","Level 40 :","Degraded Defence","Distract","","Cloak","Malpain Shroud / Arch-Militant's Cape / Von Valancies Cloak / Tactical Backpack","","Level 5 :","Duelling Mastery","Weapon Skill","Level 20 :","AP +1","Weapon Skill","Level 40 :","Degraded Defence","Sickening Pain","","Cloak","Malpain Shroud / Swashbuckler Cloak / Pack of Reagents / Bladedancer's Mantle","","Level 5 :","Hardened Scars","Weapon Skill","Level 20 :","AP +1","Weapon Skill","Level 40 :","Degraded Defence","Exploit Weakness","","Cloak","Malpain Shroud / Swashbuckler cloak","","Level 6 :","Break Through","Medicae","Level 21 :","Allout","Weapon Skill","Level 41 :","Weapon Skill","Impetus","","Neck","Invigorating Resolve / Slicing Symbol / Fury Incarnate","","Level 6 :","Ballistic Skill","Concentrated Fire","Level 21 :","Flashfire","Ballistic Skill","Level 41 :","Ballistic Skill","Tenderise","","Neck","Fury Incarnate / Ruby Splash Necklace","","Level 6 :","Ballistic Skill","Rapid Fire","Level 21 :","Heavy Gunner","Ballistic Skill","Level 41 :","Ballistic Skill","Demolition Engineer","","Neck","Fury Incarnate / Ruby Splash Necklace","","Level 6 :","Break Through","Medicae","Level 21 :","Weapon Skill","Does it Hurt?","Level 41 :","Weapon Skill","Impetus","","Neck","Invigorating Resolve / The Vial of Falstow / Phoenix Gem / Anatomist's Amulet"
"","Level 6 :","Blood Oath","Medicae","Level 21 :","Weapon Skill","Does it Hurt?","Level 41 :","Weapon Skill","Grand Performance","","Neck","Invigorating Resolve / Anatomist's Amulet / Requiemator","","Level 6 :","Ballistic Skill","Rapid Fire","Level 21 :","Flashfire","Ballistic Skill","Level 41 :","Ballistic Skill","Demolition Engineer","","Neck","Fury Incarnate / Ruby Splash Necklace (drop close quarters training)","","Level 6 :","Forceful Strike","Athletics","Level 21 :","Broad Expertise","Weapon Skill","Level 41 :","Weapon Skill","Crowd Kill","","Neck","Invigorating Resolve / The Vial of Falstow / Blessed Bolter Casing / Dog Tag / Fury Incarnate / Requiemator","","Level 6 :","Blood Oath","Medicae","Level 21 :","Weapon Skill","Does it Hurt?","Level 41 :","Weapon Skill","Grand Performance","","Neck","Invigorating Resolve / Anatomist's Amulet / Requiemator","","Level 6 :","Taunting Scream","Athletics","Level 21 :","Dependable","Weapon Skill","Level 41 :","Weapon Skill","Crowd Kill","","Neck","Invigorating Resolve / Dog Tag / Aquila Pendant / Fury Incarnate","","Level 7 :","Weapon Skill","Litany of Hatred","Level 22 :","Wildfire","Dual-Weapon Combat","Level 42 :","Kick","Agility","","Accessory 1","Bead of Might / Hellbrute Horn Trophy","","Level 7 :","Agility","Litany of Hatred","Level 22 :","Reckless Rush","External Power Block","Level 42 :","Kick","Agility","","Accessory 1","Chains of Domination / Echo of Victory","","Level 7 :","Agility","Litany of Hatred","Level 22 :","Reckless Rush","Breaking Point","Level 42 :","Kick","Agility","","Accessory 1","Chains of Domination / Demolition Instructions / Echo of Victory","","Level 7 :","Weapon Skill","Litany of Hatred","Level 22 :","Reckless Abandon","","Level 42 :","Terrifying Strike","Agility","","Accessory 1","Voidborn's Pride / Iron Cape / Hadd-Pattern Data-Loom"
"","Level 7 :","Weapon Skill","Blood Rush","Level 22 :","Reckless Abandon","","Level 42 :","Terrifying Strike","Agility","","Accessory 1","Chains of Domination / Voidborn's pride","","Level 7 :","Agility","Litany of Hatred","Level 22 :","Reckless Rush","Hail of Steel","Level 42 :","Kick","Agility","","Accessory 1","Chains of Domination / Demolition Instructions / Echo of Victory","","Level 7 :","Weapon Skill","Never Stop Believing","Level 22 :","Reckless Rush","Dual-Weapon Combat","Level 42 :","Devastating Attack","Toughness","","Accessory 1","Knuckle Guard / Portative Manipulator / Bead of Might","","Level 7 :","Weapon Skill","Blood Rush","Level 22 :","Reckless Abandon","","Level 42 :","Terrifying Strike","Agility","","Accessory 1","Chains of Domination / Voidborn's pride","","Level 7 :","Weapon Skill","Litany of Hatred","Level 22 :","Reckless Rush","Melee Weapon Specialist","Level 42 :","Kick","Toughness","","Accessory 1","Bead of Might / Peculiar Trinket","","Level 8 :","Athletics","Shearing Strikes","Level 23 :","Athletics","Flash Fire","Level 43 :","Ingenious","It Will Not Die","","Accessory 2","Knuckle Guard / Chains of Domination","","Level 8 :","Rack and Ruin","Demolition","Level 23 :","Demolition","All out","Level 43 :","Ingenious","Combat Addict","","Accessory 2","Demolition Instructions / Bead of might / Book of war prayers / Echo of Victory","","Level 8 :","Unfaltering Fire","Awareness","Level 23 :","Demolition","All out","Level 43 :","Ingenious","Grenadier","","Accessory 2","Bead of might / Book of war prayers / Saint Cognacius Scriptures","","Level 8 :","Athletics","Shearing Strikes","Level 23 :","Sower of Distress","Medicae","Level 43 :","Unbearable Presence","Trusty Weapons","","Accessory 2","Diagnostor / Bead of Might / Heart of the Nameless"
"","Level 8 :","Demolition","Wounded Beast","Level 23 :","Sower of Distress","Lore Xenos","Level 43 :","Unbearable Presence","Litany of Purification","","Accessory 2","Diagnostor / Bead of might / Anatomy Tome / Iron Cape","","Level 8 :","Unfaltering Fire","Awareness","Level 23 :","Demolition","All out","Level 43 :","Ingenious","Grenadier / Power Armour Proficiency","","Accessory 2","Bead of might / Book of war prayers / Saint Cognacius Scriptures","","Level 8 :","Athletics","Opening Strike","Level 23 :","Athletics","All Out","Level 43 :","Breaking Attack","Spare Magazine","","Accessory 2","Pair Holster / Iron Cape / Bayonet Chain Knife / Hellbrute Trophy","","Level 8 :","Demolition","The Emperor Protects","Level 23 :","Sower of Distress","Medicae","Level 43 :","Unbearable Presence","Power Weapon Expert","","Accessory 2","Bead of might / Diagnostor / Anatomy Tome / Iron Cape","","Level 8 :","Athletics","Impetus","Level 23 :","Athletics","Allout","Level 43 :","Martial Art","Dual-Weapon Specialist","","Accessory 2","Chains of Domination / Empyrean Transceiver / Hellbrute Horn Trophy","","Level 9 :","Daring breach II","","Level 24 :","Agility","Characteristic Training: Perception","Level 44 :","Carouse / Awareness","Destroyer *","","Gloves","Augmented Gloves / Metal claw gloves / Adaptive Gloves / Gloves of Inevitable Demise","","Level 9 :","Firearm Mastery IV","","Level 24 :","Agility","Safety Training","Level 44 :","Demolition","Deadly Aim *","","Gloves","Marksman Bracers / Inevitable Demise / Overcharge Gloves","","Level 9 :","Firearm Mastery II","","Level 24 :","Agility","Overpower","Level 44 :","Demolition","Deadly Aim / Eager for Battle","","Gloves","Compensator Gloves","","Level 9 :","Daring breach II","","Level 24 :","Agility","Base Skill: Medicae","Level 44 :","Athletics","Peak Condition","","Gloves","Augmented Gloves / The Hand of Avolius / Master Surgeon Gloves / Inevietable Demise / Metal Claw Gloves"
"","Level 9 :","Death Waltz II","","Level 24 :","Agility","Drukhari Weapon Profeciency","Level 44 :","Demolition","Destroyer *","","Gloves","Augmented Gloves / Adaptive Gloves / Executioner's Gauntlets / Metal Claw Gloves","","Level 9 :","Firearm Mastery II","","Level 24 :","Agility","Familiar Kickback","Level 44 :","Demolition","Deadly Aim * / Eager for Battle","","Gloves","Compensator Gloves / Marksman Bracers","","Level 9 :","Daring Breach II","","Level 24 :","Agility","Tenets of Retribution","Level 44 :","Carouse","Destroyer *","","Gloves","Augmented Gloves / Inevietable Demise / Master Duellist's Gloves / Adaptive Gloves / Metal Claw Gloves / Gloves of Rapid Desolation","","Level 9 :","Death Waltz II","","Level 24 :","Agility","Flensing Faith","Level 44 :","Demolition","Destroyer *","","Gloves","Augmented Gloves / Adaptive Gloves / Executioner's Gauntlets / Metal Claw Gloves","","Level 9 :","Daring Breach II","","Level 24 :","Toughness","Dual-Weapon Combat","Level 44 :","Carouse","Destroyer *","","Gloves","Augmented Gloves / Adaptive Gloves / Relish Anguish / Metal Claw Gloves","","Level 10 :","Desolation","Agility","Level 25 :","Adaptability","","Level 45 :","AP +1","","","Boots"," Void Veteran Boots / Pneumo Boots / Fencing Boots / Stalking boots / Inertia Boots","","Level 10 :","Enought Bullets for Everyone","Agility","Level 25 :","Adaptability","","Level 45 :","AP +1","","","Boots","Inertia Boots / Sharpshooter's Boots / Caligae of saint keefe / Heavy Breacher Boots / Sororitas Boots","","Level 10 :","Fired Up","Agility","Level 25 :","Flashfire","","Level 45 :","AP +1","","","Boots","Inertia Boots / Caligae of saint keefe / Sororitas Boots","","Level 10 :","Open Engagement","Agility","Level 25 :","Master of Torture","","Level 45 :","AP +1","","","Boots","Void Veteran Boots / Inertia Boots / Blitz Boots / Pneumo Boots"
"","Level 10 :","Facing the End","Agility","Level 25 :","Master of Torture","","Level 45 :","AP +1","","","Boots","Inertia Boots / Impulse Boots / Fencing Boots","","Level 10 :","Fired Up","Agility","Level 25 :","Adaptability","","Level 45 :","AP +1","","","Boots","Caligae of saint keefe / Heavy Breacher Boots / Sororitas Boots","","Level 10 :","Impetus","Agility","Level 25 :","Armsmaster","","Level 45 :","AP +1","","","Boots","Void Veteran Boots / Enforcer Light Boots / Fencing Boots / Pneumo Boots","","Level 10 :","Dance Partners","Agility","Level 25 :","Master of Torture","","Level 45 :","AP +1","","","Boots","Inertia Boots / Impulse Boots / Fencing Boots / Void Veteran Boots","","Level 10 :","Ramming Speed","Toughness","Level 25 :","Flashfire","","Level 45 :","AP +1","","","Boots","Pneumo Boots / Void Veteran Boots / Enforcer Light boots","","Level 11 :","Reckless Strike","Flensing Faith","Level 26 :","Athletics","Agility","Level 46 :","Open Engagement","Carouse / Awareness","","Weapon Set 1","Heavy Maul / Auto-striking power sword / Bonebreaker Maul / Carnage / Coffinmaker Sledge / Tearing Vengence","","Level 11 :","Dash","Demolition","Level 26 :","Demolition","Agility","Level 46 :","Fortress","Demolition","","Weapon Set 1","Ragefire Plasma Gun / The Glow of Dead Stars (use Grimoire of the void)","","Level 11 :","Concentrated Fire","Awareness","Level 26 :","Demolition","Agility","Level 46 :","Rack and Ruin","Demolition","","Weapon Set 1","Improved Heavy Bolter","","Level 11 :","Reckless Strike","Flensing Faith","Level 26 :","Agility","Medicae","Level 46 :","Ramming Speed","Athletics","","Weapon Set 1","Tearing Vengence / Epiphany / Auto-Striking Power Sword"
"","Level 11 :","Acrobatic Artistry","Dance Partners","Level 26 :","Agility","Medicae","Level 46 :","Escape Artist","Demolition","","Weapon Set 1","Virulent Slicer / Symphony of Pain / Imminent Torment","","Level 11 :","Concentrated Fire","Awareness","Level 26 :","Demolition","Agility","Level 46 :","Rack and Ruin","Demolition","","Weapon Set 1","They Shall Weep / Hymn of Vehemence","","Level 11 :","Reckless Strike","Litany of Hatred","Level 26 :","Athletics","Agility","Level 46 :","Open Engagement","Carouse","","Weapon Set 1","Tearing Vengeance","","Level 11 :","Acrobatic Artistry","Escape Artist","Level 26 :","Agility","Medicae","Level 46 :","Escape Artist","Demolition","","Weapon Set 1","Triumph of Faith / Auto-Striking Power Sword / Harbinger of Carnage","","Level 11 :","Forceful Strike","Duelling Mastery","Level 26 :","Athletics","Toughness","Level 46 :","Steel of the Forge / Brutal Hunter","Carouse","","Weapon Set 1","Heavy Maul / Auto-striking power sword / Bonebreaker Maul / Tearing Vengence / coffinmaker sledge","","Level 12 :","Agility","Athletics","Level 27 :","Steady Superiority IV","","Level 47 :","Ramming Speed","Carouse / Awareness","","","Tearing Vengence / Sanguine Thirst / Death Hymn","","Level 12 :","Perception","Never Stop Believing","Level 27 :","Steady Superiority IV","","Level 47 :","Integrity / Alacrity","Awareness","","","","","Level 12 :","Strength","Never Stop Believing","Level 27 :","Steady Superiority IV","","Level 47 :","Enough Bullets for Everyone","Awareness","","","","","Level 12 :","Agility","Athletics","Level 27 :","Carnival of Misery III","","Level 47 :","Crowd Kill","Demolition","","","Coffin Maker Sledge / Tearing Vengence / Bonebreaker Maul / Carnage"
"","Level 12 :","Agility","Demolition","Level 27 :","Carnival of Misery III","","Level 47 :","Duellist","Demolition","","","Symphony of Pain / Imminent Torment","","Level 12 :","Perception","Never Stop Believing","Level 27 :","Steady Superiority IV","","Level 47 :","Enough Bullets for Everyone","Awareness","","","","","Level 12 :","Agility","Carouse","Level 27 :","Steady Superiority IV","","Level 47 :","Ramming Speed","Medicae","","","[Mars-Pattern] Bolt Pistol / [Mezoa-Pattern] Bolt Pistol / Deadly Precision","","Level 12 :","Agility","Demolition","Level 27 :","Carnival of Misery III","","Level 47 :","Duellist","Demolition","","","[Sol Pattern] Elite Power Sword / [Ryza-Pattern] Chainsword","","Level 12 :","Toughness","Carouse","Level 27 :","Steady Superiority IV","","Level 47 :","Desolation","Medicae","","","Death Hymn / Carnage / Tearing vengence","","Level 13 :","Easy Target","Carouse / Awareness","Level 28 :","Carouse / Awareness","Critical Versatility","Level 48 :","Exploit Weakness","Agility","","Weapon Set 2","Well-Maintained Rocksaw / Bonecracker","","Level 13 :","Swift Slaughter","Plasma Proficiency","Level 28 :","Awareness","Critical Versatility","Level 48 :","Preferred Targets","Agility","","Weapon Set 2","[Sol-Pattern] Shotgun / Scoped Shotgun","","Level 13 :","Swift Slaughter","Bolt weapon Proficiency","Level 28 :","Awareness","Adaptability","Level 48 :","Distract","Agility","","Weapon Set 2","[Sol Pattern] Shotgun / Scoped Shotgun","","Level 13 :","Easy Target","Demolition","Level 28 :","Perfect Anatomy","","Level 48 :","Sickening Pain","Agility","","Weapon Set 2","Well-Maintained Rocksaw / Bonecracker / Piety's Charge / Righteous Justice"
"","Level 13 :","Litany of Hatred","Awareness","Level 28 :","Perfect Anatomy / Invigorating Screams","","Level 48 :","Deep Laceration","Agility","","Weapon Set 2","Rocksaws","","Level 13 :","Swift Slaughter","Bolt weapon Proficiency","Level 28 :","Awareness","Critical Versatility","Level 48 :","Contempt for the weak","Agility","","Weapon Set 2","Purging Fury","","Level 13 :","Easy Target / Desolation","Carouse","Level 28 :","Carouse","Flashfire","Level 48 :","Exploit Weakness","Toughness","","Weapon Set 2","Piety's Charge","","Level 13 :","Litany of Hatred","Awareness","Level 28 :","Invigorating Screams / Perfect Anatomy","","Level 48 :","Deep Laceration","Agility","","Weapon Set 2","Well-Maintained Rock Saw / Righteous Justice","","Level 13 :","Open Engagement","Carouse","Level 28 :","Carouse","Adaptability","Level 48 :","Contempt for the Weak","Toughness","","Weapon Set 2","Well-Maintained Heavy Rock saw","","Level 14 :","Strength","Duelling Mastery","Level 29 :","Perception","Litany of Purification","Level 49 :","Toughness","Medicae","","","","","Level 14 :","Plasma Bank","Awareness","Level 29 :","Perception","Familiar Kickback","Level 49 :","Perception","Medicae","","","","","Level 14 :","Heavy Weapon Profciency","Demolition","Level 29 :","Perception","Tenets of Retribution","Level 49 :","Perception","Medicae","","","","","Level 14 :","Strength","Duelling Mastery / Brutal Hunter","Level 29 :","Strength","Athletics","Level 49 :","Strength / Perception","Demolition","","",""
"","Level 14 :","Toughness","Balancing on the Edge","Level 29 :","Willpower","Medicae","Level 49 :","Perception","Awareness","","","","","Level 14 :","Tenets of Retribution","Demolition","Level 29 :","Perception","Flame Weapon Proficiency / Grenadier","Level 49 :","Perception","Medicae","","","","","Level 14 :","Toughness","Bolter Weapon Prof","Level 29 :","Strength","Characteristic Training: PER","Level 49 :","Toughness","Medicae","","","","","Level 14 :","Toughness","Sweeping Motions","Level 29 :","Toughness","Demolition","Level 49 :","Toughness","Awareness","","","","","Level 14 :","Strength","Heavy Armour Proficiency","Level 29 :","Strength","Characteristic Training: PER","Level 49 :","Willpower","Medicae","","","","","Level 15 :","Daring Breach IV","","Level 30 :","Devastating Attack","","Level 50 :","Peak Condition","Cautious Disengage","","","","","Level 15 :","Firearm Mastery III","","Level 30 :","Devastating Attack","","Level 50 :","Extermination *","Camraderie","","","","","Level 15 :","Firearm Mastery III","","Level 30 :","Devastating Attack","","Level 50 :","Extermination","Intregrity","","","","","Level 15 :","Daring Breach IV","","Level 30 :","Exsanguination","Characteristic Training: PER","Level 50 :","Eager for Battle","Cautious Disengage","","",""
"","Level 15 :","Death Waltz III","","Level 30 :","Exsanguination","Characteristic Training: PER / Flensing Faith","Level 50 :","Peak Condition","Rising Tempo","","","","","Level 15 :","Firearm Mastery III","","Level 30 :","Devastating Attack","","Level 50 :","Extermination *","Second Skin / Fortress","","","","","Level 15 :","Daring Breach IV","","Level 30 :","Kick","","Level 50 :","Peak Condition","Contempt","","","","","Level 15 :","Death Waltz III","","Level 30 :","Exsanguination","Characteristic Training: Perception","Level 50 :","Peak Condition","Rising Tempo","","","","","Level 15 :","Daring Breach IV","","Level 30 :","Devastating Attack","","Level 50 :","Peak Condition","Contempt","","","","","","","","Level 31 :","Breaking Attack","","Level 51 :","Contempt for the Weak","Medicae","","","","","","","","Level 31 :","Breaking Attack","","Level 51 :","Accustomed to Glory","Medicae","","","","","","","","Level 31 :","Breaking Attack","","Level 51 :","Contempt for the weak","Medicae","","","","","","","","Level 31 :","Fragile Playthings","","Level 51 :","Acute Pain","Demolition","","",""
"","","","","Level 31 :","Fragile Playthings","","Level 51 :","Acute Pain","Awareness","","","","","","","","Level 31 :","Breaking Attack","","Level 51 :","Preferred Targets","Medicae","","","","","","","","Level 31 :","Ingenious","","Level 51 :","Contempt for the Weak","Medicae","","","","","","","","Level 31 :","Fragile Playthings","","Level 51 :","Acute Pain","Awareness","","","","","","","","Level 31 :","Breaking Attack","","Level 51 :","Distract","Medicae","","","","","","","","Level 32 :","Perception","Carouse / Awareness","Level 52 :","Accustomed to Glory","The Emperor Protects","","","","","","","","Level 32 :","Perception","Awareness","Level 52 :","Focal Point","Plasma Weapon Expert / Spare Magazine","","","","","","","","Level 32 :","Perception","Awareness","Level 52 :","Preferred Targets","Combat Addict","","","","","","","","Level 32 :","Perception","Athletics","Level 52 :","Battle of Attrition ","Litany of Purification","","",""
"","","","","Level 32 :","Perception / Toughness","Demolition","Level 52 :","Race Against Death","Brutal Hunter / Flensing Faith","","","","","","","","Level 32 :","Perception","Awareness","Level 52 :","Accustomed to Glory","Bolt Weapon Expert / Combat Addict","","","","","","","","Level 32 :","Perception","Carouse","Level 52 :","Preferred Targets","Combat Addict","","","","","","","","Level 32 :","Perception","Demolition","Level 52 :","Race Against Death","It Will Not Die","","","","","","","","Level 32 :","Perception","Carouse","Level 52 :","Preferred Targets","Litany of Purification","","","","","","","","Level 33 :","Dismantle","Perception","Level 53 :","Forceful Strike","Toughness","","","","","","","","Level 33 :","Dismantle","Perception","Level 53 :","Controlled Shot","Perception","","","","","","","","Level 33 :","Critical Versatility","Strength","Level 53 :","Controlled Shot","Perception","","","","","","","","Level 33 :","Racking Weakness","","Level 53 :","Forceful Strike","Strength / Perception","","",""
"","","","","Level 33 :","Racking Weakness","","Level 53 :","Veil of Blades","Perception","","","","","","","","Level 33 :","Dismantle","Perception","Level 53 :","Controlled Shot","Perception","","","","","","","","Level 33 :","Adaptability","Perception","Level 53 :","Taunting Scream","Toughness","","","","","","","","Level 33 :","Racking Weakness","","Level 53 :","Veil of Blades","Toughness","","","","","","","","Level 33 :","Critical Versatility","Perception","Level 53 :","Sworn Enemy","Willpower","","","","","","","","Level 34 :","Perception","Power Armour Proficiency","Level 54 :","Extermination ","Focal Point","","","","","","","","Level 34 :","Willpower","Enhanced Splash Area","Level 54 :","Vital Points / Critical Velocity","Discipline","","","","","","","","Level 34 :","Strength","Power Armour Proficiency","Level 54 :","Vital Points / Cataclysm","Accustomed to Glory","","","","","","","","Level 34 :","Perception","Advanced Skill: Medicae","Level 54 :","Extermination","Internal Bleeding","","",""
"","","","","Level 34 :","Perception / Toughness","Finesse","Level 54 :","Extermination","Anticipation","","","","","","","","Level 34 :","Willpower","Litany of Purification","Level 54 :","Vital Points / Deadly Aim","Intregrity","","","","","","","","Level 34 :","Perception","Flensing Faith","Level 54 :","Extermination","Accustomed to Glory","","","","","","","","Level 34 :","Perception","Litany of Purification","Level 54 :","Extermination","Anticipation","","","","","","","","Level 34 :","Perception","Flensing Faith","Level 54 :","Extermination","Accustomed to Glory","","","","","","","","Level 35 :","Steady Superiority II","","Level 55 :","AP +1","","","","","","","","","Level 35 :","Steady Superiority II","","Level 55 :","AP +1","","","","","","","","","Level 35 :","Steady Superiority II","","Level 55 :","AP +1","","","","","","","","","Level 35 :","Carnival of Misery I","","Level 55 :","AP +1","","","",""
"","","","","Level 35 :","Carnival of Misery IV","","Level 55 :","AP +1","","","","","","","","","Level 35 :","Steady Superiority II","","Level 55 :","AP +1","","","","","","","","","Level 35 :","Steady Superiority II","","Level 55 :","AP +1","","","","","","","","","Level 35 :","Carnival of Misery IV","","Level 55 :","AP +1","","","","","","","","","Level 35 :","Steady Superiority II","","Level 55 :","AP +1","","","","","","","","","","","","","","","","","","","","","","","","","","","","","","","","","","","","","","","","","","","","","","","","","","","","","","","",""
"","Universe. Serves Me.","","","","","","","","","","Skill Options","","","Noble Adventurer ","","","","","","","","","","Skill Options","","","Noble Skill Monkey","","","","","","","","","","Skill Options","","","Noble Falconer","","","","","","","","","","Skill Options","","","","","","","","","","","","","","","","","","","","","","","","","","","","","","","","","","","","","","","","","","","","","","","","","","","","","","","","","","","","","","","","","",""
"","Imperial (Fellowship) - Noble - BS +2 / Agility +2 / Fellowship +2","","","","","","","","","","Commerce / Coercion / Persuastion / Lore Imperium (Chartist Pendant)","","","Hive World - Noble - Warrior - Weapon Skill +2 / Strength +2 / Toughness +1 / Agility +1","","","","","","","","","","Athletics / Carouse / Awareness","","","Voidborn - Noble - Officer - Ballistic Skill + 2 / Intelligence + 2 / Perception + 2","","","","","","","","","","Commerce / Coercion / Persuastion / Lore Imperium (Chartist Pendant)","","","Imperial World (Fel) - Noble - Officer - Ballistic Skill + 2 /  Agility +2 / Fel +2 (Dont worry about this being Unoptimised, it is purely for RP)","","","","","","","","","","Persuasion, Commerce, Coercion, Lore Imperium","","","","","","","","","","","","","","","","","","","","","","","","","","","","","","","","","","","","","","","","","","","","","","","","","","","","","","","","","","","","","","","","","",""
"","Officer","","","Overseer","","","Exemplar","","","","","","","Warrior","","","Arch-Militant","","","Exemplar","","","","","","","Officer","","","Grand Strategist","","","Exemplar","","","","","","","Officer","","","Overseer","","","Exemplar","","","","","","","","","","","","","","","","","","","","","","","","","","","","","","","","","","","","","","","","","","","","","","","","","","","","","","","","","","","","","","","","","","","","","",""
"","Level 1 :","Voice Of Command","","Level 16 :","Servo-Skull Swarm","","Level 36 :","Eager for Battle *","Be Vigilant!","","","","","Level 1 :","Charge","","Level 16 :","Versitility","","Level 36 :","Eagar for battle *","Opening Strike","","","","","Level 1 :","Voice Of Command","","Level 16 :","Combat Tactics","","Level 36 :","Firebrand","Seize the Initiative","","","","","Level 1 :","Voice Of Command","","Level 16 :","Cyber-Eagle Proficiency","","Level 36 :","Firebrand","Be Vigilant!","","","","","","","","","","","","","","","","","","","","","","","","","","","","","","","","","","","","","","","","","","","","","","","","","","","","","","","","","","","","","","","","","","","",""
"","Level 2 :","Persuasion","","Level 17 :","Medicae Signal","","Level 37 :","Persuasion","Brother-In-Arms","","Gear to consider","","","Level 2 :","Medicae","","Level 17 :","Wildfire","","Level 37 :","Athletics","Critical Versatility","","Gear to consider","","","Level 2 :","Persuasion","","Level 17 :","Combat Locus Stratagem","","Level 37 :","Persuasion","Personal Zone","","Gear to consider","","","Level 2 :","Persuasion","","Level 17 :","Blinding Strike","","Level 37 :","Persuasion","Swift Shadow","","Gear to consider","","","","","","","","","","","","","","","","","","","","","","","","","","","","","","","","","","","","","","","","","","","","","","","","","","","","","","","","","","","","","","","","","",""
"","Level 3 :","Bring it Down !","","Level 18 :","Emergency Stimulation","","Level 38 :","Ballistic Skill","Grenadier","","Helm","Commander's monocle / Commissar cap","","Level 3 :","Endure","","Level 18 :","Always Ready","","Level 38 :","Weapon Skill","Power Armour Proficiency","","Helm","The Guardian Crown / Tactical Genius / Lingering Whisper","","Level 3 :","Bring it Down !","","Level 18 :","Improvised Strategy","","Level 38 :","Intelligence","Base Skill: Lore Warp","","Helm","Great Librarian Glasses / Steel Guidance","","Level 3 :","Bring it Down !","","Level 18 :","Promise of Death","","Level 38 :","Ballistic Skill","Nimble / You. Kill It.","","Helm","Commander's Monocle / Helm of Determination / Commissar Cap","","","","","","","","","","","","","","","","","","","","","","","","","","","","","","","","","","","","","","","","","","","","","","","","","","","","","","","","","","","","","","","","",""
"","Level 4 :","Finest Hour","Lasting Impression","Level 19 :","Overcharge","","Level 39 :","Break Their Ranks!","Persuasion","","Armour","[Hive world Origin] Voidsmen Armour / [Death World Origin] Enforcer Light Carapace","","Level 4 :","Daring Breach","Thick skin","Level 19 :","Steady Superiority","","Level 39 :","Sworn Enemy","Athletics","","Armour","Adherent of Mankind / Invincible Onslaught Armour / Sanguine Judgement","","Level 4 :","Finest Hour","Lasting Impression","Level 19 :","Take and Hold","","Level 39 :","Break Their Ranks!","Persuasion","","Armour","Warrior Armour / Breacher Armour","","Level 4 :","Finest Hour","Lasting Impression","Level 19 :","Overcharge","","Level 39 :","Break Their Ranks!","Persuasion","","Armour","[Death World Origin] Enforcer's Light Carapace / [Hive World Origin] Voidsmen Armour","","","","","","","","","","","","","","","","","","","","","","","","","","","","","","","","","","","","","","","","","","","","","","","","","","","","","","","","","","","","","","","","",""
"","Level 5 :","Ballistic Skill","You. Do Something.","Level 20 :","AP +1","Ballistic Skill","Level 40 :","Firebrand *","Enhanced Augmetics","","Cloak","Mercy's gift","","Level 5 :","Hardened Scars","Weapon Skill","Level 20 :","AP +1","Weapon Skill","Level 40 :","Degraded Defence","Dismantle","","Cloak","Arch-Militant Cape / Malpain Shroud / Swashbuckler cloak","","Level 5 :","Ballistic Skill","Be Smart","Level 20 :","Ap +1","Ballistic Skill","Level 40 :","Eager Subordinates","Adjusting Frontline","","Cloak","","","Level 5 :","Ballistic Skill","You. Do Something.","Level 20 :","Ap +1","Ballistic Skill","Level 40 :","Eager Subordinates","Wind Currents","","Cloak","Mercy's Gift / Von Valacius Cloak / Grenadier's Backpack","","","","","","","","","","","","","","","","","","","","","","","","","","","","","","","","","","","","","","","","","","","","","","","","","","","","","","","","","","","","","","","","",""
"","Level 6 :","Decisive Response","Ballistic Skill","Level 21 :","Safe Shelter","Ballistic Skill","Level 41 :","Ballistic Skill","Prepare for an Assault!","","Neck","Medal of Alacrity","","Level 6 :","Forceful Strike","Athletics","Level 21 :","Broad Expertise","Weapon Skill","Level 41 :","Weapon Skill","Open Engagement","","Neck","Invigorating Resolve / Fury Incarnate","","Level 6 :","Decisive Response","Ballistic Skill","Level 21 :","Blurred Locus","Ballistic Skill","Level 41 :","Intelligence","Prepare for an Assault!","","Neck","Synaptic Coagulator","","Level 6 :","Decisive Response","Ballistic Skill","Level 21 :","Enhanced Augmetics","Ballistic Skill","Level 41 :","Ballistic Skill","Prepare for An Assault!","","Neck","Medal of Alacrity / Vox-Beacon / Chartist Pendant","","","","","","","","","","","","","","","","","","","","","","","","","","","","","","","","","","","","","","","","","","","","","","","","","","","","","","","","","","","","","","","","",""
"","Level 7 :","Move, Move, Move!","Ready to Serve","Level 22 :","Priority Signal","Persuasion","Level 42 :","Advanced Tracking","Fellowship","","Accessory 1","Commander's chrono","","Level 7 :","Weapon Skill","Weapon Personalisation","Level 22 :","Reckless Rush","Dual-Weapon Combat","Level 42 :","Devastating Attack","Agility","","Accessory 1","Portative Manipulator / Peculiar Trinket","","Level 7 :","Move, Move, Move!","Base Skill: Tech-Use","Level 22 :","Blitz Stratagem","","Level 42 :","Killzone Stratagem","Toughness","","Accessory 1","<Character>: Item Description / Hadd-Pattern Data-Loom / Black Ring of the Inquisition","","Level 7 :","Move, Move, Move!","Grenadier","Level 22 :","Live Bait","Persuasion","Level 42 :","Strategic Adaptation","Fellowship","","Accessory 1","Iron Cape / Precinct Vox Relay / Portable Motive Force Storage / Saint Cognacius' Scriptures / <Rogue Trader> Item Description","","","","","","","","","","","","","","","","","","","","","","","","","","","","","","","","","","","","","","","","","","","","","","","","","","","","","","","","","","","","","","","","",""
"","Level 8 :","Focus!","Persuasion","Level 23 :","Master's Patronage","","Level 43 :","Dependable Ally","You. Go On.","","Accessory 2","Precint Vox-Relay","","Level 8 :","Athletics","Crowd Kill","Level 23 :","Athletics","All out","Level 43 :","Breaking Attack","Power Weapon Expert","","Accessory 2","Bead of Might / Hellbrute Horn Trophy / Pair Holster","","Level 8 :","Focus!","Persuasion","Level 23 :","Persuasion","Fire at Will","Level 43 :","Inescapable Zone","Advanced Skill: Lore Warp","","Accessory 2","Hadd-Pattern Data-Loom / Heart of the Nameless / Saint Cognatius's Scriptures","","Level 8 :","Focus!","Commerce","Level 23 :","Dependable Ally","","Level 43 :","Bloody Mark","Know No Heresy / You. Are Next.","","Accessory 2","Black Signet Ring of the Inquisition / Emerald Cherub Ring / Overseer's Aquila","","","","","","","","","","","","","","","","","","","","","","","","","","","","","","","","","","","","","","","","","","","","","","","","","","","","","","","","","","","","","","","","",""
"","Level 9 :","Finest Hour IV","","Level 24 :","Fellowship","Stronger Together","Level 44 :","Lore Imperium","Eager Subordinates","","Gloves","Thrice-Pioneer's bracers / Marksman Gloves / Deflection Gloves","","Level 9 :","Daring Breach II","","Level 24 :","Agility","Melee Weapon Specialist","Level 44 :","Carouse","Destroyer *","","Gloves","Augmented Gloves / Adaptive Gloves / Relish Anguish / Metal Claw Gloves / Exoskeletal Gloves","","Level 9 :","Finest Hour IV","","Level 24 :","Intelligence","Advanced Skill: Tech-Use","Level 44 :","Lore Imperium / Coercion","Eager for Battle","","Gloves","Abyss Spinner Gloves / Plasmashaper Gloves","","Level 9 :","Finest Hour IV","","Level 24 :","Fellowship","Las Weapon Expert","Level 44 :","Commerce","Degraded Defence","","Gloves","Deflection Gloves / Grenadier's Gloves / Thrice=Pioneer's Bracers / Abyss Spinner Gloves","","","","","","","","","","","","","","","","","","","","","","","","","","","","","","","","","","","","","","","","","","","","","","","","","","","","","","","","","","","","","","","","",""
"","Level 10 :","Lore Imperium","Fellowship","Level 25 :","Rite of Calibration","","Level 45 :","AP +1","","","Boots","Commissar Boots","","Level 10 :","Impetus","Agility","Level 25 :","Flashfire","","Level 45 :","AP +1","","","Boots","Pneumo Boots / Void Veteran Boots / Enforcer Light boots","","Level 10 :","Lore Imperium / Coercion","Intelligence","Level 25 :","Personal Combat Zone","","Level 45 :","AP +1","","","Boots","Commissar Boots / Adrenaline Warboots","","Level 10 :","Commerce","Fellowship","Level 25 :","Rite of Calibration","","Level 45 :","","","","Boots","Commissar Boots / Sharpshooter Boots / Tactical Boots / Wear-Resistant Boots","","","","","","","","","","","","","","","","","","","","","","","","","","","","","","","","","","","","","","","","","","","","","","","","","","","","","","","","","","","","","","","","",""
"","Level 11 :","Steel Resolve","Fellowship","Level 26 :","Fellowship","Persuasion","Level 46 :","Seize the Initiative","Lore Imperium","","Weapon Set 1","[Sol Pattern] Longlas / Deadly Repeater / The Roar","","Level 11 :","Reckless Strike","You. Kill It.","Level 26 :","Athletics","Agility","Level 46 :","Desolation","Carouse","","Weapon Set 1","Coffinmaker Sledge  / Auto-striking power sword / Bonebreaker Maul / Tearing Vengence / Carnage / Torturer / Tormentor of the Chastened","","Level 11 :","Steel Resolve","Intelligence","Level 26 :","Intelligence","Persuasion","Level 46 :","No Respite","Lore Imperium / Coercion","","Weapon Set 1","Hot Shot Lasgun / Necrontech Hot Shot Lasgun","","Level 11 :","Steel Resolve","Fellowship","Level 26 :","Fellowship","Persuasion","Level 46 :","Personal Oversight","Commerce","","Weapon Set 1","Las Rifle / Sniper","","","","","","","","","","","","","","","","","","","","","","","","","","","","","","","","","","","","","","","","","","","","","","","","","","","","","","","","","","","","","","","","",""
"","Level 12 :","Air of Authority","Characteristic Training: AGI","Level 27 :","Overcharge III","","Level 47 :","Personal Oversight","Medicae","","","","","Level 12 :","Agility","Carouse","Level 27 :","Steady Superiority IV","","Level 47 :","Ramming Speed","Demolition","","","Anti-Vehicle Revolver / Daredevil Pistol / Bone-Shatterer / Quick-Fire Las Pistol / [Sol Pattern] Las Pistol / Negotiator Pistol","","Level 12 :","Air of Authority","Base Skill: Logic","Level 27 :","Take and Hold IV","","Level 47 :","Be Vigilant!","Tech-Use","","","","","Level 12 :","Air of Authority","Characteristic Training: Agility","Level 27 :","Overcharge II","","Level 47 :","Leader's Assault","Lore Imperium","","","","","","","","","","","","","","","","","","","","","","","","","","","","","","","","","","","","","","","","","","","","","","","","","","","","","","","","","","","","","","","","","","","",""
"","Level 13 :","Inspiring Speech","Lore Imperium","Level 28 :","Kinetic Module","You. Protect Me.","Level 48 :","Self-Learning Algorithms","Fellowship","","Weapon Set 2","[Sol-Pattern] Shotgun / Full-Auto Shotgun / The Rack","","Level 13 :","Easy Target","Carouse","Level 28 :","Carouse","Armsmaster","Level 48 :","Exploit Weakness","Agility","","Weapon Set 2","Well-Maintained Rocksaw / Bonecracker / Piety's Charge / Craven's Bane","","Level 13 :","Inspiring Speech","Lore Imperium / Coercion","Level 28 :","Opening Strategy","Perception","Level 48 :","Strategic Offence","Toughness","","Weapon Set 2","Corpuscarii Oath / Arc Rifle Mindstrom / Gorenov's Masterpiece","","Level 13 :","Inspiring Speech","Persuasion","Level 28 :","Sharpened Talons","Base Skill: Persuasion","Level 48 :","Brother-In-Arms","Fellowship","","Weapon Set 2","Shotgun","","","","","","","","","","","","","","","","","","","","","","","","","","","","","","","","","","","","","","","","","","","","","","","","","","","","","","","","","","","","","","","","",""
"","Level 14 :","Agility","You. Kill It.","Level 29 :","Agility","Lore Imperium","Level 49 :","Perception","Medicae","","","The Ruin","","Level 14 :","Toughness","Outnumber","Level 29 :","Strength","Characteristic Training: PER","Level 49 :","Toughness","Demolition","","","","","Level 14 :","Willpower","Base Skill: Xenos","Level 29 :","Perception","Lore Imperium / Coercion","Level 49 :","Toughness","Tech-Use","","","","","Level 14 :","Agility","Ready to Serve","Level 29 :","Agility","Commerce","Level 49 :","Agility / Perception","Lore Imperium","","","","","","","","","","","","","","","","","","","","","","","","","","","","","","","","","","","","","","","","","","","","","","","","","","","","","","","","","","","","","","","","","","","",""
"","Level 15 :","Finest Hour I","","Level 30 :","Provocation Signal","","Level 50 :","Degraded Defence
 / Attention!","Blood of Martyrs","","Pet","Stimulation Protocol","","Level 15 :","Daring Breach IV","","Level 30 :","Kick","","Level 50 :","Peak Condition","Contempt","","","","","Level 15 :","Finest Hour I","","Level 30 :","Overwhelming Stratagem","","Level 50 :","Degraded Defence","Personal Oversight","","","","","Level 15 :","Finest Hour I","","Level 30 :","Strafe","","Level 50 :","Attention!","No Respite","","Pet Protocol","Hurricane Squall / Devotion of the Aquila / Targeted Harassment / ","","","","","","","","","","","","","","","","","","","","","","","","","","","","","","","","","","","","","","","","","","","","","","","","","","","","","","","","","","","","","","","","",""
"","","","","Level 31 :","Symbiosis","Characteristic Training: Per","Level 51 :","Energy Multiplier","Medicae","","","","","","","","Level 31 :","Ingenious","","Level 51 :","Contempt for the Weak","Demolition","","","","","","","","Level 31 :","Daunting Zone","Advanced Skill: Logic","Level 51 :","Sniping Zone","Tech-Use","","","","","","","","Level 31 :","Suppression Factor","Advanced Skill: Persuasion","Level 51 :","Emergency Protocol","Lore Imperium","","","","","","","","","","","","","","","","","","","","","","","","","","","","","","","","","","","","","","","","","","","","","","","","","","","","","","","","","","","","","","","","","","","",""
"","","","","Level 32 :","Perception","Lore Imperium","Level 52 :","Iron DIscipline","Better to Die for the Emperor","","","","","","","","Level 32 :","Perception","Carouse","Level 52 :","Preferred Targets","You. Protect Me.","","","","","","","","Level 32 :","Lore Imperium / Coercion","Perception","Level 52 :","Disputed Zone","Base Skill: Lore Imperium","","","","","","","","Level 32 :","Agility","Commerce","Level 52 :","Seize the Initiative","Characteristic Training: Fel","","","","","","","","","","","","","","","","","","","","","","","","","","","","","","","","","","","","","","","","","","","","","","","","","","","","","","","","","","","","","","","","","","","",""
"","","","","Level 33 :","Unseen Support","","Level 53 :","Take Aim!","Perception","","","","","","","","Level 33 :","Adaptability","Perception","Level 53 :","Taunting Scream","Toughness","","","","","","","","Level 33 :","Perception","Critical Zone","Level 53 :","Take Aim!","Toughness","","","","","","","","Level 33 :","Tenacious Talons","","Level 53 :","Take Aim!","Agility / Perception","","","","","","","","","","","","","","","","","","","","","","","","","","","","","","","","","","","","","","","","","","","","","","","","","","","","","","","","","","","","","","","","","","","",""
"","","","","Level 34 :","You. You Are Next.","","Level 54 :","Flagbearer","Steady!","","","","","","","","Level 34 :","Perception","Dual-Weapon Specialist","Level 54 :","Extermination","Accustomed to Glory","","","","","","","","Level 34 :","Advanced Skill: Xenos","","Level 54 :","Attention!","Steady!","","","","","","","","Level 34 :","Characteristic Training: Per","","Level 54 :","Eager for Battle","Steady!","","","","","","","","","","","","","","","","","","","","","","","","","","","","","","","","","","","","","","","","","","","","","","","","","","","","","","","","","","","","","","","","","","","",""
"","","","","Level 35 :","Overcharge II","","Level 55 :","AP +1","","","","","","","","","Level 35 :","Steady Superiority II","","Level 55 :","AP +1","","","","","","","","","Level 35 :","Take and Hold II","","Level 55 :","AP +1","","","","","","","","","Level 35 :","Overcharge I","","Level 55 :","AP +1","","","","","","","","","","","","","","","","","","","","","","","","","","","","","","","","","","","","","","","","","","","","","","","","","","","","","","","","","","","","","","","","","","","","",""
"","Lightning Hunter","","","","","","","","","","Skill Options","","","Lightning Assassin","","","","","","","","","","Skill Options","","","Scout Sniper - Fortress World - Crimelord - Ballistic Skill +2 - Agility +2 - Perception +2","","","","","","","","","","Skill Options","","","The Kisballica Cold Trader","","","","","","","","","","Skill Options","","","Forgeflayer Overlord","","","","","","","","","","Skill Options","","","Warrant of Ragefire","","","","","","","","","","Skill Options","","","Knife Lord","","","","","","","","","","Skill Options","","","Cloak & Dagger... Or is that a shield?","","","","","","","","","","Skill Options","","","","","","","","","","","","","",""
"","Fortress World - Crimelord - Ballistic Skill +2 - Agility +2 - Intelligence +2","","","","","","","","","","Awareness / Logic / Tech-Use / Lore Impeium / Lore Xenos / Medicae","","","Fortress World - Crime Lord - Operative - Ballistic Skill +2 / Agility +2 / Intelligence +2","","","","","","","","","","Tech-Use / Logic / Awareness / Lore Xenos / Lore Warp / Lore Imperium / Medicae","","","Sniper using Cyber-Eagle, targetted harassment forces eagle to attack when you do, can have good loops with dlc 2 sniper","","","","","","","","","","Demolitions, Awareness, Lore Skills, Medicae","","","Fortress World - Crimelord - Ballistic Skill +2 - Agility +2 - Intelligence +2","","","","","","","","","","Awareness / Logic / Tech-Use / Lore Impeium / Lore Xenos / Medicae","","","Forge World (Locomotion System) - Crime Lord - Bladedancer - Weapon Skill +2 / Toughness +1 / Agility +2 / Perception +1","","","","","","","","","","Demolition / Medicae / Athletics / Awareness","","","Fortress World - Crimelord - Operative - Ballistic Skill +2 / Agility +2 / Intelligence +2","","","","","","","","","","Tech-Use / Logic / Lore Imperium / Lore Xenos / Medicae / Awareness","","","Forge World (Locomotion System Systems) - Crimelord - Warrior - Weapon Skill +2 / Agility +2 / Toughness +1 / Perception +1","","","","","","","","","","demolition / coercion / awareness","","","Forge World (Locomotion System Systems) - Crimelord - Warrior - Weapon Skill +2 / Agility +2 / Toughness +1 / Perception +1","","","","","","","","","","demolition / coercion / awareness","","","","","","","","","","","","","",""
"","Operative","","","Bounty Hunter","","","Exemplar","","","","","","","Operative","","","Assassin","","","Exemplar","","","","","","","Operative","","","Overseer","","","Exemplar","","","","","","","Operative","","","Bounty Hunter","","","Exemplar","","","","","","","Blade Dancer","","","Arch-Militant","","","Exemplar","","","","","","","Operative","","","Bounty Hunter","","","Exemplar","","","","","","","Warrior","","","Assassin","","","Exemplar","","","","","","","Warrior","","","Assassin","","","Exemplar","","","","","","","","","","","","","","","","","",""
"","Level 1 :","Analyse Enemies","","Level 16 :","Hunt Down The Prey","","Level 36 :","Eager for Battle","Fresh Target","","","","","Level 1 :","Analyse Enemies","","Level 16 :","Seek the Opening","","Level 36 :","Malign Influence","Weak Body, Weak Soul","","","","","Level 1 :","Analyse Enemies","","Level 16 :","Cyber-Eagle","","Level 36 :","Eager for Battle","Fresh Target","","","","","Level 1 :","Analyse Enemies","","Level 16 :","Hunt Down The Prey","","Level 36 :","Eager for Battle","Fresh Target","","","","","Level 1 :","Blade Dance","","Level 16 :","Versatility","","Level 36 :","Peak Condition","Blade in His Hand","","","","","Level 1 :","Analyse Enemies","","Level 16 :","Hunt Down The Prey","","Level 36 :","Eager for Battle *","Passive Learning","","","","","Level 1 :","Charge","","Level 16 :","Seek the Opening","","Level 36 :","Degraded Defence","Cautious Disengage","","","","","Level 1 :","Charge","","Level 16 :","Seek the Opening","","Level 36 :","Malign Influence","Cautious Disengage","","","","","","","","","","","","","","","",""
"","Level 2 :","Medicae","","Level 17 :","Claim the Bounty","","Level 37 :","Awareness","Share the Spoils","","Gear to consider","","","Level 2 :","Medicae","","Level 17 :","Death Whisper","","Level 37 :","Tech-Use / Awareness","Lethal Concentration","","Gear to consider","","","Level 2 :","Medicae","","Level 17 :","Bait","","Level 37 :","","Wind Currents","","Gear to consider","","","Level 2 :","Medicae","","Level 17 :","Claim the Bounty","","Level 37 :","Awareness","Share the Spoils","","Gear to consider","","","Level 2 :","Medicae","","Level 17 :","Wild Fire","","Level 37 :","Awareness","Distract","","Gear to consider","","","Level 2 :","Medicae","","Level 17 :","Claim the Bounty","","Level 37 :","Tech-Use / Lore Imperium","Share the Spoils","","Gear to consider","","","Level 2 :","Medicae","","Level 17 :","Killing Edge","","Level 37 :","Awareness","Lethal Concentration","","Gear to consider","","","Level 2 :","Medicae","","Level 17 :","Danse Macarbe","","Level 37 :","Awareness","Lethal Concentration","","Gear to consider","","","","","","","","","","","","","",""
"","Level 3 :","Expose Weakness","","Level 18 :","Hunting Surge","","Level 38 :","Ballistic Skill","Grenadier","","Helm","Self-Calibrating Goggles / Self-Calibrating Helm","","Level 3 :","Expose Weakness","","Level 18 :","Deadly Calculation","","Level 38 :","Ballistic Skill","Overclocking Module / Liturgy of Insulation","","Helm","Vivisector Visor / Gunslinger's Helm / Weakness Detector / Self-Calibrating Goggles / Self-Calibrating Helmet","","Level 3 :","Expose Weakness","","Level 18 :","Disposition Analysis","","Level 38 :","Ballistic Skill","Disorienting Plan","","Helm","Self-Calibrating Helmet / Sniper's Bravado / Lingering Whisper","","Level 3 :","Expose Weakness","","Level 18 :","Hunting Surge / Hunter's Ambush","","Level 38 :","Ballistic Skill","Drukhari Weapon Proficiency","","Helm","Self-Calibrating Goggles / Self-Calibrating Helm","","Level 3 :","Death From Above","","Level 18 :","Always Ready","","Level 38 :","Weapon Skill","Power Armour Proficiency","","Helm","Face of the Sovereign / Mechanicus Respirator / Lingering Whisper / Tactical Genius / Guardian Crown","","Level 3 :","Expose Weakness","","Level 18 :","Hunting Surge","","Level 38 :","Ballistic Skill","Disorienting Plan / Killing Plan","","Helm","Self-Calibrating Goggles / Helm","","Level 3 :","Endure","","Level 18 :","Create an Opening","","Level 38 :","Weapon Skill","The Last Plan","","Helm","Self calibrating goggles / Self calibrating helm / Vivisector Visor","","Level 3 :","Endure","","Level 18 :","Deadly Calculation","","Level 38 :","Weapon Skill","Grenadier","","Helm","self calibrating goggles / self calibrating helm","","","","","","","","","","","","",""
"","Level 4 :","Dismantling","Uncanny Sight","Level 19 :","Wild Hunt","","Level 39 :","Tactical Knowledge","Awareness","","Armour","Commissar Flak Breastplate / [Hive world Origin] Voidsmen Armour","","Level 4 :","Dismantling Attack","Uncanny Sight","Level 19 :","Dispatch","","Level 39 :","Intimidation","Tech-Use / Awareness","","Armour","[Hive World Origin] Voidsmen Armour","","Level 4 :","Dismantling","Uncanny Sight","Level 19 :","Overcharge","","Level 39 :","Precise Attack","","","Armour","[Hive world Origin] Voidsmen Armour / [Death World Origin] Enforcer Light Carapace","","Level 4 :","Dismantling","Uncanny Sight","Level 19 :","Wild Hunt","","Level 39 :","Tactical Knowledge","Awareness","","Armour","Commissar Flak Breastplate / [Hive world Origin] Voidsmen Armour","","Level 4 :","Death Waltz","Death Warden","Level 19 :","Steady Superiority","","Level 39 :","Captive Audience","Medicae","","Armour","Adherent of Mankind / [Death World Origin] Enforcer Light Carapace","","Level 4 :","Dismantling","Uncanny Sight","Level 19 :","Wild Hunt","","Level 39 :","Joint Analysis","Tech-Use / Lore Imperium","","Armour","[Hiveworld] Voidsman Armour / [Death World Origin] Enforcer Light Carapace / ","","Level 4 :","Daring Breach","Thick Skin","Level 19 :","Dispatch","","Level 39 :","Taunting Scream","Awareness","","Armour","Armour of hidden promise / Phantom-Killer Bodyglove","","Level 4 :","Daring Breach","Rigorous Training","Level 19 :","Dispatch","","Level 39 :","Taunting Scream","Awareness","","Armour","Armour of hidden promise","","","","","","","","","","","","",""
"","Level 5 :","Ballistic Skill","Never Stop Believing","Level 20 :","AP +1 - Ballistic Skill","Staggering Jolt","Level 40 :","Degraded Defence","Inspiring Trophy","","Cloak","Shadowguide Cloak / Von Valancius Cloak","","Level 5 :","Ballistic Skill","Never Stop Believing","Level 20 :","AP +1","Ballistic Skill","Level 40 :","Degraded Defence","Perfect Opening","","Cloak","Tempestus Elite Crapace backpack","","Level 5 :","Ballistic Skill","Characteristic Training: Agi","Level 20 :","AP +1","Ballistic Skill","Level 40 :","Degraded Defence","Combat Addict","","Cloak","Cameleoline Cloak / Von Valancius Cloak / Shadowguide Cloak","","Level 5 :","Ballistic Skill","Never Stop Believing","Level 20 :","AP +1 - Ballistic Skill","Killing Plan","Level 40 :","Degraded Defence","Inspiring Trophy","","Cloak","Shadowguide Cloak / Von Valancius Cloak","","Level 5 :","Duelling Mastery","Weapon Skill","Level 20 :","Ap +1","Weapon Skill","Level 40 :","Degraded Defence","Exploit Weakness","","Cloak","Malpain Shroud / Dimensional Traveller Cloak / Lady Theodora's Mantle / Von Valacius Cloak","","Level 5 :","Ballistic Skill","Never Stop Believing","Level 20 :","AP +1 - Ballistic Skill","Safety Training","Level 40 :","Degraded Defence","Inspiring Trophy","","Cloak","Shadowguide Cloak / Cape of Righteous Fury / Zealot Cloak / Von Valancius Cloak (might be a bug not being RT restricted)","","Level 5 :","Rigorous Training","Weapon Skill","Level 20 :","AP +1","Weapon Skill","Level 40 :","Destroyer","Bringer of Doom","","Cloak","Malpain Shroud / Swiftshroud cloak / Swashbuckler Cloak","","Level 5 :","Desolation","Weapon Skill","Level 20 :","AP +1","Weapon Skill","Level 40 :","Eager for Battle","Perfect Opening / Outsmart","","Cloak","swiftshroud cloak","","","","","","","","","","","","",""
"","Level 6 :","Tide of Excellence","Ballistic Skill","Level 21 :","Ballistic Skill","Hunter's Ambush","Level 41 :","Ballistic Skill","Improved Tactics","","Neck","Synaptic Coagulator","","Level 6 :","Tide of Excellence","Ballistic Skill","Level 21 :","Imminent Demise","Ballistic Skill","Level 41 :","Ballistic Skill","Passive Learning","","Neck","Synaptic Coagulator","","Level 6 :","Tide of Excellence","Ballistic Skill","Level 21 :","Rite of Calibration","Ballistic Skill","Level 41 :","Ballistic Skill","Insightful Precision","","Neck","Hypnotising Pendant / Warlord's Amulet / Dog Tag / Aether Amulet","","Level 6 :","Tide of Excellence","Ballistic Skill","Level 21 :","Ballistic Skill","Hunter's Ambush / Hunting Surge","Level 41 :","Ballistic Skill","Improved Tactics","","Neck","Synaptic Coagulator","","Level 6 :","Blood Oath","Medicae","Level 21 :","Flashfire","Weapon Skill","Level 41 :","Weapon Skill","Grand Performance","","Neck","Invigorating Resolve / Gem of Dark Vitality / Dog Tag / Fury Incarnate","","Level 6 :","Tide of Excellence","Ballistic Skill","Level 21 :","Ballistic Skill","Hunter's Ambush","Level 41 :","Ballistic Skill","Fresh Target","","Neck","Synaptic Coagulator / Warlord's Amulet / Hypnotising Pendant","","Level 6 :","Break Through","Awareness","Level 21 :","Deadly Calculation","Weapon Skill","Level 41 :","Weapon Skill","Easy Target","","Neck","Invigorating Resolve / Slicing symbol","","Level 6 :","Break Through","Awareness","Level 21 :","Imminent Demise","Weapon Skill","Level 41 :","Weapon Skill","Easy Target","","Neck","slicing symbol","","","","","","","","","","","","",""
"","Level 7 :","Joint Analysis","Awareness","Level 22 :","Cull the bold","","Level 42 :","Ensnare the Pray","Perception","","Accessory 1","Long Range Lens / Vid-Capture Relay / Armour-Piercing Ammo","","Level 7 :","Perfect Spot","Tech-Use / Awareness","Level 22 :","Tech-Use / Awareness","Killing Edge","Level 42 :","Poised to Strike","Perception","","Accessory 1","Portative Manipulator / Litany of Exhaustion / Pair Holster","","Level 7 :","Joint Analysis","","Level 22 :","Strategic Adaptation","","Level 42 :","Strafe","Perception","","Accessory 1","Long Range Lens / Vid-Capture Relay / Armour-Piercing Ammo / Commander's Chrono","","Level 7 :","Joint Analysis","Awareness","Level 22 :","Cull the bold","","Level 42 :","Ensnare the Pray","Perception","","Accessory 1","Long Range Lens / Vid-Capture Relay / Armour-Piercing Ammo","","Level 7 :","Weapon Skill","Blood Rush","Level 22 :","Reckless Rush","Drukhari Weapon Proficiency","Level 42 :","Kick","Agility","","Accessory 1","Bead of Might / Voidborn's Pride / Peculiar Trinket / Harlequin Trinket","","Level 7 :","Tactical Knowlege","Tech-Use / Lore Imperium","Level 22 :","Cull the bold","","Level 42 :","Piercing Shot","Intelligence","","Accessory 1","Long-Range Aim Lens / Bead of Might / Echo of Victory /  Untuning combi-tool","","Level 7 :","Weapon Skill","Killing Plan","Level 22 :","Awareness","Danse Macarbe","Level 42 :","Elusive Shadow","Agility","","Accessory 1","Notes on Weakness","","Level 7 :","Weapon Skill","Killing Plan","Level 22 :","Awareness","Death Whisper","Level 42 :","Elusive Shadow","Agility","","Accessory 1","notes on weakness","","","","","","","","","","","","",""
"","Level 8 :","Ballistic Calculations","Liturgy of Insulation","Level 23 :","Flay the bold","Awareness","Level 43 :","Pierce the Armour","Killing Plan","","Accessory 2","Bead of Might / Portative Manipulator / Prey Scanner / Target Designator","","Level 8 :","Sniper Expertise","Staggering Jolt","Level 23 :","Lethality Heightens","","Level 43 :","Flawless Lunge","Dual Weapon Combat / Spare Magazine","","Accessory 2","Notes on Weaknesses","","Level 8 :","Sharpshooter","Familiar Kickback","Level 23 :","Sharpened Talons","","Level 43 :","Suppressive Factor","Characteristic Training: Per","","Accessory 2","Bead of Might / Portative Manipulator / Prey Scanner / Target Designator / Portable Motive Force Storage","","Level 8 :","Ballistic Calculations","Familiar Kickback","Level 23 :","Flay the bold","Awareness","Level 43 :","Pierce the Armour","Poetry of Pain","","Accessory 2","Bead of Might / Portative Manipulator / Prey Scanner / Target Designator","","Level 8 :","Awareness","Killing Plan","Level 23 :","Medicae","All out","Level 43 :","Ingenious","Grenadier","","Accessory 2","Knuckle Guard / Hellbrute Horn Trophy / Burning Blood Talisman","","Level 8 :","Improved Tactics","Plasma Weapon Proficiency","Level 23 :","Flay the bold","Tech-Use / Lore Imperium","Level 43 :","Pierce and Ruin","Enhanced Splash Area","","Accessory 2","Commander's Chrono / Prey Scanner / Armour-Piercing Ammo / Vid-Capture Relay / Untuning combi-tool","","Level 8 :","Awareness","Shearing Strikes","Level 23 :","Morbid pirouette","","Level 43 :","Lone Killer","Persistance of the Forge","","Accessory 2","knuckle guard / bead of might / Lady Xue' Ritual Blade / Harlequin Trinket","","Level 8 :","Awareness","Blade Flurry","Level 23 :","Lethality Heightens","","Level 43 :","Bringer of Doom","Characteristic Training: Per","","Accessory 2","knuckle guard","","","","","","","","","","","","",""
"","Level 9 :","Dismantling III","Awareness","Level 24 :","Perception","Spare Magazine","Level 44 :","Lore Xenos","Deathdealer","","Gloves","Marksman Bracers / Inevitable Demise","","Level 9 :","Dismantling Attack III","Tech-Use / Awareness","Level 24 :","Intelligence","Liturgy of Insulation / Overclocking Module","Level 44 :","Logic / Lore Xenos","Masterful Precision / Contagion","","Gloves","Compensator Gloves / Marksman Bracers","","Level 9 :","Dismantling III","","Level 24 :","Perception","Aeldari Weapon Prof","Level 44 :","","Deadly Aim","","Gloves","Marksman Bracers / Inevitable Demise","","Level 9 :","Dismantling III","Awareness","Level 24 :","Perception","Aeldari Weapon Proficiency","Level 44 :","Lore Xenos","Deathdealer","","Gloves","Marksman Bracers / Inevitable Demise","","Level 9 :","Death Waltz II","","Level 24 :","Agility","Finesse","Level 44 :","Medicae","Destroyer *","","Gloves","Augmented Gloves / Adaptive Gloves / Metal Claw Gloves / Inevitable Demise","","Level 9 :","Dismantling II","Tech-Use / Lore Imperium","Level 24 :","Agility","Familiar Kickback","Level 44 :","Logic / Awareness","Deathdealer *","","Gloves","Overcharge Gloves / Plasmashaper Gloves / Marksman Bracers / Inevietable Demise","","Level 9 :","Daring breach II","","Level 24 :","Agility","Drukhari Weapon Proficiency","Level 44 :","Athletics","Malign Influence","","Gloves","Riposte Gloves / Augmented Gloves / Inevitable Demise","","Level 9 :","Daring breach II","","Level 24 :","Agility","Defensive Manoeuvre","Level 44 :","Coercion","Lethal Threat","","Gloves","Riposte Gloves","","","","","","","","","","","","",""
"","Level 10 :","Lore Xenos","Perception","Level 25 :","Heightened Concentration","","Level 45 :","AP +1","","","Boots","Sharpshooter Boots","","Level 10 :","Logic / Lore Xenos","Perception","Level 25 :","Disarray","","Level 45 :","Ap +1","","","Boots","Inertia Boots / Sharpshooter Boots","","Level 10 :","","Agility","Level 25 :","Tenacious Talons","","Level 45 :","AP +1","","","Boots","Sharpshooter Boots","","Level 10 :","Lore Xenos","Perception","Level 25 :","Heightened Concentration","","Level 45 :","AP +1","","","Boots","Sharpshooter Boots","","Level 10 :","Escape Artist","Agility","Level 25 :","Dismantle","","Level 45 :","AP +1","","","Boots","Inertia Boots / Fencing Boots / Void veteran boots","","Level 10 :","Logic / Awareness","Intelligence","Level 25 :","Heightened Concentration","","Level 45 :","AP +1","","","Boots","Sharpshooter Boots / Tracking Boots","","Level 10 :","Desolation","Agility","Level 25 :","Lethality Heightens","","Level 45 :","AP +1","","","Boots","Inertia boots / stalking boots / Void Veteran Boots / Enforcer's Light Boots","","Level 10 :","Impetus","Agility","Level 25 :","Disarray","","Level 45 :","AP +1","","","Boots","Inertia boots","","","","","","","","","","","","",""
"","Level 11 :","Sharpshooter","Lore Xenos","Level 26 :","Awareness","Perception","Level 46 :","Combat Insight","Lore Xenos","","Weapon Set 1","Corpuscarii Oath / Arc Rifle Mindstorm","","Level 11 :","Ballistics Calculation","Logic / Lore Xenos","Level 26 :","Intelligence","Tech-Use / Awareness","Level 46 :","Instant Exposure","Logic / Lore Xenos","","Weapon Set 1","Alpha's Arc Rifle / Corpuscarii Oath / Arc Rifle Mindstorm","","Level 11 :","Ballistic Calculations","","Level 26 :","Perception","","Level 46 :","Comprehensive Analysis
","","","Weapon Set 1","Cruel Fate / Wonderer's Potent / Deadly Repeater","","Level 11 :","Sharpshooter","Lore Xenos","Level 26 :","Awareness","Perception","Level 46 :","Combat Insight","Lore Xenos","","Weapon Set 1","Wonderer's Potent / Gift of Kurnous / Deadshot Splinter Rfile","","Level 11 :","Acrobatic Artistry","Guillotine","Level 26 :","Medicae","Agility","Level 46 :","Rising Tempo","Awareness","","Weapon Set 1","Thorn Klaive / Carnivorous Blade / Bloodthirster / Woebringer","","Level 11 :","Sharpshooter / Ballistics Calculation","Logic / Awareness","Level 26 :","Tech-Use / Lore Imperium","Agility","Level 46 :","Ballistic Calculations","Logic / Awareness","","Weapon Set 1","Ragefire Plasma Gun / Ancient Plasma Rifle / Incandecent Storm / Stella Neutrona / [Mars-Pattern] Plasma Gun","","Level 11 :","Reckless Strike","Contingency Plan","Level 26 :","Agility","Awareness","Level 46 :","Impetus","Athletics","","Weapon Set 1","Interrogator knife / Heart Piercer / Blood Hunter","","Level 11 :","Reckless Strike","Contingency Plan","Level 26 :","Agility","Awareness","Level 46 :","Defensive Manoeuvres","Coercion","","Weapon Set 1","Interrogator knife, Ritual knife","","","","","","","","","","","","",""
"","Level 12 :","Perfect Spot","Overclocking Module","Level 27 :","Wild Hunt II","","Level 47 :","Passive Learning","Medicae","","","","","Level 12 :","Tactical Knowledge","Echopulse","Level 27 :","Dispatch II","","Level 47 :","Combat Insight","Lore Warp / Medicae","","","","","Level 12 :","Perfect Spot","Never Stop Believing","Level 27 :","Overcharge II","","Level 47 :","Combat Insight ","Medicae","","","","","Level 12 :","Perfect Spot","Contingency Plan","Level 27 :","Wild Hunt II","","Level 47 :","Passive Learning","Medicae","","","","","Level 12 :","Agility","Awareness","Level 27 :","Steady Superiority IV","","Level 47 :","Duellist","Demolition","","","","","Level 12 :","Perfect Spot","External Power Block","Level 27 :","Wild Hunt II","","Level 47 :","Combat Insight","Awareness / Lore Xenos","","","","","Level 12 :","Agility","Athletics","Level 27 :","Dispatch II","","Level 47 :","Open Engagement","Medicae","","","Ritual knife / Master-Crafted Hekatarii Blade / Tearing Vengence","","Level 12 :","Agility","Coercion","Level 27 :","Dispatch II","","Level 47 :","Interception","Medicae","","","Shields","","","","","","","","","","","","",""
"","Level 13 :","Sniper Expertise","Intelligence","Level 28 :","Savour the kill","","Level 48 :","Critical Chain","Perception","","Weapon Set 2","Shotguns","","Level 13 :","Improved Tactics","Intelligence","Level 28 :","Spare Magazine / Dual Weapon Combat","Seize the Advantage","Level 48 :","An Eye for the Unscathed","Perception","","Weapon Set 2","Promise of Freedom","","Level 13 :","Sniper Expertise","Agility","Level 28 :","Enhanced Augmetics","Deadly Accuracy","Level 48 :","Brother-In-Arms","Perception","","Weapon Set 2","Scoped Shotgun / Eye of Hecaton / Chorus of Battle / Exitus Longlas / Gloom Rifle","","Level 13 :","Sniper Expertise","Intelligence","Level 28 :","Savour the kill","","Level 48 :","Critical Chain","Perception","","Weapon Set 2","Eye of Hectacon / Chorus of Battle / Quickeye Splinter Rifle","","Level 13 :","Base Skill: Lore Xenos","Lore Xenos","Level 28 :","Awareness","Adaptability","Level 48 :","Preferred Targets","Agility","","Weapon Set 2","Well-Maintained Heavy Rock saw","","Level 13 :","Sniper Expertise","Intelligence","Level 28 :","Savour the kill","","Level 48 :","Pierce the Armour","Intelligence","","Weapon Set 2","Advanced Adeptus Arbites Shotgun / Scoped Shotgun / Final Chord / Double-Barrel Shotgun / Full-Auto Shotgun / [Sol-Pattern] Shotgun","","Level 13 :","Blade Flurry","Athletics","Level 28 :","Finesse","Disarray","Level 48 :","Killing spree","Agility","","Weapon Set 2","Well-Maintained Rock Saw","","Level 13 :","Shearing Strikes","Coercion","Level 28 :","Dual-Weapon Combat","Seize the Advantage","Level 48 :","Killing spree","Agility","","Weapon Set 2","Rock saws","","","","","","","","","","","","",""
"","Level 14 :","Intelligence","Residual Charge","Level 29 :","Lore Xenos","Intelligence","Level 49 :","Intelligence","Medicae","","","","","Level 14 :","Intelligence","Residual Charge","Level 29 :","Perception","Logic / Lore Xenos","Level 49 :","Perception / Intelligence","Lore Warp / Medicae","","","Promise of Retribution","","Level 14 :","Perception","Grenadier","Level 29 :","Intelligence","","Level 49 :","Intelligence","Medicae","","","","","Level 14 :","Intelligence","Spare Magazine","Level 29 :","Lore Xenos","Intelligence","Level 49 :","Intelligence","Medicae","","","","","Level 14 :","Perception","Sweeping Motions","Level 29 :","Perception","Contingency Plan","Level 49 :","Toughness","Demolition","","","","","Level 14 :","Perception","Plasma Bank","Level 29 :","Logic","Perception","Level 49 :","Perception","Awareness / Lore Xenos","","","","","Level 14 :","Perception","Escape Plan","Level 29 :","Perception","Athletics","Level 49 :","Perception","Medicae","","","","","Level 14 :","Perception","Instant Retribution","Level 29 :","Perception","Coercion","Level 49 :","Perception","Medicae","","","","","","","","","","","","","","","",""
"","Level 15 :","Dismantling II","","Level 30 :","Echopulse","Hot on the trail","Level 50 :","Masterful Display / Vital Points","Weak Body, Weak Soul","","","","","Level 15 :","Dismantling II","","Level 30 :","Danse Macabre","","Level 50 :","Extermination","Fresh Target","","","","","Level 15 :","Dismantling II","","Level 30 :","Blinding Strike","","Level 50 :","Extermination","Continuous Analysis","","Pet Protocol","Devotion of the Aquila / Targeted Harassment / Falconry","","Level 15 :","Dismantling II","","Level 30 :","Deadly Accuracy","Hot on the trail","Level 50 :","Deadly Aim","Weak Body, Weak Soul","","","","","Level 15 :","Death Waltz III","","Level 30 :","Devastating Attack","","Level 50 :","Eager for Battle *","It Takes Two","","","","","Level 15 :","Dismantling III","","Level 30 :","Contingency Plan","Hot on the trail","Level 50 :","Deadly Aim / Vital Points","Weak Body, Weak Soul","","","","","Level 15 :","Daring Breach IV","","Level 30 :","Death Whisper","","Level 50 :","Peak Condition","Ramming Speed","","","","","Level 15 :","Daring Breach IV","","Level 30 :","Killing Edge","","Level 50 :","Degraded Defence","Crowd Kill","","","","","","","","","","","","","","","",""
"","","","","Level 31 :","Trail and Shatter","","Level 51 :","Guresome Kill","Medicae","","","","","","","","Level 31 :","Killing Plan","Create an Opening","Level 51 :","Killing Spree","Lore Warp / Medicae","","","","","","","","Level 31 :","Emergency Protocol","Killing Plan","Level 51 :","Bloody Mark","Medicae","","","","","","","","Level 31 :","Trail and Shatter","","Level 51 :","Guresome Kill","Medicae","","","","","","","","Level 31 :","Breaking Attack","","Level 51 :","Contempt for the Weak","Demolition","","","","","","","","Level 31 :","Trail and Shatter","","Level 51 :","Gruesome Kill","Awareness / Lore Xenos","","","","","","","","Level 31 :","Dual Weapon Combat","Seize the Advantage","Level 51 :","An Eye for the Unscathed","Medicae","","","","","","","","Level 31 :","Shield Mastery","Morbid pirouette","Level 51 :","Outsmart / Perfect Opening","Medicae","","","","","","","","","","","","","","","",""
"","","","","Level 32 :","Intelligence","Lore Xenos","Level 52 :","Instant Exposure","Contingency Plan","","","","","","","","Level 32 :","Logic / Lore Xenos","","Level 52 :","Bringer of Doom","Familiar Kickback / Disorienting Plan","","","","","","","","Level 32 :","Intelligence","","Level 52 :","Weak Body, Weak Soul","Characteristic Training: Int","","","","","","","","Level 32 :","Intelligence","Lore Xenos","Level 52 :","Instant Exposure","Characteristic Training: PER","","","","","","","","Level 32 :","Perception","Awareness","Level 52 :","Race Against Death","It Will Not DIe","","","","","","","","Level 32 :","Perception","Logic","Level 52 :","Comprehensive Analysis","Combat Addict","","","","","","","","Level 32 :","Athletics","","Level 52 :","Perfect Opening","Swift Movements","","","","","","","","Level 32 :","Coercion","","Level 52 :","Esquive","Characteristic Training: Agi","","","","","","","","","","","","","","","",""
"","","","","Level 33 :","Expert Finesse","","Level 53 :","Precise Attack","Intelligence","","","","","","","","Level 33 :","Lone Killer","Perception","Level 53 :","Precise Attack","Intelligence","","","","","","","","Level 33 :","Swift Shadow","","Level 53 :","Tactical Knowledge","Intelligence","","","","","","","","Level 33 :","Expert Finesse","","Level 53 :","Precise Attack","Intelligence","","","","","","","","Level 33 :","Critical Versatility","Perception","Level 53 :","Veil of Blades","Toughness","","","","","","","","Level 33 :","Expert Finesse","","Level 53 :","Precise Attack","Perception","","","","","","","","Level 33 :","Imminent Demise","Perception","Level 53 :","Sworn Enemy","Perception","","","","","","","","Level 33 :","Lone Killer","Perception","Level 53 :","Poised to Strike","Perception","","","","","","","","","","","","","","","",""
"","","","","Level 34 :","Familiar Kickback","","Level 54 :","Deadly Aim / Extermination","Insightful Percision","","","","","","","","Level 34 :","Disorienting Plan / Familiar Kickback","","Level 54 :","Deadly Aim / Masterful Precision","Insightful Precision","","","","","","","","Level 34 :","Spare Magazine","","Level 54 :","Eager Subordinates","Improved Tactics","","","","","","","","Level 34 :","Grenadier","","Level 54 :","Vital Points","Insightful Percision","","","","","","","","Level 34 :","Toughness","Escape Plan","Level 54 :","Extermination","Accustomed to Glory","","","","","","","","Level 34 :","Grenadier","","Level 54 :","Extermination","Insightful Percision","","","","","","","","Level 34 :","Nimble","","Level 54 :","Lethal Threat","Outsmart","","","","","","","","Level 34 :","Persistence of the Forge","","Level 54 :","Peak Condition","Flawless Lunge","","","","","","","","","","","","","","","",""
"","","","","Level 35 :","Wild Hunt III","","Level 55 :","AP +1","","","","","","","","","Level 35 :","Dispatch I","","Level 55 :","Ap +1","","","","","","","","","Level 35 :","Overcharge III","","Level 55 :","AP +1","","","","","","","","","Level 35 :","Wild Hunt III","","Level 55 :","AP +1","","","","","","","","","Level 35 :","Steady Superiority II","","Level 55 :","AP +1","","","","","","","","","Level 35 :","Wild Hunt III","","Level 55 :","AP +1","","","","","","","","","Level 35 :","Dispatch III","","Level 55 :","AP +1","","","","","","","","","Level 35 :","Dispatch III","","Level 55 :","AP +1","","","","","","","","","","","","","","","","",""
"","The Paw Patrol (Ryder & Chase)","","","","","","","","","","Skill Options","","","The Mandalorian","","","","","","","","","","Skill Options","","","Judge Dreadd ","","","","","","","","","","Skill Options","","","The Chief (Shield and Shotgun Castigator) - Forge World (Sub Skin Armour) - Abitrator (Castigator) - Officer - BS + 2 / TGH +2 / Fel +2","","","","","","","","","","Skill Options","","","Shield Dancer","","","","","","","","","","Skill Options","","","The Terminator","","","","","","","","","","Skill Options","","","Kennel Master (Heretic Officer Overseer)","","","","","","","","","","Skill Options","","","Proctor Exactant (Exaction Squad Commander - Kill Team)","","","","","","","","","","Skill Options","","","","","","","","","","","","","",""
"","Forge World (Subskin Armour) - Arbitrator (Subductor) - WS +2 / STR +2 / TGH +2 - With the new DLC hits now give the dog and user a Malpain shroud effect","","","","","","","","","","Coercion / athletics / carouse","","","Fortress world - Arbitrator (Vigilant) - Soldier - BS +2 / Agility +2 / Perception +2 - Shotgun Bounty Hunter build","","","","","","","","","","Coercion / demolition / awareness","","","Double Shotgun pet build https://youtu.be/I3Dww9kjYJI - Fortress world - Arbitrator (Vigilant) - Soldier - BS +2 / Agility +2 / Perception +2","","","","","","","","","","Demolitions / Awareness / Coercion","","","Chartist Pendant/Ancient Terra Moncle to turn Lore Imperium to Fel to stack with breacher armour and saint cognacius' scriptures for a super tanky officer. Foehammers until shotgun Mastery","","","","","","","","","","Coercion / Lore Imperium","","","Forge World (Locomotive Systems) - Arbitrator Subductor) - Bladedancer - WS +2 / Agility +2 / Perception +2","","","","","","","","","","Medicae / Demolition / Coercion","","","Fortress world - Arbitrator (Vigilant) - Soldier - BS +2 / Agility +2 / Perception +2 - Heavy Gunner, shotgun build (Artificer power armour for 1 ap burst fire)","","","","","","","","","","Awareness / Demolition / Coercion","","","Fortress World - Arbitrator (Castigator) - Officer - Ballistic Skill +2 / Agility +2 / Fellowship +2","","","","","","","","","","Coercion / athletics / carouse","","","Fortress world - Arbitrator (Vigilant) - Soldier - BS +2 / Agility +2 / Perception +2","","","","","","","","","","Demolition / Coercion / Awareness","","","","","","","","","","","","","",""
"","Warrior","","","Overseer","","","Exemplar","","","","","","","Soldier","","","Bounty Hunter","","","Exemplar","","","","","","","Soldier","","","Overseer","","","Exemplar","","","","","","","Officer","","","Grand Strategist","","","Exemplar","","","","","","","Blade Dancer","","","Overseer","","","Exemplar","","","","","","","Soldier","","","Arch-Militant","","","Exemplar","","","","","","","Officer","","","Overseer","","","Exemplar","","","","","","","Soldier","","","Arch-Militant","","","Exemplar","","","","","","","","","","","","","","","","","",""
"","Level 1 :","Charge","","Level 16 :","Cyber-Mastiff Proficiency","","Level 36 :","Eagar for battle *","Easy Target","","","","","Level 1 :","Run and Gun","","Level 16 :","Hunt Down The Prey","","Level 36 :","Eager for Battle","Rapid Reload","","","","","Level 1 :","Run and Gun","","Level 16 :","Cyber-Mastiff Proficiency","","Level 36 :","Eager for Battle","Camaraderie","","","","","Level 1 :","Voice Of Command","","Level 16 :","Combat Tactics","","Level 36 :","Firebrand","Seize the Initiative","","","","","Level 1 :","Blade Dance","","Level 16 :","Cyber-Mastiff Proficiency","","Level 36 :","Eager for Battle *","Guillotine","","","","","Level 1 :","Run and Gun","","Level 16 :","Versitility","","Level 36 :","Peak Condition","Rapid Reload","","","","","Level 1 :","Voice Of Command","","Level 16 :","Cyber-Mastiff Proficiency","","Level 36 :","Firebrand","No Respite","","","","","Level 1 :","Run and Gun","","Level 16 :","Versitility","","Level 36 :","Eager for Battle","Rapid Reload","","","","","","","","","","","","","","","",""
"","Level 2 :","Medicae","","Level 17 :","Advanced Tracking","","Level 37 :","Coercion","Dependable Ally","","Gear to consider","","","Level 2 :","Demolition","","Level 17 :","Claim the Bounty","","Level 37 :","Demolition","Share the Spoils","","Gear to consider","","","Level 2 :","Demolition","","Level 17 :","Strategic Adaptation","","Level 37 :","Demolition","Brother-In-Arms 
/ Side by Side","","Gear to consider","","","Level 2 :","Coercion","","Level 17 :","Combat Locus Stratagem","","Level 37 :","Coercion","Strongpoint","","Gear to consider","","","Level 2 :","Medicae","","Level 17 :","Advanced Tracking","","Level 37 :","Medicae","Side by Side","","Gear to consider","","","Level 2 :","Demolition","","Level 17 :","Reckless Rush","","Level 37 :","Demolition","Dismantle","","Gear to consider","","","Level 2 :","Coercion","","Level 17 :","Advanced Tracking","","Level 37 :","Coercion","Brother-in-Arms","","Gear to consider","","","Level 2 :","Demolition","","Level 17 :","Reckless Rush","","Level 37 :","Demolition","Dismantle","","Gear to consider","","","","","","","","","","","","","",""
"","Level 3 :","Endure","","Level 18 :","Joint Hunting","","Level 38 :","Weapon Skill","Melee Weapon Specialist","","Helm","Steel guidance / Arbites helmet / Retinal Analyser","","Level 3 :","Revel in Slaughter","","Level 18 :","Cut to the chase","","Level 38 :","Ballistic Skill","Mob Justice","","Helm","Steel guidance / Arbites helmet","","Level 3 :","Revel in Slaughter","","Level 18 :","Rite of Calibration","","Level 38 :","Ballistic Skill","Spare Magazine","","Helm","Steel guidance / Arbites helmet / Commissar Cap","","Level 3 :","Bring it Down !","","Level 18 :","Improvised Strategy","","Level 38 :","Fellowship","Mob Justice","","Helm","Commander's Moncole / Steel Guidance / Helm of Determination","","Level 3 :","Death From Above","","Level 18 :","Rite of Calibration","","Level 38 :","Weapon Skill","Shield Mastery","","Helm","The Guardian Crown / Adeptus Arbites Helmet / Retinal Analyser","","Level 3 :","Revel in Slaughter","","Level 18 :","Allout","","Level 38 :","Ballistic Skill","Power Armour Proficiency","","Helm","Gunslinger Helm / Steel Guidance / Arbites Helm","","Level 3 :","Bring it Down !","","Level 18 :","Special Training","","Level 38 :","Ballistic Skill","Shotgun Mastery","","Helm","Steel Guidance / Helm of Determination / Commissar's Cap","","Level 3 :","Revel in Slaughter","","Level 18 :","Allout","","Level 38 :","Ballistic Skill","Arbites Physicial Training","","Helm","Steel Guidance / Gunslinger's Helm / Commissar Cap / Adeptus Arbites Helmet","","","","","","","","","","","","",""
"","Level 4 :","Daring Breach","Thick skin","Level 19 :","Overcharge","","Level 39 :","Forceful Strike","Coercion","","Armour","[War World Origin] Tempestus Elite Carapace","","Level 4 :","Firearm Mastery","Point-Blank","Level 19 :","Wild Hunt","","Level 39 :","Entrench","Demolition","","Armour","[Hive world Origin] Voidsmen Armour","","Level 4 :","Firearm Mastery","Point-Blank","Level 19 :","Overcharge","","Level 39 :","Entrench","Demolition","","Armour","[Hive world Origin] Voidsmen Armour / Warrior Armour","","Level 4 :","Finest Hour","Lasting Impression","Level 19 :","Take and Hold","","Level 39 :","Move, Move, Move","Coercion","","Armour","Breacher's Armour / Arbitrator Solomon Vhyr's Armour","","Level 4 :","Death Waltz","Death Warden","Level 19 :","Overcharge","","Level 39 :","Acrobatic Artistry","Medicae","","Armour","Armour of Hidden Promise / [Death World Origin] Enforcer Light Crapace / Shadow of the Undying One","","Level 4 :","Firearm Mastery","Point-Blank","Level 19 :","Steady Superiority","","Level 39 :","Entrench","Demolition","","Armour","Artificer Power Armour / Adherent of Mankind","","Level 4 :","Finest Hour","Lasting Impression","Level 19 :","Overcharge","","Level 39 :","Air of Authority / Break their ranks!","Coercion","","Armour","Breacher's Armour / [Hive World Origin] Voidsmen Armour","","Level 4 :","Firearm Mastery","Point-Blank","Level 19 :","Steady Superiority","","Level 39 :","Entrench","Demolition","","Armour","[Hive World Origin] Voidsmen Armour / [Death World Origin] Enforcer's Light Carapace","","","","","","","","","","","","",""
"","Level 5 :","Hardened Scars","Weapon Skill","Level 20 :","Ap +1","Weapon Skill","Level 40 :","Degraded Defence","Suppressive Factor","","Cloak","Malpain Shroud / Swashbuckler Cloak","","Level 5 :","Ballistic Skill","Demolition Engineer","Level 20 :","AP +1 - Ballistic Skill","Dual-Weapon Combat","Level 40 :","Degraded Defence","Pierce the Armour","","Cloak","Cloak of Hatred","","Level 5 :","Ballistic Skill","Demolition Engineer","Level 20 :","Ap +1","Ballistic Skill","Level 40 :","Degraded Defence","Relentless Pursuit","","Cloak","Cloak of Hatred / Sensory-motor Modulator","","Level 5 :","Ballistic Skill","Lawful Intervention","Level 20 :","Ap +1","Fellowship","Level 40 :","Peak Condition","Disputed Zone","","Cloak","Cape of Reckoning / Von Valancius Cloak / Rogue Trader's Cloak","","Level 5 :","Duelling Mastery","Weapon Skill","Level 20 :","Ap +1","Weapon Skill","Level 40 :","Degraded Defence","Battle Mode: Terror","","Cloak","Malpain Shroud / Swashbuckler Cloak","","Level 5 :","Ballistic Skill","Demolition Engineer","Level 20 :","AP +1","Ballistic Skill","Level 40 :","Degraded Defence","Distract","","Cloak","Tactical Backpack","","Level 5 :","Ballistic Skill","Lawful Intervention","Level 20 :","Ap +1","Ballistic Skill","Level 40 :","Adamantium Alloys","Autonomous Medikit","","Cloak","Cloak of Hatred / Rogue Trader's Cloak / Von Valancius Cloak","","Level 5 :","Ballistic Skill","Demolition Engineer","Level 20 :","AP +1","Ballistic Skill","Level 40 :","Degraded Defence","Distract","","Cloak","Tempestus Elite Carapace Backpack / Cloak of Hatred / Tactical Backpack","","","","","","","","","","","","",""
"","Level 6 :","Taunting Scream","Coercion","Level 21 :","Master's Patronage","Weapon Skill","Level 41 :","Weapon Skill","Crowd Kill","","Neck","Solid Shield Enarmes","","Level 6 :","Ballistic Skill","Concentrated Fire","Level 21 :","Ballistic Skill","Hunter's Ambush","Level 41 :","Ballistic Skill","Enough Bullets for Everyone","","Neck","Vial of Falstow","","Level 6 :","Ballistic Skill","Concentrated fire","Level 21 :","Enhanced Augmetics","Ballistic Skill","Level 41 :","Ballistic Skill","Rapid Reload","","Neck","Vial of Falstow / Ironclad Argument","","Level 6 :","Decisive Response","Ballistic Skill","Level 21 :","Shotgun Mastery","Ballistic Skill","Level 41 :","Ballistic Skill","Be Vigilant!","","Neck","Chartist Pendant","","Level 6 :","Veil of Blades","Medicae","Level 21 :","Shared Blood","Weapon Skill","Level 41 :","Weapon Skill","Duellist","","Neck","Invigorating Resolve","","Level 6 :","Ballistic Skill","Concentrated Fire","Level 21 :","Always Ready","Ballistic Skill","Level 41 :","Ballistic Skill","Fired Up","","Neck","Fury Incarnate / Ruby Splash Necklace / Dog Tags / Focus Incense","","Level 6 :","Decisive Response","Ballistic Skill","Level 21 :","Enhanced Augmetics","Ballistic Skill","Level 41 :","Ballistic Skill","Inspiring speech / Prepare for an assault!","","Neck","Chartist Pendant / Medal of Alacrity","","Level 6 :","Ballistic Skill","Concentrated Fire","Level 21 :","Dependable","Ballistic Skill","Level 41 :","Ballistic Skill","Swift Slaughter","","Neck","Fury Incarnate / Ruby Splash Necklace / Dog Tags / Focus Incense","","","","","","","","","","","","",""
"","Level 7 :","Weapon Skill","The Steady Hand of Justice","Level 22 :","Strategic Adaptation","Coercion","Level 42 :","Bite!","Toughness","","Accessory 1","Sturdy Shield Straps","","Level 7 :","Perception","Lawful Intervention","Level 22 :","Cull the bold","","Level 42 :","Piercing Shot","Agility","","Accessory 1","Demolition Instructions","","Level 7 :","Perception","Lawful Intervention","Level 22 :","Advanced Tracking","Demolition","Level 42 :","Bite!","Agility","","Accessory 1","Demolition Instructions / Bayonet Chain Knife","","Level 7 :","Air of Authority","Grenadier","Level 22 :","Blitz Stratagem","","Level 42 :","Overwhelming Stratagem","Ballistic Skill","","Accessory 1","Saint Cognacius' Scriptures","","Level 7 :","Weapon Skill","Anticipation","Level 22 :","Strategic Adaptation","Medicae","Level 42 :","Consolidation","Agility","","Accessory 1","Bead of Might / Voidborn's pride","","Level 7 :","Agility","Lawful Intervention","Level 22 :","Wildfire","Breaking Point","Level 42 :","Kick","Agility","","Accessory 1","Echo of Victory / Demolition Instructions / Litany of Exhaustion","","Level 7 :","Move Move Move","Armour-Piercing","Level 22 :","Strategic Adaptation","Coercion","Level 42 :","Bite!","Fellowship","","Accessory 1","Saint Cognatius's Scriptures / Commander's Chrono","","Level 7 :","Agility","Lawful Intervention","Level 22 :","Wildfire","Shotgun Mastery","Level 42 :","Kick","Agility","","Accessory 1","Demolition Instructions / Litany of Exhaustion / Echo of Victory","","","","","","","","","","","","",""
"","Level 8 :","Coercion","Rigorous Training","Level 23 :","Enhanced Augmetics","","Level 43 :","Public Sentencing","Arbites Physical Training / Power armour proficiency","","Accessory 2","Portable Motive Force Storage","","Level 8 :","Fired Up","Demolition","Level 23 :","Flay the bold","Demolition","Level 43 :","Pierce and Ruin","Shield Mastery","","Accessory 2","Bead of Might","","Level 8 :","Fired up","Demolition","Level 23 :","Armour-Piercing","","Level 43 :","Prepared Prosecution","Grenadier","","Accessory 2","Bead of Might / Portable Motive Force Storage / Seal of the Purifier / Iron Cape","","Level 8 :","Steel Resolve","Coercion","Level 23 :","Coercion","Opening Strategy","Level 43 :","Daunting Zone","Heavy Armour Proficiency","","Accessory 2","Prescint Vox-Relay / Commander's Notes","","Level 8 :","Coercion","Law and Order","Level 23 :","Chain-Maw","","Level 43 :","Relentless Pursuit","Mob Justice","","Accessory 2","Portable Motive Force Storage","","Level 8 :","Rack and Ruin","Demolition","Level 23 :","Demolition","Heavy Gunner","Level 43 :","Martial Art / Ingenious","Public Sentencing","","Accessory 2","Bead of Might / Iron Cape / Cruciatum Litany","","Level 8 :","Focus!","Coercion","Level 23 :","Rite of Calibration","","Level 43 :","Battle Mode: Terror","Grenadier","","Accessory 2","Portable Motive Force Storage","","Level 8 :","Rack and Ruin","Demolition","Level 23 :","Demolition","Always Ready","Level 43 :","Ingenious","Pillar of the Law","","Accessory 2","Bead of Might / Iron Cape / Cruciatum Litany","","","","","","","","","","","","",""
"","Level 9 :","Daring Breach II","","Level 24 :","Toughness","Dual-Weapon Combat","Level 44 :","Carouse","Destroyer *","","Gloves","Augmented Gloves / Adaptive Gloves / Relished Anguish / Metal Claw Gloves","","Level 9 :","Firearm Mastery I","","Level 24 :","Agility","Armour-Piercing","Level 44 :","Coercion","Deadly Aim *","","Gloves","Elastic Gloves / Inevietable Demise / Marksman Bracers","","Level 9 :","Firearm Mastery I","","Level 24 :","Agility","Dual-Weapon Combat","Level 44 :","Coercion","Extermination","","Gloves","Elastic Gloves / Inevietable Demise / Marksman Bracers","","Level 9 :","Finest Hour IV","","Level 24 :","Ballistic Skill","Law and Order","Level 44 :","Lore Imperium","Eager for Battle ","","Gloves","Thrice-Pioneer's Bracers / Elastic Gloves / Relished Anguish","","Level 9 :","Death Waltz II","","Level 24 :","Agility","Armour-Piercing","Level 44 :","Coercion","Destroyer *","","Gloves","Augmented Gloves / Adaptive Gloves / Metal Claw Gloves / Inevitable Demise","","Level 9 :","Firearm Mastery II","","Level 24 :","Agility","Overpower","Level 44 :","Coercion","Eager for Battle","","Gloves","Compensator Gloves / Gloves of Rapid Desolation","","Level 9 :","Finest Hour IV","","Level 24 :","Fellowship","Familiar Kickback","Level 44 :","Lore Imperium","Eager for Battle","","Gloves","Relished Anguish","","Level 9 :","Firearm Mastery III","","Level 24 :","Agility","Law and Order","Level 44 :","Coercion","Extermination","","Gloves","Compensator Gloves / Gloves of Rapid Desolation / Elastic Gloves / Marksman Gloves","","","","","","","","","","","","",""
"","Level 10 :","Impetus","Strength","Level 25 :","Brother-In-Arms","","Level 45 :","AP +1","","","Boots","Enforcer Light Boots / Void veteran boots","","Level 10 :","Rack and Ruin","Perception","Level 25 :","Hunting Surge","","Level 45 :","AP +1","","","Boots","Heavy Breacher Boots / Navy Breacher Boots","","Level 10 :","Enough Bullets for Everyone","Perception","Level 25 :","Chain-Maw","","Level 45 :","AP +1","","","Boots","Navy Breacher Boots / Heavy Breacher Boots","","Level 10 :","Lore Imperium","Toughness","Level 25 :","Blurred Locus","","Level 45 :","Ap +1","","","Boots","Enforcer Light Boots / Commissar Boots","","Level 10 :","Spinning Blades","Agility","Level 25 :","Enhanced Augmetics","","Level 45 :","","","","Boots","Fencing Boots / Inertia Boots","","Level 10 :","Swift Slaughter","Agility","Level 25 :","Flashfire","","Level 45 :","AP +1","","","Boots","Caligae of Saint Keefe / Recoil Warboots / Sororitas Boots / Inertia Boots (Heavy breacher still bugged)","","Level 10 :","Lore Imperium","Fellowship","Level 25 :","Chain-Maw","","Level 45 :","AP +1","","","Boots","Commissar Boots","","Level 10 :","Fired Up","Agility","Level 25 :","Flashfire","","Level 45 :","AP +1","","","Boots","Caligae of Saint Keefe / Recoil Warboots / Sororitas Boots / Inertia Boots (Heavy breacher still bugged)","","","","","","","","","","","","",""
"","Level 11 :","Reckless Strike","Heavy Armour Proficiency","Level 26 :","Toughness","Coercion","Level 46 :","Contempt","Carouse","","Weapon Set 1","Heavy Maul / [SOL Pattern] Power Maul / Coffinmaker's Sledge","","Level 11 :","Dash","Coercion","Level 26 :","Demolition","Agility","Level 46 :","Second Skin","Coercion","","Weapon Set 1","Double-Barreled Shotgun","","Level 11 :","Dash","Coercion","Level 26 :","Agility","Demolition","Level 46 :","Rack and Ruin","Coercion","","Weapon Set 1","Double-Barreled Shotgun","","Level 11 :","Inspiring speech","Fellowship","Level 26 :","Fellowship","Coercion","Level 46 :","Leader's Assault","Lore Imperium","","Weapon Set 1","Advanced Adeptus Arbites Shotgun / Scoped Shotgun","","Level 11 :","Blood Oath","Blood Rush","Level 26 :","Agility","Medicae","Level 46 :","Rising Tempo","Coercion","","Weapon Set 1","Blade of the Blood Hunter / Imminent Torment / Virulent Slicer","","Level 11 :","Rapid Fire","Coercion","Level 26 :","Demolition","Agility","Level 46 :","Muzzle Velocity","Coercion","","Weapon Set 1","Advanced Heavy Stubber / Righteous Anger","","Level 11 :","Be Vigilant!","Fellowship","Level 26 :","Fellowship","Coercion","Level 46 :","Leader's Assault","Lore Imperium","","Weapon Set 1","Double-Barreled Shotgun","","Level 11 :","Rapid Fire","Coercion","Level 26 :","Demolition","Agility","Level 46 :","Muzzle Velocity","Coercion","","Weapon Set 1","Double-Barrel Shotgun / Scoped Shotgun / [Sol Pattern] Shotgun","","","","","","","","","","","","",""
"","Level 12 :","Toughness","Carouse","Level 27 :","Overcharge II","","Level 47 :","Desolation","Medicae","","","Advanced Shield","","Level 12 :","Agility","Never Stop Believing","Level 27 :","Wild Hunt II","","Level 47 :","Integrity / Alacrity","Medicae","","","Gunnery Shield","","Level 12 :","Agility","Never Stop Believing","Level 27 :","Overcharge II","","Level 47 :","Integrity / Alacrity","Medicae","","","Gunnery Shield","","Level 12 :","In the Name of the Lex Imperialis!","Characteristic Training: Per","Level 27 :","Take and Hold IV","","Level 47 :","Personal Oversight","Medicae","","","Advanced Shield / Meragon Shield","","Level 12 :","Agility","Coercion","Level 27 :","Overcharge II","","Level 47 :","Blade in His Hand","Demolition","","","Advanced Shield / Meragon Shield / Kinesiostatic Shield","","Level 12 :","Strength","Never Stop Believing","Level 27 :","Steady Superiority IV","","Level 47 :","Enough bullets foir Everyone","Medicae","","","","","Level 12 :","Air of Authority / Break their ranks!","Characteristic Training: Per","Level 27 :","Overcharge II","","Level 47 :","Personal Oversight","Persuasion","","","Gunnery Shield","","Level 12 :","Perception","Never Stop Believing","Level 27 :","Steady Superiority IV","","Level 47 :","Enough bullets foir Everyone","Awareness","","","Advanced Shield / Gunnery Shield","","","","","","","","","","","","",""
"","Level 13 :","Ramming Speed","Carouse","Level 28 :","Rite of Calibration","Characteristic Training: Per","Level 48 :","Mob Justice","Toughness","","Weapon Set 2","Power Hammer","","Level 13 :","Swift Slaughter","Familiar Kickback","Level 28 :","Heightened Concentration","","Level 48 :","Gruesome Kill","Agility","","Weapon Set 2","Scoped Shotgun / The Rack","","Level 13 :","Swift Slaughter","Familiar Kickback","Level 28 :","Law and Order","Public Sentencing","Level 48 :","Autonomous Medikit ","Agility","","Weapon Set 2","Scoped Shotgun / [Sol-Pattern] Shotgun / The Rack","","Level 13 :","Focus!","Lore Imperium","Level 28 :","Personal Combat Zone","Toughness","Level 48 :","Sniping Zone","Fellowship","","Weapon Set 2","Bone-Shatteerer","","Level 13 :","Public Sentencing","Carouse","Level 28 :","Dependable Ally","Base Skill: Lore Xenos","Level 48 :","Autonomous Medikit","Agility","","Weapon Set 2","Djin Blade of Yremeryss","","Level 13 :","Unfaltering Fire","Armour-Piercing","Level 28 :","Coercion","Adaptability","Level 48 :","Contempt for the weak","Agility","","Weapon Set 2","Double-Barrel Shotgun / Scoped Shotgun / [Sol Pattern] Shotgun","","Level 13 :","Inspiring speech / Prepare for an assault!","Lore Imperium","Level 28 :","Suppression Factor","Mob Justice","Level 48 :","Perimeter Defence","Fellowship","","Weapon Set 2","Scoped Shotgun","","Level 13 :","Unfaltering Fire","Familiar Kickback","Level 28 :","Coercion","Adaptability","Level 48 :","Contempt for the weak","Agility","","Weapon Set 2","Necrontech Lasgun / Implacable Tempest / Hot Shot Lasgun / [Mezoa-Pattern] Lasgun","","","","","","","","","","","","",""
"","Level 14 :","Toughness","Steel of the Forge","Level 29 :","Perception","Carouse","Level 49 :","Perception","Medicae","","","Advanced Shield","","Level 14 :","Shotgun Mastery","Coercion","Level 29 :","Coercion","Agility","Level 49 :","Perception","Medicae","","","Crescendo / The Ruin","","Level 14 :","Shotgun Mastery","Coercion","Level 29 :","Agility","Coercion","Level 49 :","Perception","Medicae","","","Crescendo / The Ruin","","Level 14 :","Fellowship","Armour-Piercing","Level 29 :","Toughness","Lore Imperium","Level 49 :","Toughness","Persuasion","","","Advanced Shield / Meragon Shield","","Level 14 :","Toughness","Escape Artist","Level 29 :","Perception","Coercion","Level 49 :","Toughness","Demolition","","","Insatiable Djin Blade","","Level 14 :","Heavy Weapon Proficiency","Coercion","Level 29 :","Perception","Hail of Bullets","Level 49 :","Perception","Medicae","","","","","Level 14 :","Perception","Never Stop Believing","Level 29 :","Perception","Lore Imperium","Level 49 :","Toughness","Persuasion","","","Gunnery Shield","","Level 14 :","Shield Mastery","Coercion","Level 29 :","Perception","Armour-Piercing","Level 49 :","Fellowship","Awareness","","","","","","","","","","","","","","","",""
"","Level 15 :","Daring Breach IV","","Level 30 :","Consolidation","","Level 50 :","Out of My way! / Peak Condition","Open Engagement","","Pet","Pack Hunting","","Level 15 :","Firearm Mastery IV","","Level 30 :","Law and Order","Hot On the Trail","Level 50 :","Extermination *","Tenderise","","","","","Level 15 :","Firearm Mastery IV","","Level 30 :","Consolidation","","Level 50 :","Eager Surbordinates ","Second Skin","","Pet","Pack Hunting / Heel! Protocol","","Level 15 :","Finest Hour I","","Level 30 :","That's an Order!","","Level 50 :","Eager Subordinates","No Respite","","","","","Level 15 :","Death Waltz III","","Level 30 :","Bite!","","Level 50 :","Peak Condtion","It Takes Two","","Pet Protocol","Pack Hunting","","Level 15 :","Firearm Mastery III","","Level 30 :","Devastating Attack","","Level 50 :","Extermination","Integrity ","","","","","Level 15 :","Finest Hour I","","Level 30 :","Thats's An Order!","","Level 50 :","Eager Subordinates","Steel Resolve","","Pet","Bloodlust","","Level 15 :","Firearm Mastery II","","Level 30 :","Devastating Attack","","Level 50 :","Deadly Aim","Second Skin","","","","","","","","","","","","","","","",""
"","","","","Level 31 :","Perimiter Defence","Armour-Piercing","Level 51 :","Relentless Pursuit","Medicae","","","","","","","","Level 31 :","Trail and Shatter","","Level 51 :","Guidance","Medicae","","","","","","","","Level 31 :","Perimeter Defence","Mob Justice","Level 51 :","Binding Purpose 
/ Pillar of the Law","Medicae","","","","","","","","Level 31 :","Fire at Will","Public Sentencing","Level 51 :","Binding Purpose","Persuasion","","","","","","","","Level 31 :","Suppression Factor","Drukhari Weapon Proficiency","Level 51 :","Brother-In-Arms","Demolition","","","","","","","","Level 31 :","Breaking Attack","","Level 51 :","Preferred Targets","Medicae","","","","","","","","Level 31 :","Relentless Pursuit","Law and Order","Level 51 :","Arbites Physical Training","Persuasion","","","","","","","","Level 31 :","Breaking Attack","","Level 51 :","Preferred Targets","Awareness","","","","","","","","","","","","","","","",""
"","","","","Level 32 :","Perception","Carouse","Level 52 :","Pillar of the Law","It Will Not Die","","","","","","","","Level 32 :","Perception","Coercion","Level 52 :","Camaraderie","Grenadier / Spare Magazine","","","","","","","","Level 32 :","Perception","Coercion","Level 52 :","Unpredictable / Fortress","Solid Projectile Weap Exp","","","","","","","","Level 32 :","Lore Imperium","Perception","Level 52 :","Blood of Matyrs","Pillar of the Law","","","","","","","","Level 32 :","Perception","Coercion","Level 52 :","Unforgiving","Pacification Procedures / Dual Weapon Combat","","","","","","","","Level 32 :","Perception","Coercion","Level 52 :","Exploit Weakness","Familiar Kickback","","","","","","","","Level 32 :","Perception","Lore Imperium","Level 52 :","Pillar of the Law","Spare Magazine","","","","","","","","Level 32 :","Perception","Coercion","Level 52 :","Exploit Weakness","Combat Addict","","","","","","","","","","","","","","","",""
"","","","","Level 33 :","Chain-Maw","","Level 53 :","Run!","Perception","","","","","","","","Level 33 :","Inspiring Trophy","","Level 53 :","Double Slug","Perception","","","","","","","","Level 33 :","Suppressive Factor","","Level 53 :","Double slug
/ Grisly Adjudication ","Perception","","","","","","","","Level 33 :","Perception","Adjusting Frontline","Level 53 :","Take Aim!","Toughness","","","","","","","","Level 33 :","Perimeter Defence","","Level 53 :","Captive Audience","Toughness","","","","","","","","Level 33 :","Critical Versatility","Perception","Level 53 :","Controlled Shot / Dash","Perception","","","","","","","","Level 33 :","Side by Side","","Level 53 :","Consolidation","Toughness","","","","","","","","Level 33 :","Critical Versatility","Perception","Level 53 :","Controlled Shot","Fellowship","","","","","","","","","","","","","","","",""
"","","","","Level 34 :","Law and Order","","Level 54 :","Extermination","Interception","","","","","","","","Level 34 :","Public Sentencing","","Level 54 :","Vital Points","Fortress","","","","","","","","Level 34 :","Shield Mastery","","Level 54 :","Vital Points","Dependable Ally","","","","","","","","Level 34 :","Arbites Physical Training","","Level 54 :","Degraded Defence","Steady!","","","","","","","","Level 34 :","Finesse","","Level 54 :","Extermination","Grand Performance","","","","","","","","Level 34 :","Perception","Law and Order","Level 54 :","Deadly Aim / Vital Points","Accustomed to Glory","","","","","","","","Level 34 :","Public Sentencing","","Level 54 :","Degraded Defence","Seize the Initiative","","","","","","","","Level 34 :","Toughness","Public Sentencing","Level 54 :","Cataclysm / VItal Points","Accustomed to Glory","","","","","","","","","","","","","","","",""
"","","","","Level 35 :","Overcharge III / I","","Level 55 :","AP +1","","","","","","","","","Level 35 :","Wild Hunt III","","Level 55 :","AP +1","","","","","","","","","Level 35 :","Overcharge I / III","","Level 55 :","AP +1","","","","","","","","","Level 35 :","Take and Hold III","","Level 55 :","Ap +1","","","","","","","","","Level 35 :","Overcharge I","","Level 55 :","AP +1","","","","","","","","","Level 35 :","Steady Superiority II","","Level 55 :","AP +1","","","","","","","","","Level 35 :","Overcharge I","","Level 55 :","AP +1","","","","","","","","","Level 35 :","Steady Superiority II","","Level 55 :","AP +1","","","","","","","","","","","","","","","","",""
"","Fire Tsunami https://youtu.be/4-NmV355VFA ","","","","","","","","","","Skill Options","","","Spells & Shells - (Lina replacement whilst psyker staffs are bugged - Options for area & burst below)","","","","","","","","","","Skill Options","","","Pyromancer Berserker","","","","","","","","","","Skill Options","","","Death Engine - Fortress world - Pysker Pyromancer - BS 2, Perception 2, Agility 2","","","","","","","","","","Skill Options","","","Psyker Doomslayer - Forge World (Subskin Armour) , Sanctioned Psyker Pyromancer, Str 2 , WS 2, TGH 2","","","","","","","","","","Skill Options","","","Daemon Summoner","","","","","","","","","","Skill Options","","","Safe Idira - For use as a Merc to replace Idira with shimmering Emulsion or as a Rogue Trader Build (Basically a wizard build; lightning staffs trigger tide of excellence)","","","","","","","","","","Skill Options","","","","","","","","","","","","","","","","","","","","","","","","","","",""
"","Death World - Sanctioned Psyker Pyromancer - +2 WS / +2 AGL / +2 PER ((Early iconoclast for Malpain Shroud with Invigorating resolve will be a big damage carry in act 2) Great for shimmering Emulsion)","","","","","","","","","","Medicae / Demolition","","","Fortress World - Sanctioned Psyker (Pyromancer) - Soldier - Ballistic Skill +2 / Agility +2 / Perception +1 / Willpower +1","","","","","","","","","","Demolition, Awareness","","","Forge World (Subskin armour) - Sanctioned Psyker - WS +2 / Str +2 / Tgh +2","","","","","","","","","","Athletics / Carouse","","","Heavy Gunner Build using Pyromancer passives, artificer power armour gives 1 AP burst fires (Melting Armour fixed I am told)","","","","","","","","","","Demolition, Awareness","","","Chainsaw Pyromancer of obscene damage, go in, rip and tear","","","","","","","","","","Athletics / Carouse / Medicae / Demolitions","","","Forge World (Locomotive System) - Psyker (Biomancer) - Bladedancer - Weapon Skill +2 / Agility +2 / Perception +2","","","","","","","","","","Medicae / Awareness / Carouse","","","Voidborn - Sanctioned Psyker (Telepath) - Operative - Intelligence +2 / Perception +2 / Willpower +2","","","","","","","","","","Lore Warp / Lore Xenos / Lore Imperium / Awareness / Tech-use / Logic / Medicae","","","","","","","","","","","","","","","","","","","","","","","","","","",""
"","Blade Dancer","","","Executioner","","","Exemplar","","","","","","","Soldier","","","Arch-Militant","","","Exemplar","","","","","","","Warrior","","","Arch-Militant","","","Exemplar","","","","","","","Soldier","","","Arch-Militant","","","Exemplar","","","","","","","Warrior","","","Executioner","","","Exemplar","","","","","","","Blade Dancer","","","Overseer","","","Exemplar","","","","","","","Operative","","","Overseer","","","Exemplar","","","","","","","","","","","","","","","","","","","","","","","","","","","","","","",""
"","Level 1 :","Blade Dance","","Level 16 :","Forced Repentance","Scourging Strike + Where it hurts","Level 36 :","Eager for Battle *","Guillotine","","","","","Level 1 :","Run and Gun","","Level 16 :","Versatility","","Level 36 :","Eager for Battle *","Rapid Reload","","","","","Level 1 :","Charge","","Level 16 :","Versitility","","Level 36 :","Eager for battle *","Blade of Light","","","","","Level 1 :","Run and Gun","","Level 16 :","Versatility","","Level 36 :","Peak Condition","Rack and Ruin","","Gear to consider","","","Level 1 :","Charge","","Level 16 :","Forced Repentance","Scourging Strike + Where it hurts","Level 36 :","Eagar for Battle *","Easy Target","","","","","Level 1 :","Blade Dance","","Level 16 :","Psyber-Raven Proficiency","","Level 36 :","Peak Condition","Blessed Scars","","","","","Level 1 :","Analyse Enemies","","Level 16 :","Psyber-Raven Proficiency","","Level 36 :","Eager for Battle *","Fresh Target","","","","","","","","","","","","","","","","","","","","","","","","","","","","",""
"","Level 2 :","Medicae","","Level 17 :","Orchestrate Flame","","Level 37 :","Medicae","Racking Weakness","","Gear to consider","","","Level 2 :","Demolition","","Level 17 :","Wilfire","","Level 37 :","Awareness","Distract","","Gear to consider","","","Level 2 :","Medicae","","Level 17 :","Wildfire","","Level 37 :","Athletics","Exploit Weakness","","Gear to consider","","","Level 2 :","Medicae","","Level 17 :","Wilfire","","Level 37 :","Awareness","Contempt for the weak","","Helm","Gunslinger's Helm","","Level 2 :","Medicae","","Level 17 :","Firestorm","","Level 37 :","Medicae","Racking Weakness","","Gear to consider","","","Level 2 :","Medicae","","Level 17 :","Enfeeble","","Level 37 :","Medicae","Impure Force","","Gear to consider","","","Level 2 :","Medicae","","Level 17 :","Strategic Adaptation","","Level 37 :","Choice 1","Suppression Factor","","Gear to consider","","","","","","","","","","","","","","","","","","","","","","","","","","",""
"","Level 3 :","Death From Above","","Level 18 :","Anatomy Expert","","Level 38 :","Weapon Skill","Blade of Light","","Helm","Eyes of Joyeuse / Carmine Crown / Mechanicus Respirator","","Level 3 :","Revel in Slaughter","","Level 18 :","Always Ready","","Level 38 :","Willpower","Body of Flames","","Helm","Ghost Helm / Eyes of Joyeuse / Ethereal Visor","","Level 3 :","Endure","","Level 18 :","Always Ready","","Level 38 :","Weapon Skill","Psyker Terminus","","Helm","Eyes of Joyeuse","","Level 3 :","Revel in Slaughter","","Level 18 :","Always Ready","","Level 38 :","Ballistic Skill","Power Armour Proficiency","","Armour","Artificer Power Armour","","Level 3 :","Endure","","Level 18 :","Anatomy Expert","","Level 38 :","Weapon Skill","Psyker Extremis","","Helm","Eyes of Joyeuse / Mechanicus Respirator","","Level 3 :","Death From Above","","Level 18 :","Warp Buffer","","Level 38 :","Weapon Skill","Deterioration","","Helm","Thassertium Mask","","Level 3 :","Expose Weakness","","Level 18 :","Warp Buffer","","Level 38 :","Willpower","Grenadier","","Helm","Eyes of Joyeuse / Ghost Helm / Cultist Hood / Ethereal Visor / Dark Visionary Hood","","","","","","","","","","","","","","","","","","","","","","","","","",""
"","Level 4 :","Death Waltz","Death Warden","Level 19 :","Carnival of Misery","","Level 39 :","Sanctic Powers","Medicae","","Armour","Armour of Hidden Promise / Psychic Bodyglove","","Level 4 :","Firearm Mastery","Point-Blank / Muzzle Velocity","Level 19 :","Steady Superiority","","Level 39 :","Orchestrate Flames","Awareness","","Armour","Psyker's Breastplate / Psychic Body Glove / Armour of Hidden Promise / [Death World] Enforcer's light carapace","","Level 4 :","Daring Breach","Thick Skin","Level 19 :","Steady Superiority","","Level 39 :","Sanctic Powers","Athletics","","Armour","Psyker's Breast Plate","","Level 4 :","Firearm Mastery","Muzzle Velocity","Level 19 :","Steady Superiority","","Level 39 :","Controlled Shot","Awareness","","Cloak","Tactical Backpack","","Level 4 :","Daring Breach","Thick Skin","Level 19 :","Carnival of Misery","","Level 39 :","Enfeeble","Medicae","","Armour","Armour of Hidden Promise / Psychic Bodyglove / Psyker's Breastplate","","Level 4 :","Death Waltz","Death Warden","Level 19 :","Overcharge","","Level 39 :","Sanctic Powers","Medicae","","Armour","Psyker's Breastplate","","Level 4 :","Dismantling Attack","Uncanny Sight","Level 19 :","Overcharge","","Level 39 :","Enfeeble","Choice 1","","Armour","Psychic Bodyglove / Psyker's Breastplate","","","","","","","","","","","","","","","","","","","","","","","","","",""
"","Level 5 :","Wounded Beast","Weapon Skill","Level 20 :","AP +1","Weapon Skill","Level 40 :","Degraded Defence","All-Encompassing Agony","","Cloak","Swashbuckler Cloak / Malpain Shroud / Von Valancius Cloak / Pack of Reagents","","Level 5 :","Ballistic Skill","Demolition Engineer / Rack and Ruin","Level 20 :","Ap +1","Ballistic Skill","Level 40 :","Degraded Defence","Dismantle","","Cloak","Arch-Militant's Cape / Cloak of Hatred / Tactical Backpack / Malpain Shroud (yes applies to staff)","","Level 5 :","Hardened Scars","Weapon Skill","Level 20 :","AP +1","Weapon Skill","Level 40 :","Degraded Defence","Edge of Dawn","","Cloak","Swashbuckler Cloak","","Level 5 :","Ballistic Skill","Rapid Reload","Level 20 :","Ap +1","Ballistic Skill","Level 40 :","Degraded Defence","Distract","","Neck","Dog Tags / Fury Incarnate / Focus Incense / Ruby Splash","","Level 5 :","Rigorous Training","Weapon Skill","Level 20 :","AP +1","Weapon Skill","Level 40 :","Degraded Defence","All-Encomposing Agony","","Cloak","Pack of Reagents / Cloak of Bloodthirst / Lady Theodora's Mantle","","Level 5 :","Psyker Minoris","Weapon Skill","Level 20 :","Ap +1","Weapon Skill","Level 40 :","Degraded Defence","Psalms of Heroes","","Cloak","Dimensional Traveller Cloak","","Level 5 :","Willpower","Psyker Minoris","Level 20 :","Ap +1","Willpower","Level 40 :","Degraded Defence","Deterioration","","Cloak","Singed Cape / Xeno Emitter","","","","","","","","","","","","","","","","","","","","","","","","","",""
"","Level 6 :","Blood Oath","Medicae","Level 21 :","Weapon Skill","Sparks of the Greater Flame","Level 41 :","Weapon Skill","Edge of Dawn","","Neck","Starmist Scarf / Psy Focus / Invigorating Resolve","","Level 6 :","Ballistic Skill","Concentrated Fire / Rapid Fire","Level 21 :","Broad Expertise","Ballistic Skill","Level 41 :","Willpower","Fortress","","Neck","Starmist Scarf / Dog Tag / Psy Focus / Invigorating resolve (for shroud)","","Level 6 :","Forceful Strike","Athletics","Level 21 :","Flashfire","Weapon Skill","Level 41 :","Weapon Skill","Hymns of Hatred","","Neck","Starmist Scarf / Solid Shield Enarmes","","Level 6 :","Ballistic Skill","Rapid Fire","Level 21 :","Heavy Gunner","Ballistic Skill","Level 41 :","Ballistic Skill","Enough Bullets for Everyone","","Accessory 1","Demolition Instructions / Echo of Victory","","Level 6 :","Reckless Strike","Medicae","Level 21 :","Weapon Skill","Psyker Majoris","Level 41 :","Weapon Skill","Crowd Kill","","Neck","Starmist scarf / Requiemator / Temperus Carapace Elite Backpack","","Level 6 :","Blood Oath","Medicae","Level 21 :","Psyker Majoris","Weapon Skill","Level 41 :","Weapon Skill","Rising Tempo","","Neck","Thassertium Necklace","","Level 6 :","Tide of Excellence","Willpower","Level 21 :","Rite of Calibration","Willpower","Level 41 :","Willpower","Passive Learning","","Neck","Starmist Scarf / Vortex Pendant","","","","","","","","","","","","","","","","","","","","","","","","","",""
"","Level 7 :","Weapon Skill","Blood Rush","Level 22 :","Biomancy","","Level 42 :","Reckless Abandon","Agility","","Accessory 1","Hand of Offence / Chains of Domination / Voidborn's pride / Diagnostor","","Level 7 :","Agility","Psyker Minoris","Level 22 :","Reckless Rush","Psychic Barrage","Level 42 :","Devastating Attack","Agility","","Accessory 1","Chains of Domination / Commander's Chrono / Hand of Offence/ Mysterious Sliver / Demolition Instructions","","Level 7 :","Weapon Skill","Psyker Minoris","Level 22 :","Reckless Rush","Dual Weapon Combat","Level 42 :","Kick","Toughness","","Accessory 1","Warp Surge brooch","","Level 7 :","Perception","Never Stop Believing","Level 22 :","Reckless Rush","Breaking Point","Level 42 :","Kick","Perception","","Accessory 2","Bead of might / Book of war prayers","","Level 7 :","Weapon Skill","Psyker Minoris","Level 22 :","Biomancy","","Level 42 :","Reckless Abandon","Toughness","","Accessory 1","Warp Surge Brooch / Warp Reflex Ring / Anatomy Tome","","Level 7 :","Weapon Skill","Blood Rush","Level 22 :","Warp Speed","Medicae","Level 42 :","Shield of the Emperor","Agility","","Accessory 1","Hand of Offence / Spirit Drape","","Level 7 :","Pyromancy","Choice 1","Level 22 :","Biomancy","Choice 1","Level 42 :","Warp Speed","Intelligence","","Accessory 1","Warp Surge Brooch / Metronome","","","","","","","","","","","","","","","","","","","","","","","","","",""
"","Level 8 :","Demolition","Body of Flames","Level 23 :","Biophysical Distortion","Medicae","Level 43 :","Hymns of Hatred","Fire Within / Base Skill: Medicae","","Accessory 2","Warp Surge Brooch","","Level 8 :","Rack and Ruin / Unfaltering Fire","Demolition","Level 23 :","Demolition","All out","Level 43 :","Breaking Attack","Relentless Blaze","","Accessory 2","Warp Surge Brooch ","","Level 8 :","Athletics","Impetus","Level 23 :","Athletics","Allout","Level 43 :","Martial Art","Fire within","","Accessory 2","Hand of Offence","","Level 8 :","Unfaltering Fire","Demolition","Level 23 :","Demolition","All out","Level 43 :","Ingenious","Spare Magazine / Bolt expert","","Gloves","Compensator Gloves / Marksman Bracers","","Level 8 :","Carouse","Hardened Scars","Level 23 :","Sower of Distress","Medicae","Level 43 :","Fire Within","Backdraft / Base Skill: Medicae","","Accessory 2","Hand of Offence / Chirugen's manuel / Knuckle Guard","","Level 8 :","Awareness","Warp Saturation","Level 23 :","Rite of Calibration","","Level 43 :","Edge of Dawn","Heavy Armour Proficiency","","Accessory 2","Warp Surge Brooch","","Level 8 :","Backdraft","Pain Channelling","Level 23 :","Sacrificial Penance","","Level 43 :","Mind Siege","Contagious Luck","","Accessory 2","Spirit Drape / Chains of Domination / Grimoire of the Void","","","","","","","","","","","","","","","","","","","","","","","","","",""
"","Level 9 :","Death Waltz II","","Level 24 :","Agility","Psyker Majoris","Level 44 :","Demolition","Destroyer *","","Gloves","Augmented Gloves / Executioner Gauntlets / Inevietable Demise / The Hand of Avolius / Metal Claw Gloves","","Level 9 :","Firearm Mastery III / II","","Level 24 :","Agility","Psyker Terminus","Level 44 :","Demolition","Extermination *","","Gloves","Abyssal Conduit / Stabilising Gauntlets / Elastic Gloves / Marksman Bracers","","Level 9 :","Daring Breach II","","Level 24 :","Toughness","Pysker Majoris","Level 44 :","Carouse","Destroyer *","","Gloves","Augmented Gloves / Adaptive Gloves / Inevietable Demise / Metal Claw Gloves","","Level 9 :","Firearm Mastery II","","Level 24 :","Perception","Overpower","Level 44 :","Awareness","Eagar for Battle","","Boots","Caligae of Saint Keefe / Sororitas Boots","","Level 9 :","Daring breach II","","Level 24 :","Toughness","Biophysical Distortion","Level 44 :","Carouse","Destroyer *","","Gloves","Augmented Gloves / Executioner's Gloves / The Hand of Avolius . Metal claw gloves","","Level 9 :","Death Waltz II","","Level 24 :","Agility","Blade of Light","Level 44 :","Awareness","Destroyer *","","Gloves","Augmented Gloves / Abyssal Conduit","","Level 9 :","Dismantling Attack III","Choice 1","Level 24 :","Intelligence","Psyker Terminus","Level 44 :","Choice 2","Extermination *","","Gloves","Abyssal Conduit","","","","","","","","","","","","","","","","","","","","","","","","","",""
"","Level 10 :","Facing the End","Agility","Level 25 :","Sower of Distress","","Level 45 :","AP +1","","","Boots","Inertia Boots / Impulse Boots / Fencing Boots / Void Veteran Boots","","Level 10 :","Swift Slaughter","Agility","Level 25 :","Flash Fire","","Level 45 :","AP +1","","","Boots","Boots of Decay / Psyker's footware / Inertia Boots","","Level 10 :","Body of Flames","Strength","Level 25 :","Dependable","","Level 45 :","AP +1","","","Boots","Void Veteran Boots / Enforcer Light boots / Inertia Boots","","Level 10 :","Fired Up","Agility","Level 25 :","Flash Fire","","Level 45 :","AP +1","","","Weapon Set 1","Advanced Heavy Stubber / Righteous Anger","","Level 10 :","Impetus","Toughness","Level 25 :","Sparks of the greater flame","","Level 45 :","AP +1","","","Boots","Inertia Boots / Void Veteran Boots / Pneumo Boots","","Level 10 :","Escape Artist","Agility","Level 25 :","Castigating Echoes","","Level 45 :","Ap +1","","","Boots","Fencing Boots / Inertia Boots","","Level 10 :","Choice 2","Intelligence","Level 25 :","Castigating Echoes","","Level 45 :","Ap +1","","","Boots","Psyker's Footware / Boots of Decay / Battle Psyker's Boots","","","","","","","","","","","","","","","","","","","","","","","","","",""
"","Level 11 :","Acrobatic Artistry","Dance Partners","Level 26 :","Agility","Medicae","Level 46 :","Rising Tempo","Demolition","","Weapon Set 1","Incinerator","","Level 11 :","Firestorm","Medicae","Level 26 :","Demolition","Agility","Level 46 :","Fire Within","Demolition","","Weapon Set 1","Solar Staff (basically a rock saw)","","Level 11 :","Orchestrate flame","Heavy Armour","Level 26 :","Athletics","Toughness","Level 46 :","Ramming Speed","Carouse","","Weapon Set 1","Tearing Vengence","","Level 11 :","Concentrated Fire","Demolition","Level 26 :","Demolition","Perception","Level 46 :","Point-Blank","Demolition","","","","","Level 11 :","Orchestrate Flame","Body Of Flames","Level 26 :","Toughness","Medicae","Level 46 :","Open Engagement","Carouse","","Weapon Set 1","Well-Maintained Rocksaw / [LD-Pattern] rock saw","","Level 11 :","Acrobatic Artistry","Guillotine","Level 26 :","Agility","Medicae","Level 46 :","Blade in His Hand","Awareness","","Weapon Set 1","Veilrender / Edge of the Irrevocable","","Level 11 :","Weak Body, Weak Soul","Choice 2","Level 26 :","Intelligence","Choice 1","Level 46 :","Bloody Mess","Choice 2","","Weapon Set 1","Blooddrinker's Staff","","","","","","","","","","","","","","","","","","","","","","","","","",""
"","Level 12 :","Agility","Demolition","Level 27 :","Carnival of Misery III","","Level 47 :","Race Against Death","Awareness","","","Cursebringer","","Level 12 :","Willpower","Never Stop Believing","Level 27 :","Steady Superiority IV","","Level 47 :","Camraderie","Awareness","","","","","Level 12 :","Toughness","Carouse","Level 27 :","Steady Superiority IV","","Level 47 :","Easy Target","Medicae","","","Carnage / Flames of Retribution","","Level 12 :","Strength","Familiar Kickback / Bolt Proficiency ","Level 27 :","Steady Superiority IV","","Level 47 :","Demolition Engineer","Demolition","","Weapon Set 2","Scoped Shotgun / [Sol Pattern] Shotgun","","Level 12 :","Strength","Carouse","Level 27 :","Carnival of Misery III","","Level 47 :","Desolation","Athletics","","","","","Level 12 :","Agility","Awareness","Level 27 :","Overcharge II","","Level 47 :","Duellist","Carouse","","","The Distortion","","Level 12 :","Sensory Deprivation","Second Sight","Level 27 :","Overcharge II","","Level 47 :","Still Mind","Choice 3","","","","","","","","","","","","","","","","","","","","","","","","","","","","",""
"","Level 13 :","Psyker Minoris","Carouse","Level 28 :","Master of Torture","","Level 48 :","Pysker Extremis","Agility","","Weapon Set 2","Well-Maintained Rocksaw / Edge of the Irrevocable","","Level 13 :","Fired Up","Familiar Kickback","Level 28 :","Awareness","Armsmaster","Level 48 :","Contempt for the Weak","Agility","","Weapon Set 2","Double-Barreled Shotgun / [Sol-Pattern] Shotgun / Scoped Shotgun","","Level 13 :","Crowd Kill","Carouse","Level 28 :","Carouse","Adaptability","Level 48 :","Contempt for the weak","Toughness","","Weapon Set 2","Rocksaws / Incinerator","","Level 13 :","Swift Slaughter","Melting Armour","Level 28 :","Awareness","Adaptability","Level 48 :","Exploit Weakness","Perception","","","","","Level 13 :","Ramming Speed","Athletics","Level 28 :","Master of Torture","","Level 48 :","Death in the Air","Toughness","","Weapon Set 2","Bloodrinker Staff","","Level 13 :","Adrenaline Surge","Carouse","Level 28 :","Sacrificial Penance","Psyker Terminus","Level 48 :","Hymns of Hatred","Agility","","Weapon Set 2","Sanctified Staff / Bloodrinker Staff / Staff of the Righteous Pyre","","Level 13 :","Ballistics Calculation","Perception","Level 28 :","Psy-Resonator","Fire Within","Level 48 :","Corpus Conversion","Intelligence","","Weapon Set 2","Staff of Shock and Awe","","","","","","","","","","","","","","","","","","","","","","","","","",""
"","Level 14 :","Willpower","Balancing on the edge","Level 29 :","Willpower","Demolition","Level 49 :","Perception","Awareness","","","","","Level 14 :","Psyker Majoris","Awareness","Level 29 :","Willpower","Backdraft","Level 49 :","Willpower","Medicae","","","","","Level 14 :","Toughness","Steel of the Forge","Level 29 :","Strength","Characteristic Training: Per","Level 49 :","Willpower","Medicae","","","/ Flames of Retribution","","Level 14 :","Heavy Weapon Proficiency","Awareness","Level 29 :","Perception","Hail of Steel","Level 49 :","Agility","Medicae","","","","","Level 14 :","Toughness","Heavy Armour Proficiency","Level 29 :","Willpower","Carouse","Level 49 :","Perception","Athletics","","","","","Level 14 :","Toughness","Sweeping Motions","Level 29 :","Perception","Awareness","Level 49 :","Toughness","Carouse","","","","","Level 14 :","Perception","Psyker Majoris","Level 29 :","Perception","Choice 2","Level 49 :","Perception","Choice 3","","","","","","","","","","","","","","","","","","","","","","","","","","","","",""
"","Level 15 :","Death Waltz III","","Level 30 :","Firestorm / Inflame","Characteristic Training: PER","Level 50 :","Peak Condtion","Pslam of Heroes","","","","","Level 15 :","Firearm Mastery IV / III","","Level 30 :","Molten Beam","","Level 50 :","Peak Condition","Enough Bullets for Everyone","","","","","Level 15 :","Daring Breach IV","","Level 30 :","Firestorm","","Level 50 :","Peak Condition","Desolation","","","","","Level 15 :","Firearm Mastery III","","Level 30 :","Devastating Attack","","Level 50 :","Extermination","Integrity / Alacrity","","","","","Level 15 :","Daring Breach IV","","Level 30 :","Inflame","Characteristic Training: PER / Melting Armour","Level 50 :","Peak Condition","Deterioration","","","","","Level 15 :","Death Waltz III","","Level 30 :","Strategic Adaptation","","Level 50 :","Eager for Battle *","It Takes Two","","Pet Protocol","Call to Harvest","","Level 15 :","Dismantling II / IV","","Level 30 :","Psychic Assault","","Level 50 :","Malign Influence / Combat Meditation / Peak Condition","Melting Armour","","Pet","Blessing of the Immaterium / Synergy / Grave Chill","","","","","","","","","","","","","","","","","","","","","","","","","",""
"","","","","Level 31 :","Invigorating Screams / Perfect Anatomy","","Level 51 :","Deterioration","Awareness","","","","","","","","Level 31 :","Adaptability","","Level 51 :","Preferred Targets","Medicae","","","","","","","","Level 31 :","Critical Versatility","","Level 51 :","Accustomed to Glory","Medicae","","","","","","","","Level 31 :","Breaking Attack","","Level 51 :","Preferred Targets","Medicae","","","","","","","","Level 31 :","Invigorating Screams / Perfect Anatomy","","Level 51 :","Corpus Conversion","Athletics","","","","","","","","Level 31 :","Psy-Resonator","Corpus Conversion","Level 51 :","Eternal Glory","Carouse","","Consumable","Bedlam","","","","","Level 31 :","Mental Breach","Weak Hearts","Level 51 :","Brother-In-Arms","Choice 3","","","","","","","","","","","","","","","","","","","","","","","","","","","","",""
"","","","","Level 32 :","Perception","Demolition","Level 52 :","Blade In His Hands","Sanctified Slayer / Advanced Skill: Medicae","","","","","","","","Level 32 :","Willpower","Awareness","Level 52 :","Exploit Weakness","Heavy Armour Proficiency","","","","","","","","Level 32 :","Perception","Carouse","Level 52 :","Preferred Targets","Psyker Extremis","","","","","","","","Level 32 :","Agility","Awareness","Level 52 :","Dismantle","Combat Addict","","","","","","","","Level 32 :","Perception / Willpower","Carouse","Level 52 :","Relentless Blaze","Warp Saturation / Advanced Skill: Medicae","","","","","","","","Level 32 :","Perception","Awareness","Level 52 :","Brother-In-Arms","Sanctified Slayer","","","","","","","","Level 32 :","Perception","Choice 2","Level 52 :","Combat Insight","Jinx / Heavy Armour Proficiency","","","","","","","","","","","","","","","","","","","","","","","","","","","","",""
"","","","","Level 33 :","Fragile Playthings","","Level 53 :","Inflame / Firestrom","Perception","","","","","","","","Level 33 :","Critical Versatility","Perception","Level 53 :","Inflame","Perception","","","","","","","","Level 33 :","Distract","Perception","Level 53 :","Reckless Strike","Willpower","","","","","","","","Level 33 :","Critical Versatility","Agility","Level 53 :","Entrench","Agility","","","","","","","","Level 33 :","Fragile Playthings","","Level 53 :","Exsanguination","Perception","","","","","","","","Level 33 :","Enhanced Augmetics","","Level 53 :","Hammer of the Emperor","Toughness","","","","","","","","Level 33 :","Enhanced Augmetics","","Level 53 :","Mind Bond","Perception","","","","","","","","","","","","","","","","","","","","","","","","","","","","",""
"","","","","Level 34 :","Perception","Psyker Terminus","Level 54 :","Extermination","Duellist","","","","","","","","Level 34 :","Perception","Psyker Extremis","Level 54 :","Destroyer / Cataclysm","Accustomed to Glory","","","","","","","","Level 34 :","Perception","Melting Armour","Level 54 :","Strong Hand / Extermination","Pslams Of Heroes","","","","","","","","Level 34 :","Agility","Fire within","Level 54 :","Deadly Aim / Vital Points","Accustomed to Glory","","","","","","","","Level 34 :","Perception / Willpower","Psyker Terminus","Level 54 :","Extermination","Acute Pain","","","","","","","","Level 34 :","Psyker Extremis","","Level 54 :","Extermination","Bloody Requiem","","","","","","","","Level 34 :","Psyker Extremis","","Level 54 :","Cataclysm / Vital Points","Warp Minds","","","","","","","","","","","","","","","","","","","","","","","","","","","","",""
"","","","","Level 35 :","Carnival of Misery IV","","Level 55 :","AP +1","","","","","","","","","Level 35 :","Steady Superiority II","","Level 55 :","AP +1","","","","","","","","","Level 35 :","Steady Superiority II","","Level 55 :","AP +1","","","","","","","","","Level 35 :","Steady Superiority II","","Level 55 :","AP +1","","","","","","","","","Level 35 :","Carnival of Misery IV","","Level 55 :","AP +1","","","","","","","","","Level 35 :","Overcharge I","","Level 55 :","AP +1","","","","","","","","","Level 35 :","Overcharge I","","Level 55 :","Ap +1","","","","","","","","","","","","","","","","","","","","","","","","","","","","","",""
"","White Mage - Support Officer Overseer","","","","","","","","","","Skill Options","","","Xavier - Smart Telepath Leader Build","","","","","","","","","","Skill Options","","","Sorcerer - Chaos Champion (Psyker staffs currently have a game breaking bug counting as melee attacks, as we havnt leveled weapon skill, melee enemies can parry, use inferno on range enemies, buff PER)","","","","","","","","","","Skill Options","","","Red Mage","","","","","","","","","","Skill Options","","","Psi-Assassin - Forge World (Locomotive Systems) - Sanctioned Psyker (Sanctic) - Bladedancer - WS +2 / Agi +2 / Per +2","","","","","","","","","","Skill Options","","","Default player 1 (Sanctic Officer) - Sanctioned Psyker (Sanctic) Imperial World (Fellowship) - +2 Ballistic Skill / +2 Agility / +2 Fellowship","","","","","","","","","","Skill Options","","","","","","","","","","","","","","","","","","","","","","","","","","","","","","","","","","","","","","","",""
"","Forge World (Subskin Armour) - Sanctioned Psyker (Biomancer) - +2 Fel / +2 WP / +2 TGH","","","","","","","","","","Persuasion, Coercion, Commerce, Lore Imperium","","","Voidborn - Sanctioned Psyker (Telepath) - BS +1 - TGH +1 - Intelligence +2 - WP +2 (Plus 15 Int item found from Janus act 4 colony event)","","","","","","","","","","Persuasion, Coercion, Commerce, Lore Imperium, Lore Warp, Lore Xenos","","","Fortress World - Double Staff Caster - Sanctioned Psyker Telepath - +2 BS / +2 Agi / +2 WP","","","","","","","","","","Awareness / Lore Xenos / Lore Warp","","","Death World - Sanctioned Psyker (Pyromancer) - WS +2 / Str +1 / Agi +2 / Willpower +1","","","","","","","","","","Athletics / Carouse","","","Sword of Faith Build - Have fun with Shimmering Emulsion","","","","","","","","","","Athletics / Carouse / Medicae / Demolitions","","","The most plain toast build for your first run (more combat orientated officer, for pure buff scroll to the right)","","","","","","","","","","Commerce / Persuasion / Coercion","","","","","","","","","","","","","","","","","","","","","","","","","","","","","","","","","","","","","","","",""
"","Officer","","","Overseer","","","Exemplar","","","","","","","Officer","","","Grand Strategist","","","Exemplar","","","","","","","Soldier","","","Overseer","","","Exemplar","","","","","","","Warrior","","","Arch-Militant","","","Exemplar","","","","","","","Blade Dancer","","","Assassin","","","Exemplar","","","","","","","Officer","","","Master Tactician","","","Exemplar","","","","","","","","","","","","","","","","","","","","","","","","","","","","","","","","","","","","","","","","","","","",""
"","Level 1 :","Voice Of Command","","Level 16 :","Psyber-Raven","","Level 36 :","Peak Condition","Be Vigilant!","","Gear to consider","","","Level 1 :","Voice Of Command","","Level 16 :","Combat Tactics","","Level 36 :","Eager for Battle","Seize the Initiative","","Gear to consider","","","Level 1 :","Run and Gun","","Level 16 :","Psyber-Raven","","Level 36 :","Degraded Defence","Weak Hearts","","","","","Level 1 :","Charge","","Level 16 :","Versitility","","Level 36 :","Eager for battle *","Impetus","","","","","Level 1 :","Blade Dance","","Level 16 :","Seek the Opening","","Level 36 :","Destroyer","Guillotine","","","","","Level 1 :","Voice Of Command","","Level 16 :","Tactical Advantage","Press The Advantage","Level 36 :","Firebrand","Be Vigilant!","","","","","","","","","","","","","","","","","","","","","","","","","","","","","","","","","","","","","","","","","",""
"","Level 2 :","Persuasion","","Level 17 :","Warp Speed","","Level 37 :","Lore Imperium / Coercion","Psalms of Heroes","","Helm","Eyes of Joyeuse / Ghost Helm / Ethereal Visor / Thassertium Mask","","Level 2 :","Lore Warp / Persuasion","","Level 17 :","Psychic Assault","","Level 37 :","Lore Warp / Persuasion","Still Mind","","Helm","Ghost Helm / Cultist Hood / Ethereal Visor / Dark Visionary Hood","","Level 2 :","Medicae","","Level 17 :","Psychic Assault","","Level 37 :","Lore Warp","Sacred Rituals","","Gear to consider","","","Level 2 :","Medicae","","Level 17 :","Wildfire","","Level 37 :","Athletics","Exploit Weakness","","Gear to consider","","","Level 2 :","Medicae","","Level 17 :","Killing Edge","","Level 37 :","Medicae","Lethal Concentration","","Gear to consider","","","Level 2 :","Commerce","","Level 17 :","Linchpin","","Level 37 :","Commerce","Stacking the Deck","","Gear to consider","","","","","","","","","","","","","","","","","","","","","","","","","","","","","","","","","","","","","","","",""
"","Level 3 :","Bring it Down !","","Level 18 :","Rite of Calibration","","Level 38 :","Fellowship","Heavy Armour Proficiency","","Armour","Psyker's Breastplate","","Level 3 :","Bring it Down !","","Level 18 :","Improvised Strategy","","Level 38 :","Willpower","Psychic Barrage","","Armour","Psychic Bodyglove","","Level 3 :","Revel in Slaughter","","Level 18 :","Rite of Calibration","","Level 38 :","Willpower","Mental Breach","","Helm","Ghost Helm / Cultist Hood / Ethereal Visor / Dark Visionary Hood / Thassertium Mask","","Level 3 :","Endure","","Level 18 :","Always Ready","","Level 38 :","Weapon Skill","Melting Armour","","Helm","Eyes of Joyeuse / Ghost Helm","","Level 3 :","Death From Above","","Level 18 :","Create an Opening","","Level 38 :","Weapon Skill","Edge of Dawn","","Helm","Eyes of Joyeuse / Vivisector's Visor / Self Calibrating Googles / Helm","","Level 3 :","Bring it Down !","","Level 18 :","Reliance","","Level 38 :","Ballistic Skill","Pslams of Heroes","","Helm","Ghost Helm / Eyes of Joyeuse / Peripheral Visor","","","","","","","","","","","","","","","","","","","","","","","","","","","","","","","","","","","","","","",""
"","Level 4 :","Finest Hour","Lasting Impression","Level 19 :","Overcharge","","Level 39 :","Metabolic Overcharge","Lore Imperium / Coercion","","Cloak","Singed Cape / Xenopelt Cloak / Von Calacius Cloak","","Level 4 :","Finest Hour","Lasting Impression","Level 19 :","Take and Hold","","Level 39 :","Biomancy / Sanctic","Lore Warp / Persuasion","","Cloak","Singed Cape / Xeno Emitter","","Level 4 :","Firearm Mastery","Camaraderie","Level 19 :","Overcharge","","Level 39 :","Mind Rupture","Lore Warp","","Armour","Psyker's Breastplate / Psychic Bodyglove","","Level 4 :","Daring Breach","Thick Skin","Level 19 :","Steady Superiority","","Level 39 :","Molten Beam","Athletics","","Armour","Armour of Hidden Promise / High Spinner Armour / Phantom-Killer Bodyglove","","Level 4 :","Death Waltz","Death Warden","Level 19 :","Dispatch","","Level 39 :","Acrobatic Artistry","Medicae","","Armour","Armour of Hidden Promise / Phantom-Killer Bodyglove / Psychic Bodyglove / High Spinner Armour","","Level 4 :","Finest Hour","Lasting Impression ","Level 19 :","Orchestrated Firestorm","","Level 39 :","Move Move Move!","Commerce","","Armour","Psychic Body Glove / [Death World Origin] Enforcer Light Carapace / Cultist Armour Plates","","","","","","","","","","","","","","","","","","","","","","","","","","","","","","","","","","","","","","",""
"","Level 5 :","Fellowship","Psyker Minoris","Level 20 :","AP +1","Fellowship","Level 40 :","Firebrand","Pulse of Life","","Neck","Chartist Pendant / Vortex Pendant / Starmist Scarf / Thassertium Necklace","","Level 5 :","Willpower","Be Smart","Level 20 :","Ap +1","Intelligence","Level 40 :","Firebrand","Warp Saturation / Destined","","Neck","Vortex Pendant / Starmist Scarf","","Level 5 :","Ballistic Skill","Psyker Minoris","Level 20 :","AP +1","Willpower","Level 40 :","Peak Condition","Fire Within","","Cloak","Dimensional Traveller Cloak / Singed Cape / Xeno Emitter","","Level 5 :","Rigorous Training","Weapon Skill","Level 20 :","AP +1","Weapon Skill","Level 40 :","Degraded Defence","Contempt for the weak","","Cloak","Malpain Shroud / Swashbuckler Cloak","","Level 5 :","Psyker Minoris","Weapon Skill","Level 20 :","AP +1","Weapon Skill","Level 40 :","Degraded Defence","Lone Killer / Perfect Opening","","Cloak","Swiftshroud Cloak / Cloak of Bloodthirst / Lady Theodora's Mantle / Swashbuckler Cloak / Bladedancer's Mantle","","Level 5 :","Ballistic Skill","Psyker Minoris","Level 20 :","Ap +1","Ballistic skill","Level 40 :","Eager for Battle","Dawn of Victory","","Cloak","Lady Theodora's Mantle (Yes it applies to sanctified staff) / Singed Cape / Tempestus Elite Carapace Backpack","","","","","","","","","","","","","","","","","","","","","","","","","","","","","","","","","","","","","","",""
"","Level 6 :","Decisive Response","Fellowship","Level 21 :","Sacrificial Penance","Fellowship","Level 41 :","Fellowship","Inspire Courage","","Accessory 1","Spirit Drape / Warp Surge Brooch","","Level 6 :","Decisive Response","Willpower","Level 21 :","Fire at Will","Willpower","Level 41 :","Willpower","Be Vigilant!","","Accessory 1","Warp Surge Brooch / Metronome / Grimoire of the Void","","Level 6 :","Ballistic Skill","Pyromancy","Level 21 :","Sacrificial Penance","Willpower","Level 41 :","Willpower","Fired Up","","Neck","Starmist Scarf / Vortex Pendant / Thassertium Necklace","","Level 6 :","Break through","Athletics","Level 21 :","Flashfire","Weapon Skill","Level 41 :","Weapon Skill","Easy Target","","Neck","Invigorating Resolve / Starmist Scarf / Solid Shield Enarmes","","Level 6 :","Blood Oath","Medicae","Level 21 :","Psyker Majoris","Weapon Skill","Level 41 :","Weapon Skill","Rising Tempo","","Neck","Starmist scarf /  Psy Focus / Requiemator / vial of foulstow","","Level 6 :","Decisive Response","Ballistic Skill","Level 21 :","Ballistic skill","Hidden Advantage","Level 41 :","Ballistic Skill","Leader's assault","","Neck","Starmist Scarf / Onslaught Amulet / Vortex Pendant","","","","","","","","","","","","","","","","","","","","","","","","","","","","","","","","","","","","","","",""
"","Level 7 :","Invigorate / Enfeeble","Still Mind","Level 22 :","Sanctic Powers","Lore Imperium / Coercion","Level 42 :","Shield of the Emperor","Willpower","","Accessory 2","Warp Surge Brooch / Experimental Psy-Amplifier / Chains of Domination","","Level 7 :","Air of Authority","Psyker Minoris","Level 22 :","Combat Locus Stratagem","","Level 42 :","Enfeeble / Shield of the Emperor","Intelligence","","Accessory 2","Experimental Psy-Amplifier / Chains of Domination","","Level 7 :","Willpower","Never Stop Believing","Level 22 :","Strategic Adaptation","Lore Warp","Level 42 :","Shield of the Emperor","Agility","","Accessory 1","Warp Surge Brooch / Metronome / Grimoire of the Void","","Level 7 :","Weapon Skill","Psyker Minoris","Level 22 :","Reckless Rush","Blade of Light","Level 42 :","Devastating Attack","Agility","","Accessory 1","Warp Surge brooch","","Level 7 :","Weapon Skill","Blood Rush","Level 22 :","Medicae","Hammer of the Emperor","Level 42 :","Pyromancy","Agility","","Accessory 1","Warp Surge Brooch / Warp Reflex Ring / Anatomy Tome / Hand of Offence","","Level 7 :","Air of Authority","Subtle Manipulation","Level 22 :","Inspire","","Level 42 :","Strongpoint","Fellowship","","Accessory 1","Warp Surge Brooch / Commander's Chrono","","","","","","","","","","","","","","","","","","","","","","","","","","","","","","","","","","","","","","",""
"","Level 8 :","Focus!","Persuasion","Level 23 :","Warp Buffer","","Level 43 :","Confer Immunity","Destined","","Gloves","Abyssal Conduit","","Level 8 :","Inspiring Speech","Lore Warp / Persuasion","Level 23 :","Lore Warp / Persuasion","Blurred Locus","Level 43 :","Deterioration / Psalms of Heroes","Corpus Conversion
 / Hymns of Hatred","","Gloves","Abyssal Conduit","","Level 8 :","Rack and Ruin","Lore Warp","Level 23 :","Warp Buffer","","Level 43 :","Mind Siege","Heavy Armour Proficiency","","Accessory 2","Chains of Domination / Experimental Psy-Amplifier / Bead of Might / Commander's Chrono / Mysterious Sliver","","Level 8 :","Athletics","Shearing Strikes","Level 23 :","Athletics","Allout","Level 43 :","Breaking Attack","Fire Within","","Accessory 2","Hand of Offence / Chains of domination / Bead of Might","","Level 8 :","Awareness","Hymns of Hatred","Level 23 :","Deadly Calculation","","Level 43 :","Backdraft","Burning Blood","","Accessory 2","Notes on Weaknesses / Hand of Offence / Chirugen's manuel / Knuckle Guard / Chains of Domination","","Level 8 :","Inspiring speech","Commerce","Level 23 :","Unwavering Motivation","Commerce","Level 43 :","Stronghold","Still Mind","","Accessory 2","Spirit Drape / Chains of Domination","","","","","","","","","","","","","","","","","","","","","","","","","","","","","","","","","","","","","","",""
"","Level 9 :","Finest Hour IV","","Level 24 :","Willpower","Psyker Terminus","Level 44 :","Persuasion","Eager Subordinates","","Boots","Boots of Decay / Pneumo Boots / Fencing Boots","","Level 9 :","Finest Hour IV","","Level 24 :","Willpower","Psyker Terminus","Level 44 :","Lore Imperium / Coercion","Eager Subordinates","","Boots","Psyker's Footware / Boots of Decay / Battle Psyker's Boots","","Level 9 :","Firearm Mastery I","","Level 24 :","Agility","Psyker Terminus","Level 44 :","Demolition","Extermination","","Gloves","Abyssal Conduit","","Level 9 :","Daring Breach II","","Level 24 :","Agility","Psyker Terminus","Level 44 :","Carouse","Destroyer *","","Gloves","Augmented Gloves / Adaptive Gloves / Inevietable Demise / Metal Claw Gloves","","Level 9 :","Death Waltz II","","Level 24 :","Agility","Psyker Terminus","Level 44 :","Awareness","Malign Influence","","Gloves","Riposte Gauntlets / Augmented Gloves / Executioner's Gloves /Gloves of Rapid Desolation / Metal claw gloves","","Level 9 :","Finest Hour IV","","Level 24 :","Fellowship","Psyker Terminus","Level 44 :","Persuasion / Coercion","Eager Subordinates","","Gloves","Abyssal Conduit / Gloves of Rapid Desolation / Compensator Gloves","","","","","","","","","","","","","","","","","","","","","","","","","","","","","","","","","","","","","","",""
"","Level 10 :","Lore Imperium / Coercion","Willpower","Level 25 :","Psy-Resonator","","Level 45 :","Ap +1","","","Weapon Set 1","Bloodrinker Staff","","Level 10 :","Lore Imperium / Coercion","Intelligence","Level 25 :","Critical Zone","","Level 45 :","Ap +1","","","Weapon Set 1","Detachment from Death / Staff of Mindsight / Blooddrinker Staff","","Level 10 :","Swift Slaughter","Willpower","Level 25 :","Psy-Resonator","","Level 45 :","AP +1","","","Boots","Boots of Decay / Battle Psyker's Boots / Psyker's Footware","","Level 10 :","Desolation","Agility","Level 25 :","Adaptability","","Level 45 :","AP +1","","","Boots","Void Veteran Boots / Enforcer Light boots / Inertia Boots / Fencing Boots / stalking boots","","Level 10 :","Dance Partners","Agility","Level 25 :","Lethality Heightens","","Level 45 :","AP +1","","","Boots","Inertia Boots / Void Veteran Boots / Pneumo Boots / Fencing Boots","","Level 10 :","Persuasion / Coercion","Fellowship","Level 25 :","Joint Offensive","","Level 45 :","Ap +1","","","Boots","Boots of Decay / Caligae of Saint Keefe / Commissar Boots","","","","","","","","","","","","","","","","","","","","","","","","","","","","","","","","","","","","","","",""
"","Level 11 :","Steel Resolve","Willpower","Level 26 :","Willpower","Lore Imperium / Coercion","Level 46 :","No Respite","Persuasion","","","","","Level 11 :","Focus","Intelligence","Level 26 :","Intelligence","Lore Warp / Persuasion","Level 46 :","No Respite","Lore Imperium / Coercion","","","","","Level 11 :","Sensory Deprivation","Lore Warp","Level 26 :","Agility","Lore Warp","Level 46 :","Psalms of Heroes","Demolition","","Weapon Set 1","Solar Staff / Staff of Mindsight / Detachment from Death /  Staff of Shock and Awe","","Level 11 :","Orchestrate flame","Body of Flames","Level 26 :","Athletics","Agility","Level 46 :","Crowd Kill","Carouse","","Weapon Set 1","Immaterium's Channeller / The Distortion / Incinerator","","Level 11 :","Shield of the Emperor","Sweeping Motions","Level 26 :","Agility","Medicae","Level 46 :","Duellist","Awareness","","Weapon Set 1","Awakened Nightmare / Immaterium's Channeller","","Level 11 :","Focus!","Fellowship","Level 26 :","Commerce","Fellowship","Level 46 :","Personal Oversight","Persuasion / Coercion","","Weapon Set 1","Sworn Protector","","","","","","","","","","","","","","","","","","","","","","","","","","","","","","","","","","","","","","",""
"","Level 12 :","Air of Authority","Second Sight","Level 27 :","Overcharge III","","Level 47 :","Blood of Martyrs","Medicae","","Weapon Set 2","Sanctified Staff","","Level 12 :","Sensory Deprivation","Second Sight","Level 27 :","Take and Hold IV","","Level 47 :","Blood of Martyrs","Medicae","","Weapon Set 2","Sanctified Staff / Staff of Shock and Awe / Staff of the Righteous Pyre","","Level 12 :","Agility","Backdraft","Level 27 :","Overcharge II","","Level 47 :","Hymns of Hatred","Medicae","","","","","Level 12 :","Agility","Carouse","Level 27 :","Steady Superiority IV","","Level 47 :","Ramming Speed","Medicae","","","Sacrifice / Veilrender / Cursebringer","","Level 12 :","Agility","Awareness","Level 27 :","Dispatch II","","Level 47 :","It Takes Two","Demolition","","","Veilrender / Sacrifice","","Level 12 :","Shield of the emperor","Second Sight","Level 27 :","Orchestrated Firestorm II","","Level 47 :","No Respite","Medicae","","","","","","","","","","","","","","","","","","","","","","","","","","","","","","","","","","","","","","","","","",""
"","Level 13 :","Inspiring speech","Lore Imperium / Coercion","Level 28 :","Castigating Echoes","Adrenaline Surge","Level 48 :","Edge of Dawn","Willpower","","","","","Level 13 :","Steel Resolve","Lore Imperium / Coercion","Level 28 :","Pain Channelling","Toughness","Level 48 :","Aftershock","Intelligence","","","","","Level 13 :","Fortress","Pain Channelling","Level 28 :","Castigating Echoes","Psychic Barrage","Level 48 :","Edge of Dawn","Agility","","Weapon Set 2","Sanctified Staff / Solar Staff / Staff of the Righteous Pyre","","Level 13 :","Blade Flurry","Carouse","Level 28 :","Carouse","Critical Versatility","Level 48 :","Preferred Targets","Agility","","Weapon Set 2","Well-Maintained Rocksaw / Solar Staff","","Level 13 :","Blade of Light","Carouse","Level 28 :","Still Mind","Disarray","Level 48 :","Fire Within","Agility","","Weapon Set 2","Sanctified Staff / Bloodrinker Staff / Well-Maintained Rocksaw","","Level 13 :","Steel Resolve","Persuasion / Coercion","Level 28 :","Against All Odds","","Level 48 :","Undisputed Advantage","Fellowship","","Weapon Set 2","Sanctified Staff","","","","","","","","","","","","","","","","","","","","","","","","","","","","","","","","","","","","","","",""
"","Level 14 :","Toughness","Psyker Majoris","Level 29 :","Toughness","Persuasion","Level 49 :","Toughness","Medicae","","Pet","Grave Chill / Life Emanations","","Level 14 :","Ballistic Skill","Psyker Majoris","Level 29 :","Toughness","Lore Imperium / Coercion","Level 49 :","Ballistic Skill","Medicae","","","","","Level 14 :","Pysker Majoris","Demolition","Level 29 :","Agility","Demolition","Level 49 :","Ballistic Skill","Medicae","","","","","Level 14 :","Toughness","Psyker Majoris","Level 29 :","Toughness","Characteristic Training: Per","Level 49 :","Willpower","Medicae","","","","","Level 14 :","Willpower","Bloody Requiem","Level 29 :","Perception","Awareness","Level 49 :","Perception","Demolition","","","","","Level 14 :","Willpower","Psyker Majoris","Level 29 :","Persuasion / Coercion","Willpower","Level 49 :","Willpower","Medicae","","","","","","","","","","","","","","","","","","","","","","","","","","","","","","","","","","","","","","","","","",""
"","Level 15 :","Finest Hour I","","Level 30 :","Strategic Adaptation","","Level 50 :","Eager for Battle","Iron Discipline","","","","","Level 15 :","Finest Hour I","","Level 30 :","Blitz Stratagem","","Level 50 :","Degraded Defence","Sacred Rituals","","","","","Level 15 :","Firearm Mastery IV","","Level 30 :","Sanctic Powers","","Level 50 :","Cataclysm / Vital Points","Integrity / Alacrity","","Pet","Blessing of the Immaterium / Harbinger of Death / Immaterium Shroud / Ether Wind / Feat of Suffering","","Level 15 :","Daring Breach IV","","Level 30 :","Inflame","","Level 50 :","Peak Condition","Relentless Blaze","","","","","Level 15 :","Death Waltz III","","Level 30 :","Sword of Faith","","Level 50 :","Peak Condition","Escape Artist","","","","","Level 15 :","Finest Hour I","","Level 30 :","Psychic Barrage","Hammer of the emperor","Level 50 :","Degraded Defence","Heroism","","","","","","","","","","","","","","","","","","","","","","","","","","","","","","","","","","","","","","","","","",""
"","","","","Level 31 :","Brother-In-Arms","Warp Saturation","Level 51 :","Subtle Manipulation","Medicae","","","","","","","","Level 31 :","Opening Strategy","Weak Hearts","Level 51 :","Mind Siege / Edge of Dawn","Medicae","","","","","","","","Level 31 :","Brother-In-Arms","Subtle Manipulation","Level 51 :","External Glory","Medicae","","","","","","","","Level 31 :","Dismantle","","Level 51 :","Backdraft","Medicae","","","","","","","","Level 31 :","Psalms of Heroes","Seize the Advantage","Level 51 :","Killing Spree","Demolition","","","","","","","","Level 31 :","Personal Involvement","","Level 51 :","In The Hero's Footsteps","Medicae","","","","","","","","","","","","","","","","","","","","","","","","","","","","","","","","","","","","","","","","","",""
"","","","","Level 32 :","Toughness","Persuasion","Level 52 :","Leader's Assault","Corpus Conversion","","","","","","","","Level 32 :","Lore Imperium / Coercion","Ballistic Skill","Level 52 :","Inspire Courage","Mind Thief / Sanctified Slayer","","","","","","","","Level 32 :","Ballistic Skill","Demolition","Level 52 :","Suppression Factor","Second Sight","","","","","","","","Level 32 :","Perception","Carouse","Level 52 :","Open Engagement","Still Mind","","","","","","","","Level 32 :","Awareness","","Level 52 :","Body of Flames","Relentless Blaze","","","","","","","","Level 32 :","Willpower","Persuasion / Coercion","Level 52 :","Hymns of Hatred","Edge of Dawn","","","","","","","","","","","","","","","","","","","","","","","","","","","","","","","","","","","","","","","","","",""
"","","","","Level 33 :","Master's Patronage","","Level 53 :","Hammer of the Emperor","Toughness","","","","","","","","Level 33 :","Ballistic Skill","Strongpoint","Level 53 :","Warp Speed 
 / Hammer of the Emperor","Ballistic Skill","","","","","","","","Level 33 :","Enhanced Augmetics","","Level 53 :","Hammer of the Emperor","Ballistic Skill","","","","","","","","Level 33 :","Distract","Perception","Level 53 :","Reckless Strike","Willpower","","","","","","","","Level 33 :","Imminent Demise","Perception","Level 53 :","Orchestrate Flame","Perception","","","","","","","","Level 33 :","Brick of Death","","Level 53 :","Fervour","Willpower","","","","","","","","","","","","","","","","","","","","","","","","","","","","","","","","","","","","","","","","","",""
"","","","","Level 34 :","Psyker Extremis","","Level 54 :","Degraded Defence","Deterioration","","","","","","","","Level 34 :","Psyker Extremis","","Level 54 :","Combat Meditation","Adrenaline Surge / Eternal Glory","","","","","","","","Level 34 :","Psyker Extremis","","Level 54 :","Contagion","Still Mind","","","","","","","","Level 34 :","Perception","Psyker Extremis","Level 54 :","Extermination","Accustomed to Glory","","","","","","","","Level 34 :","Psyker Extremis","","Level 54 :","Eager for Battle","Eternal Glory","","","","","","","","Level 34 :","Willpower","Psyker Extremis","Level 54 :","Extermination","Seize the Initiative","","","","","","","","","","","","","","","","","","","","","","","","","","","","","","","","","","","","","","","","","",""
"","","","","Level 35 :","Overcharge I","","Level 55 :","Ap +1","","","","","","","","","Level 35 :","Take and Hold III","","Level 55 :","Ap +1","","","","","","","","","Level 35 :","Overcharge I","","Level 55 :","AP +1","","","","","","","","","Level 35 :","Steady Superiority II","","Level 55 :","AP +1","","","","","","","","","Level 35 :","Dispatch III","","Level 55 :","AP +1","","","","","","","","","Level 35 :","Orchestrated Firestorm III","","Level 55 :","Ap +1","","","","","","","","","","","","","","","","","","","","","","","","","","","","","","","","","","","","","","","","","","",""
"","The Dark Judge","","","","","","","","","","Skill Options","","","Judge Death","","","","","","","","","","Skill Options","","","Pain Machine","","","","","","","","","","Gear to consider","","","","","","","","","","","","","","","","","","","","","","","","","","","","","","","","","","","","","","","","","","","","","","","","","","","","","","","","","","","","","","","","","","","","","","","","","","","","","","",""
"","Fortress World - Arbitrator (Vigilant) - Warrior - Weapon Skill +2 / Strength +2 / Toughness +2 (Heretic In Prologue Gives Corrupted Inferno Pistol, Useful until foehammers and shotguns)","","","","","","","","","","Athletics / Coercion / Carouse","","","Fortress World - Arbitrator (Castigator) - Operative - Ballistic Skill +2 / Agillity +2 / Intelligence +1 / Perception +1","","","","","","","","","","Awareness / Logic / Tech-Use / Lore Impeium / Lore Xenos / Medicae","","","Fortress world - Pysker Pyromancer - BS 2 / Perception 2 / Agility 2","","","","","","","","","","Helm","Gunslinger's Helm","","","","","","","","","","","","","","","","","","","","","","","","","","","","","","","","","","","","","","","","","","","","","","","","","","","","","","","","","","","","","","","","","","","","","","","","","","","","","",""
"","Warrior","","","Arch-Militant","","","Exemplar","","","","","","","Operative","","","Bounty Hunter","","","Exemplar","","","","","","","Soldier","","","Arch-Militant","","","Exemplar","","","","Armour","Artificer Power Armour","","","","","","","","","","","","","","","","","","","","","","","","","","","","","","","","","","","","","","","","","","","","","","","","","","","","","","","","","","","","","","","","","","","","","","","","","","","","","",""
"","Level 1 :","Charge","","Level 16 :","Versitility","","Level 36 :","Eagar for battle *","Easy Target","","","","","Level 1 :","Analyse Enemies","","Level 16 :","Hunt Down The Prey","","Level 36 :","Eager for Battle","Passive Learning","","","","","Level 1 :","Run and Gun","","Level 16 :","Versatility","","Level 36 :","Peak Condition","Rack and Ruin","","Cloak","Backpack with Armour Piercing Ammo","","","","","","","","","","","","","","","","","","","","","","","","","","","","","","","","","","","","","","","","","","","","","","","","","","","","","","","","","","","","","","","","","","","","","","","","","","","","","",""
"","Level 2 :","Medicae","","Level 17 :","Wildfire","","Level 37 :","Coercion","Armsmaster","","Gear to consider","","","Level 2 :","Medicae","","Level 17 :","Claim the Bounty","","Level 37 :","Awareness","Withdraw","","Gear to consider","","","Level 2 :","Medicae","","Level 17 :","Wilfire","","Level 37 :","Awareness","Contempt for the weak","","Neck","Dog Tags / Fury Incarnate / Focus Incense / Ruby Splash Necklace","","","","","","","","","","","","","","","","","","","","","","","","","","","","","","","","","","","","","","","","","","","","","","","","","","","","","","","","","","","","","","","","","","","","","","","","","","","","","",""
"","Level 3 :","Endure","","Level 18 :","Always Ready","","Level 38 :","Weapon Skill","The Steady Hand of Justice","","Helm","Adeptus Arbites Helmet / Steel Guidance / Commissar Cap","","Level 3 :","Expose Weakness","","Level 18 :","Hunter's Ambush","","Level 38 :","Ballistic Skill","Grenadier","","Helm","Lingering Whisper / Steel Guidance / Commissar Cap / Meragon Helmet / Self-Calibrating Goggles / Self-Calibrating Helm","","Level 3 :","Revel in Slaughter","","Level 18 :","Always Ready","","Level 38 :","Ballistic Skill","Power Armour Proficiency","","Accessory 1","Demolition Instructions / Echo of Victory","","","","","","","","","","","","","","","","","","","","","","","","","","","","","","","","","","","","","","","","","","","","","","","","","","","","","","","","","","","","","","","","","","","","","","","","","","","","","",""
"","Level 4 :","Daring Breach","Crowd Kill","Level 19 :","Steady Superiority","","Level 39 :","Grisly Adjudication","Coercion","","Armour","Arbitrator Solomon Vhyr's Armour / Marshal's Armour of the Koronus Expanse / Adherent of Mankind / Invincible Onsalught Armour","","Level 4 :","Dismantling","Uncanny Sight","Level 19 :","Wild Hunt","","Level 39 :","Joint Analysis","Awareness","","Armour","Commissar Flak Breastplate / [Hive world Origin] Voidsmen Armour","","Level 4 :","Firearm Mastery","Muzzle Velocity","Level 19 :","Steady Superiority","","Level 39 :","Controlled Shot","Awareness","","Accessory 2","Bead of might / Iron Cape / Harlequin Trinket","","","","","","","","","","","","","","","","","","","","","","","","","","","","","","","","","","","","","","","","","","","","","","","","","","","","","","","","","","","","","","","","","","","","","","","","","","","","","",""
"","Level 5 :","Thick Skin","Weapon Skill","Level 20 :","AP +1","Weapon Skill","Level 40 :","Degraded Defence","Contempt for the weak","","Cloak","Malpain Shroud / Swashbuckler Cloak / Arch-Militan Cape / Dimensional Traveller Cloak / Von Valancius Cloak","","Level 5 :","Ballistic Skill","Never Stop Believing","Level 20 :","AP +1 - Ballistic Skill","Lawful Intervention","Level 40 :","Degraded Defence","Inspiring Trophy","","Cloak","Shadowguide Cloak / Von Valancius Cloak","","Level 5 :","Ballistic Skill","Rapid Reload","Level 20 :","Ap +1","Ballistic Skill","Level 40 :","Degraded Defence","Distract","","Gloves","Compensator Gloves / Marksman Bracers","","","","","","","","","","","","","","","","","","","","","","","","","","","","","","","","","","","","","","","","","","","","","","","","","","","","","","","","","","","","","","","","","","","","","","","","","","","","","",""
"","Level 6 :","Forceful Strike","Coercion","Level 21 :","Broad Expertise","Weapon Skill","Level 41 :","Weapon Skill","Open Engagement","","Neck","Invigorating Resolve / Fury Incarnate / Aquila Pendant","","Level 6 :","Tide of Excellence","Ballistic Skill","Level 21 :","Ballistic Skill","Hunting Surge","Level 41 :","Ballistic Skill","Ballistics Calculation","","Neck","Synaptic Coagulator","","Level 6 :","Ballistic Skill","Rapid Fire","Level 21 :","Heavy Gunner","Ballistic Skill","Level 41 :","Ballistic Skill","Enough Bullets for Everyone","","Boots","Inertia Boots / Caligae of Saint Keefe / Sororitas Boots","","","","","","","","","","","","","","","","","","","","","","","","","","","","","","","","","","","","","","","","","","","","","","","","","","","","","","","","","","","","","","","","","","","","","","","","","","","","","",""
"","Level 7 :","Weapon Skill","Never Stop Believing","Level 22 :","Reckless Rush","Dual-Weapon Combat","Level 42 :","Kick ","Toughness","","Accessory 1","Echo of Victory / Hellbrute Horn Trophy / Iron Cape","","Level 7 :","That's an Order!","Awareness","Level 22 :","Cull the bold","","Level 42 :","In the Name of the Lex Imperialis!","Perception","","Accessory 1","Long Range Lens / Vid-Capture Relay / Armour-Piercing Ammo / Meragon Ring","","Level 7 :","Perception","Familiar Kickback","Level 22 :","Reckless Rush","Breaking Point","Level 42 :","Kick","Perception","","Weapon Set 1","Violent Splinter Cannon / Life Sunderer","","","","","","","","","","","","","","","","","","","","","","","","","","","","","","","","","","","","","","","","","","","","","","","","","","","","","","","","","","","","","","","","","","","","","","","","","","","","","",""
"","Level 8 :","Coercion","Hardened Scars","Level 23 :","Coercion","Allout","Level 43 :","Martial Art","Familiar Kickback","","Accessory 2","Bead of Might / Bayonet Chain Knife  / Knuckle Guard","","Level 8 :","Sharpshooter","Liturgy of Insulation","Level 23 :","Flay the bold","Awareness","Level 43 :","Pierce the Armour","Public Sentencing","","Accessory 2","Bead of Might / Portative Manipulator / Prey Scanner / Target Designator / Armour-Piercing Ammo","","Level 8 :","Unfaltering Fire","Demolition","Level 23 :","Demolition","All out","Level 43 :","Ingenious","Poetry of Pain","","","","","","","","","","","","","","","","","","","","","","","","","","","","","","","","","","","","","","","","","","","","","","","","","","","","","","","","","","","","","","","","","","","","","","","","","","","","","","","","",""
"","Level 9 :","Daring Breach II","","Level 24 :","Toughness","Shotgun Mastery","Level 44 :","Athletics","Destroyer *","","Gloves","Relished Anquish / Augmented Gloves / Metal Claw Gloves","","Level 9 :","Dismantling III","Awareness","Level 24 :","Perception","Law and Order","Level 44 :","Coercion","Deathdealer","","Gloves","Marksman Bracers / Inevitable Demise / Deflection Gloves","","Level 9 :","Firearm Mastery II","","Level 24 :","Perception","Overpower","Level 44 :","Awareness","Eagar for Battle","","Weapon Set 2","Pitch-Black Desolator / Crucible of Torment / Gaze of the Void","","","","","","","","","","","","","","","","","","","","","","","","","","","","","","","","","","","","","","","","","","","","","","","","","","","","","","","","","","","","","","","","","","","","","","","","","","","","","",""
"","Level 10 :","Opening Strike","Strength","Level 25 :","Flashfire","","Level 45 :","AP +1","","","Boots","Enforcer Light Boots / Inertia Boots / Void Veteran Boots / Pneumo Boots","","Level 10 :","Coercion","Intelligence","Level 25 :","Heightened Concentration","","Level 45 :","AP +1","","","Boots","Sharpshooter Boots","","Level 10 :","Fired Up","Agility","Level 25 :","Flash Fire","","Level 45 :","AP +1","","","","","","","","","","","","","","","","","","","","","","","","","","","","","","","","","","","","","","","","","","","","","","","","","","","","","","","","","","","","","","","","","","","","","","","","","","","","","","","","","",""
"","Level 11 :","Reckless Strike","Heavy Armour Proficiency","Level 26 :","Coercion","Toughness","Level 46 :","Armour-Piercing","Athletics","","Weapon Set 1","Coffinmaker's Sledge / Torturer / Bonebreaker Maul","","Level 11 :","Fresh Target","Coercion","Level 26 :","Awareness","Perception","Level 46 :","Combat Insight","Coercion","","Weapon Set 1","Corpuscarii Oath / Arc Rifle Mindstorm","","Level 11 :","Concentrated Fire","Demolition","Level 26 :","Demolition","Perception","Level 46 :","Point-Blank","Demolition","","","","","","","","","","","","","","","","","","","","","","","","","","","","","","","","","","","","","","","","","","","","","","","","","","","","","","","","","","","","","","","","","","","","","","","","","","","","","","","","",""
"","Level 12 :","Toughness","Athletics","Level 27 :","Steady Superiority IV","","Level 47 :","Desolation","Medicae","","","Advanced Adeptus Arbites Shotgun / Scoped Shotgun / [Sol-Pattern] Shotgun / Double Barrel Shotgun","","Level 12 :","Perfect Spot","Overclocking Module","Level 27 :","Wild Hunt II","","Level 47 :","Familiar Kickback","Lore Imperium","","","","","Level 12 :","Strength","Never stop Believing","Level 27 :","Steady Superiority IV","","Level 47 :","Demolition Engineer","Demolition","","","","","","","","","","","","","","","","","","","","","","","","","","","","","","","","","","","","","","","","","","","","","","","","","","","","","","","","","","","","","","","","","","","","","","","","","","","","","","","","",""
"","Level 13 :","Impetus","Athletics","Level 28 :","Athletics","Adaptability","Level 48 :","Exploit Weakness","Toughness","","Weapon Set 2","Bonecracker / Well-Maintaned Rocksaw / Restless Absolution / [Mars-Pattern] Thunder Hammer / Piety's Charge","","Level 13 :","Sniper Expertise","Perception","Level 28 :","Savour the kill","","Level 48 :","Guidance","Perception","","Weapon Set 2","Advanced Adeptus Arbites Shotgun / Scoped Shotgun / [Sol-Pattern] Shotgun / Double Barrel Shotgun","","Level 13 :","Swift Slaughter","Melting Armour","Level 28 :","Awareness","Adaptability","Level 48 :","Exploit Weakness","Perception","","","","","","","","","","","","","","","","","","","","","","","","","","","","","","","","","","","","","","","","","","","","","","","","","","","","","","","","","","","","","","","","","","","","","","","","","","","","","","","","",""
"","Level 14 :","Toughness","Law and Order","Level 29 :","Strength","Characteristic Training: PER","Level 49 :","Strength","Medicae","","","","","Level 14 :","Perception","Residual Charge","Level 29 :","Coercion","Intelligence","Level 49 :","Intelligence","Lore Imperium","","","","","Level 14 :","Heavy Weapon Proficiency","Awareness","Level 29 :","Perception","Lore Xenos","Level 49 :","Agility","Medicae","","","","","","","","","","","","","","","","","","","","","","","","","","","","","","","","","","","","","","","","","","","","","","","","","","","","","","","","","","","","","","","","","","","","","","","","","","","","","","","","",""
"","Level 15 :","Daring Breach IV","","Level 30 :","Devastating Attack","","Level 50 :","Peak Condition","Ramming Speed","","","","","Level 15 :","Dismantling II","","Level 30 :","Spare Magazine","Hot on the trail","Level 50 :","Masterful Display / Vital Points","Weak Body, Weak Soul","","","","","Level 15 :","Firearm Mastery III","","Level 30 :","Devastating Attack","","Level 50 :","Extermination","Integrity / Alacrity","","","","","","","","","","","","","","","","","","","","","","","","","","","","","","","","","","","","","","","","","","","","","","","","","","","","","","","","","","","","","","","","","","","","","","","","","","","","","","","","",""
"","","","","Level 31 :","Breaking Attack","","Level 51 :","Distract","Medicae","","","","","","","","Level 31 :","Trail and Shatter","","Level 51 :","Guresome Kill","Lore Imperium","","","","","","","","Level 31 :","Breaking Attack","","Level 51 :","Preferred Targets","Medicae","","","","","","","","","","","","","","","","","","","","","","","","","","","","","","","","","","","","","","","","","","","","","","","","","","","","","","","","","","","","","","","","","","","","","","","","","","","","","","","","",""
"","","","","Level 32 :","Perception","Athletics","Level 52 :","Preferred Targets","Mob Justice / Power Armour","","","","","","","","Level 32 :","Intelligence","Coercion","Level 52 :","Pillar of the Law","Mob Justice","","","","","","","","Level 32 :","Agility","Awareness","Level 52 :","Dismantle","Fire within","","","","","","","","","","","","","","","","","","","","","","","","","","","","","","","","","","","","","","","","","","","","","","","","","","","","","","","","","","","","","","","","","","","","","","","","","","","","","","","","",""
"","","","","Level 33 :","Critical Versatility","Perception","Level 53 :","Sworn Enemy","Strength","","","","","","","","Level 33 :","Expert Finesse","","Level 53 :","Piercing Shot","Intelligence","","","","","","","","Level 33 :","Critical Versatility","Agility","Level 53 :","Entrench","Agility","","","","","","","","","","","","","","","","","","","","","","","","","","","","","","","","","","","","","","","","","","","","","","","","","","","","","","","","","","","","","","","","","","","","","","","","","","","","","","","","",""
"","","","","Level 34 :","Perception","Public Sentencing","Level 54 :","Extermination","Accustomed to Glory","","","","","","","","Level 34 :","Armour-Peircing","","Level 54 :","Deadly Aim / Extermination","Pierce and Ruin","","","","","","","","Level 34 :","Agility","Drukhari Weapon Proficiency","Level 54 :","Deadly Aim / Vital Points","Accustomed to Glory","","","","","","","","","","","","","","","","","","","","","","","","","","","","","","","","","","","","","","","","","","","","","","","","","","","","","","","","","","","","","","","","","","","","","","","","","","","","","","","","",""
"","","","","Level 35 :","Steady Superiority II","","Level 55 :","AP +1","","","","","","","","","Level 35 :","Wild Hunt III","","Level 55 :","AP +1","","","","","","","","","Level 35 :","Steady Superiority II","","Level 55 :","AP +1","","","","","","","","","","","","","","","","","","","","","","","","","","","","","","","","","","","","","","","","","","","","","","","","","","","","","","","","","","","","","","","","","","","","","","","","","","","","","","","","","",""
"","Keeping Three Eyes on You - Voidborn - Navigator (Open Gate)  - Operative - +2 Int / +2 Per / +2 WP","","","","","","","","","","Skill Options","","","Muscle Mage (Build for using the psyker staff bugs that count their powers as melee attacks)","","","","","","","","","","Skill Options","","","Revan the Pyromancer (Fire Tsunami designed for pyromancy staff secondary)","","","","","","","","","","Skill Options","","","Sword Saint","","","","","","","","","","Skill Options","","","Gunslinger Executioner","","","","","","","","","","Skill Options","","","Shells and Prayers","","","","","","","","","","Skill Options","","","","","","","","","","","","","","","","","","","","","","","","","","","","","","","","","","","","","","","",""
"","Kick Cassia off the ship and you can make a custom navigator. You monster, you!","","","","","","","","","","Lore Warp / Awareness","","","Fortress World - Sanctioned Psyker (Pyromancer) - Warrior - Weapon Skill +2 / Agility +2 / Willpower +2","","","","","","","","","","Athletics / Demolition - lower difficulties / Lore Warp / Carouse","","","Death World - Sanctioned Psyker Pyromancer - +2 WS / +2 AGL / +2 PER","","","","","","","","","","Medicae / Demolition","","","Imperial World (Fellowship) - Sanctioned Psyker (Sanctic) - Bladedancer - Weapon Skill +2 / Agility +2 / Perception +2","","","","","","","","","","Medicae / Awareness / Lore Warp / Lore Imperium (fellowship item)","","","Fortress World - Sanctioned Psyker (Biomancer) - Operative - Ballistic Skill +2 / Agility +2 / Intelligence +1 / Perception +1","","","","","","","","","","Medicae / Awareness / Lore Warp / Lore Xenos / Lore Imperium","","","Fortress World - Sanctioned Psyker (Sanctic) - Soldier - Ballistic Skill +2 / Agility +2 / Perception +1 / Fellowship +1","","","","","","","","","","Awareness / Demolition","","","","","","","","","","","","","","","","","","","","","","","","","","","","","","","","","","","","","","","",""
"","Operative","","","Grand Strategist","","","Exemplar","","","","","","","Warrior","","","Arch-Militant","","","Exemplar","","","","","","","Blade Dancer","","","Executioner","","","Exemplar","","","","","","","Blade Dancer","","","Master Tactician","","","Exemplar","","","","","","","Operative","","","Executioner","","","Exemplar","","","","","","","Soldier","","","Master Tactician","","","Exemplar","","","","","","","","","","","","","","","","","","","","","","","","","","","","","","","","","","","","","","","","","","","",""
"","Level 1 :","Analyse Enemies","","Level 16 :","Combat Tactics","","Level 36 :","Eager for Battle","Ballistics Calculation","","Gear to consider","","","Level 1 :","Charge","","Level 16 :","Versitility","","Level 36 :","Eager for battle *","Thick Skin","","","","","Level 1 :","Blade Dance","","Level 16 :","Forced Repentance","Scourging Strike + Where it hurts","Level 36 :","Eager for Battle *","Rising Tempo","","","","","Level 1 :","Blade Dance","","Level 16 :","Tactical Advantage","Press The Advantage","Level 36 :","Eager for Battle *","Guillotine","","","","","Level 1 :","Analyse Enemies","","Level 16 :","Forced Repentance","Scourging Strike + Where it hurts","Level 36 :","Eager for Battle","Adrenaline Surge","","","","","Level 1 :","Run and Gun","","Level 16 :","Tactical Advantage","Press The Advantage","Level 36 :","Eagar for Battle","Rack and Ruin","","","","","","","","","","","","","","","","","","","","","","","","","","","","","","","","","","","","","","","","","",""
"","Level 2 :","Medicae","","Level 17 :","Point of Curiosity","","Level 37 :","Awareness","Strongpoint","","Helm","Arch-Strategist's Visor / Great Librarian Glasses / Lingering Whisper","","Level 2 :","Medicae","","Level 17 :","Wildfire","","Level 37 :","Athletics","Exploit Weakness","","Gear to consider","","","Level 2 :","Medicae","","Level 17 :","Biomancy","","Level 37 :","Medicae","All-Encompassing Agony","","Gear to consider","","","Level 2 :","Medicae","","Level 17 :","Linchpin","","Level 37 :","Medicae","Stacking the Deck","","Gear to consider","","","Level 2 :","Medicae","","Level 17 :","Pain Resonance","","Level 37 :","Medicae","Maddening Flames","","Gear to consider","","","Level 2 :","Medicae","","Level 17 :","Linchpin","","Level 37 :","Awareness","Undisputed Advantage","","Gear to consider","","","","","","","","","","","","","","","","","","","","","","","","","","","","","","","","","","","","","","","",""
"","Level 3 :","Expose Weakness","","Level 18 :","Improvised Strategy","","Level 38 :","Willpower","Open to the Warp / Base Skill: Lore Warp","","Armour","Slick Bodyglove","","Level 3 :","Endure","","Level 18 :","Always Ready","","Level 38 :","Weapon Skill","Psychic Barrage","","Helm","Eyes of Joyeuse / Ghost Helm","","Level 3 :","Death From Above","","Level 18 :","Anatomy Expert","","Level 38 :","Weapon Skill","Blade of Light","","Helm","Eyes of Joyeuse / Carmine Crown / Mechanicus Respirator","","Level 3 :","Death from above","","Level 18 :","Reliance","","Level 38 :","Weapon Skill","Psyker Extremis","","Helm","Eyes of Joyeuse / Face of The Sovereign / Ancient Terra Monocle","","Level 3 :","Expose Weakness","","Level 18 :","Sower of Distress","","Level 38 :","Ballistic Skill","Poetry of Pain","","Helm","Carmine Crown / Eyes of Joyeuse / Mechanicus Respirator","","Level 3 :","Revel in Slaughter","","Level 18 :","Reliance","","Level 38 :","Ballistic Skill","Hail of Steel","","Helm","Eyes of Joyeuse / Ghost Helm / Commissar Cap","","","","","","","","","","","","","","","","","","","","","","","","","","","","","","","","","","","","","","",""
"","Level 4 :","Dismantling","Uncanny Sight","Level 19 :","Take and Hold","","Level 39 :","Joint Analysis","Awareness","","Cloak","Cloak of Mercy","","Level 4 :","Daring Breach","Desolation","Level 19 :","Steady Superiority","","Level 39 :","Molten Beam","Athletics","","Armour","Psyker's Breast Plate","","Level 4 :","Death Waltz","Death Warden","Level 19 :","Carnival of Misery","","Level 39 :","Captive Audience","Medicae","","Armour","Armour of Hidden Promise / Psychic Bodyglove","","Level 4 :","Death Waltz","Death Warden","Level 19 :","Orchestrated Firestorm","","Level 39 :","Hammer of the Emperor","Medicae","","Armour","Armour of Hidden Promise / [Death World Origin] Enforcer's Light carapace","","Level 4 :","Dismantling Attack","Uncanny Sight","Level 19 :","Carnival of Misery","","Level 39 :","Joint Analysis","Medicae","","Armour","[Death World Origin] Enforcer Light Carapace / [Hive World Origin] Voidsmen Armour","","Level 4 :","Firearm Mastery","Muzzle Velocity","Level 19 :","Orchestrated Firestorm","","Level 39 :","Telepathy","Awareness","","Armour","[Hive World Origin] Voidsmen Armour / [Death World Origin] Enforcer's light carapace","","","","","","","","","","","","","","","","","","","","","","","","","","","","","","","","","","","","","","",""
"","Level 5 :","Willpower","Be Smart","Level 20 :","Ap +1","Willpower","Level 40 :","Degraded Defence","Fire at Will","","Neck","Daemon Tool / Aquila Pendant","","Level 5 :","Open Engagement","Agility","Level 20 :","AP +1","Weapon Skill","Level 40 :","Degraded Defence","Contempt for the Weak","","Cloak","Tactical Backpack","","Level 5 :","Psyker Minoris","Weapon Skill","Level 20 :","AP +1","Weapon Skill","Level 40 :","Degraded Defence","Deep Laceration","","Cloak","Malpain Shroud / Swashbuckler Cloak / Tactical Backpack","","Level 5 :","Psyker Minoris","Weapon Skill","Level 20 :","Ap +1","Weapon Skill","Level 40 :","Degraded Defence","Undesputed Advantage","","Cloak","Malpain Shroud / Bladedancer's Mantle / Swashbuckler Cloak","","Level 5 :","Ballistic Skill","Psyker Minoris","Level 20 :","AP +1","Ballistic Skill","Level 40 :","Degraded Defence","All-Encompassing Agony","","Cloak","Backpack With Armour-Piercing Ammo","","Level 5 :","Ballistic Skill","Rapid Reload","Level 20 :","Ap +1","Ballistic Skill","Level 40 :","Degraded Defence","Pain Channelling","","Cloak","Tempestus Carapace Elite Backpack / Tactical Backpack / Mercy's Gift","","","","","","","","","","","","","","","","","","","","","","","","","","","","","","","","","","","","","","",""
"","Level 6 :","Fresh Target","Willpower","Level 21 :","Pass Unscathed","Willpower","Level 41 :","Willpower","Comprehensive Analysis","","Accessory 1","Chains of Domination","","Level 6 :","Firestorm","Demolitions","Level 21 :","Broad Expertise","Weapon Skill","Level 41 :","Weapon Skill","Still Mind","","Neck","Starmist Scarf","","Level 6 :","Blood Oath","Medicae","Level 21 :","Weapon Skill","Biophysical Distortion","Level 41 :","Weapon Skill","Grand Performance","","Neck","Starmist Scarf / invigorating Resolve / The Vial of Falstow","","Level 6 :","Blood Oath","Medicae","Level 21 :","Weapon Skill","Joint Offensive","Level 41 :","Weapon Skill","Dance Partners","","Neck","Invigorating Resolve / Starmist Scarf / Chartist Pendant","","Level 6 :","Passive Learning","Ballistic Skill","Level 21 :","Ballistic Skill","Does it Hurt?","Level 41 :","Ballistic Skill","Hail of Steel","","Neck","Starmist Scarf / Synaptic Coagulator","","Level 6 :","Ballistic Skill","Rapid Fire","Level 21 :","Ballistic Skill","Joint Offensive","Level 41 :","Ballistic Skill","Enough Bullets for Everyone","","Neck","Onslaught Amulet / Starmist Scarf / Aquila Pendant / The Vial of Falstow","","","","","","","","","","","","","","","","","","","","","","","","","","","","","","","","","","","","","","",""
"","Level 7 :","Held in My Gaze","Lore Warp","Level 22 :","Combat Locus Stratagem","","Level 42 :","Waking Nightmare","Perception","","Accessory 2","Commander's Notes","","Level 7 :","Agility","Psyker Minoris","Level 22 :","Reckless Rush","Backdraft","Level 42 :","Sanctic Powers","Agility","","Accessory 1","Warp Surge brooch","","Level 7 :","Weapon Skill","Blood Rush","Level 22 :","Orchestrate Flame","","Level 42 :","Reckless Abandon","Agility","","Accessory 1","Hand of Offence / Voidborn's pride","","Level 7 :","Weapon Skill","Blood Rush","Level 22 :","Inspire","","Level 42 :","Sword of Faith","Agility","","Accessory 1","Warp Surge Brooch / Iron Cape","","Level 7 :","Tactical Knowledge","Medicae","Level 22 :","Warp Speed","","Level 42 :","Reckless Abandon","Perception","","Accessory 1","Pair Holster / Saint Cognatius's Scriptures","","Level 7 :","Agility","Never Stop Believing","Level 22 :","Inspire","","Level 42 :","Fervour","Agility","","Accessory 1","Warp Surge Brooch ","","","","","","","","","","","","","","","","","","","","","","","","","","","","","","","","","","","","","","",""
"","Level 8 :","Ebb and Flow","Eyes of Oblivion","Level 23 :","Awareness","Blood Augury","Level 43 :","Personal Combat Zone","Jinx / Advanced Skill: Warp","","Gloves","Thrice Pioneers Bracers / Grenadier's Gloves","","Level 8 :","Demolitions","Crowd Kill","Level 23 :","Demolitions","Allout","Level 43 :","Preferred Targets","Fire Within","","Accessory 2","Hand of Offence / Chains of Domination","","Level 8 :","Demolition","Wounded Beast","Level 23 :","Sower of Distress","Medicae","Level 43 :","Backdraft","Psyker Extremis","","Accessory 2","Warp Surge Brooch","","Level 8 :","Lore Warp / Lore Imperium","Edge of Dawn","Level 23 :","Unwavering Motivation","Medicae","Level 43 :","Personal Involvement","Psalms of Heroes","","Accessory 2","Hand of Offence / Saint Cognatius's Scriptures / Spirit Drape","","Level 8 :","Improved Tactics","Biophysical Distortion","Level 23 :","Anatomy Expert","Medicae","Level 43 :","Sickening Pain","Deterioration","","Accessory 2","Warp Surge Brooch","","Level 8 :","Unfaltering Fire","Awareness","Level 23 :","Unwavering Motivation","Awareness","Level 43 :","Personal Involvement","Psalms of Heroes","","Accessory 2","Chains of Domination / Iron Cape ","","","","","","","","","","","","","","","","","","","","","","","","","","","","","","","","","","","","","","",""
"","Level 9 :","Dismantling III","Lore Warp","Level 24 :","Perception","Tonicity","Level 44 :","Lore Warp","Malign Influence","","Boots","Soriritas Boots / Adrenaline Warboots","","Level 9 :","Daring Breach II","","Level 24 :","Strength","Psyker Terminus","Level 44 :","Demolitions","Peak Condition","","Gloves","Abyssal Conduit / (Augmented Gloves) / Inevitable Demise","","Level 9 :","Death Waltz II","","Level 24 :","Agility","Psyker Majoris","Level 44 :","Demolition","Destroyer *","","Gloves","The Hand of Avolius / Augmented Gloves /  Metal Claw Gloves","","Level 9 :","Death Waltz II","","Level 24 :","Agility","Blade of Light","Level 44 :","Lore Warp / Lore Imperium","Destroyer *","","Gloves","Augmented Gloves / Inevitable Demise","","Level 9 :","Dismantling III","Lore Warp / Xenos","Level 24 :","Intelligence","Psyker Terminus","Level 44 :","Lore Warp / Xenos","Extermination","","Gloves","Compensator Gloves / Gloves of Rapid Desolation / Hand of Avolius","","Level 9 :","Firearm Mastery II","","Level 24 :","Agility","Psyker Terminus","Level 44 :","Demolition","Extermination *","","Gloves","Compensator Gloves","","","","","","","","","","","","","","","","","","","","","","","","","","","","","","","","","","","","","","",""
"","Level 10 :","Awareness","Perception","Level 25 :","Mastery of Time","","Level 45 :","AP +1","","","Weapon Set 1","Warp Guide Staff / Astronomican Regalia","","Level 10 :","Easy Target","Weapon Skill","Level 25 :","Flashfire","","Level 45 :","AP +1","","","Boots","Inertia Boots / Boots of Decay","","Level 10 :","Dance Partners","Agility","Level 25 :","Master of Torture","","Level 45 :","AP +1","","","Boots","Inertia Boots / Void Veteran Boots","","Level 10 :","Escape Artist","Agility","Level 25 :","Against all Odds","","Level 45 :","AP +1","","","Boots","Inertia Boots / Void Veteran Boots","","Level 10 :","Lore Warp / Xenos","Intelligence","Level 25 :","Master of Torture","","Level 45 :","AP + 1","","","Boots","Inertia Boots","","Level 10 :","Fired Up","Agility","Level 25 :","Against All Odds","","Level 45 :","AP +1","","","Boots","Inertia Boots / Caligae of Saint Keefe / Sororitas Boots","","","","","","","","","","","","","","","","","","","","","","","","","","","","","","","","","","","","","","",""
"","Level 11 :","Mind Over Matter","Awareness","Level 26 :","Intelligence","Awareness","Level 46 :","Sharpshooter","Lore Warp","","","","","Level 11 :","Reckless Strike","Never Stop Believing","Level 26 :","Demolitions","Strength","Level 46 :","Edge of Dawn","Demolitions","","Weapon Set 1","Solar Staff","","Level 11 :","Acrobatic Artistry","Facing the End","Level 26 :","Agility","Medicae","Level 46 :","Duellist","Demolition","","Weapon Set 1","Incinerator","","Level 11 :","Acrobatic Artistry","Sweeping Motions","Level 26 :","Medicae","Agility","Level 46 :","Bloody Requiem","Lore Warp / Lore Imperium","","Weapon Set 1","The Distortion","","Level 11 :","Never Stop Believing","Lore Imperium","Level 26 :","Intelligence","Medicae","Level 46 :","Ballistics Calculation","Lore Warp / Xenos","","Weapon Set 1","Quick-Firing Laspistol","","Level 11 :","Shield of the Emperor","Awareness","Level 26 :","Awareness","Agility","Level 46 :","Camraderie","Demolition","","Weapon Set 1","Implacable Tempest / Sworn Protector / Necrontech Host Shot Lasgun","","","","","","","","","","","","","","","","","","","","","","","","","","","","","","","","","","","","","","",""
"","Level 12 :","Zone of Fear","Strange Vitality","Level 27 :","Take and Hold IV","","Level 47 :","Weak Body, Weak Soul","Medicae","","Weapon Set 2","Red Crystal Staff / Staff of Orsellio Novator","","Level 12 :","Weapon Skill","Athletics","Level 27 :","Steady Superiority IV","","Level 47 :","Hymns of Hatred","Medicae","","","","","Level 12 :","Agility","Demolition","Level 27 :","Carnival of Misery III","","Level 47 :","Relentless Blaze","Awareness","","","Cursebringer","","Level 12 :","Agility","Lore Warp / Lore Imperium","Level 27 :","Orchestrated Firestorm II","","Level 47 :","Duellist","Lore Warp / Lore Imperium","","","Veilrender","","Level 12 :","Enfeeble","Dual-Weapon Combat","Level 27 :","Carnival of Misery III","","Level 47 :","Combat Insight","Lore Imperium","","","[Sol Pattern] Laspistol","","Level 12 :","Willpower","Familiar Kickback","Level 27 :","Orchestrated Firestorm II","","Level 47 :","Fortress","Medicae","","","","","","","","","","","","","","","","","","","","","","","","","","","","","","","","","","","","","","","","","",""
"","Level 13 :","Passive Learning","Intelligence","Level 28 :","Threads of Faults","Intelligence","Level 48 :","Personal Zone","Perception","","","","","Level 13 :","Reckless Fury","Athletics","Level 28 :","Athletics","Adaptability","Level 48 :","Distract","Agility","","Weapon Set 2","Sanctified Staff / Staff of Shock and Awe / Melee","","Level 13 :","Sparks of the Greater Flame","Carouse","Level 28 :","Invigorating Screams / Perfect Anatomy","","Level 48 :","Death in the Air","Agility","","Weapon Set 2","Solar Staff","","Level 13 :","Hymns of Hatred","Lore Warp / Lore Imperium","Level 28 :","Hidden Advantage","","Level 48 :","Support the Advance","Agility","","Weapon Set 2","Sanctified Staff","","Level 13 :","Hail of Steel","Perception","Level 28 :","Fragile Playthings","","Level 48 :","Perfect Anatomy","Perception","","Weapon Set 2","Hot Shot Lasgun / Necrontech Hot Shot Lasgun","","Level 13 :","Swift Slaughter","Psyker Minoris","Level 28 :","Dawn of Victory","","Level 48 :","Support the Advance","Agility","","Weapon Set 2","Sanctified Staff","","","","","","","","","","","","","","","","","","","","","","","","","","","","","","","","","","","","","","",""
"","Level 14 :","Perception","Undam the Sea of Souls","Level 29 :","Perception","Lore Warp","Level 49 :","Intelligence","Medicae","","","","","Level 14 :","Willpower","Psyker Majoris","Level 29 :","Strength","Heavy Armour Proficiency","Level 49 :","Willpower","Medicae","","","","","Level 14 :","Willpower","Sweeping Motions","Level 29 :","Willpower","Demolition","Level 49 :","Willpower","Awareness","","","","","Level 14 :","Toughness","Rising Tempo","Level 29 :","Lore Warp / Lore Imperium","Fellowship","Level 49 :","Fellowship","Lore Warp / Lore Imperium","","","","","Level 14 :","Perception","Psyker Majoris","Level 29 :","Intelligence","Lore Warp / Xenos","Level 49 :","Intelligence","Lore Imperium","","","","","Level 14 :","Psyker Majoris","Demolition","Level 29 :","Demolition","Willpower","Level 49 :","Willpower","Medicae","","","","","","","","","","","","","","","","","","","","","","","","","","","","","","","","","","","","","","","","","",""
"","Level 15 :","Dismantling II","","Level 30 :","Blitz Stratagem","","Level 50 :","Extermination","Tide of Excellence","","","","","Level 15 :","Daring Breach IV","","Level 30 :","Devastating Attack","","Level 50 :","Destroyer *","Psalms of Heroes","","","","","Level 15 :","Death Waltz III","","Level 30 :","Inflame","Body of Flames","Level 50 :","Peak Condtion","Fire Within","","","","","Level 15 :","Death Waltz III","","Level 30 :","Psyker Majoris","Shield of the Emperor","Level 50 :","Peak Condtion","Race Against Death","","","","","Level 15 :","Dismantling II","","Level 30 :","Merciless Verdict","Drukhari Proficiency","Level 50 :","Deadly Aim","Weak Body, Weak Soul","","","","","Level 15 :","Firearm Mastery I","","Level 30 :","Hymns of Hatred","Hammer of the Emperor","Level 50 :","Combat Meditation","Integrity / Alacrity","","","","","","","","","","","","","","","","","","","","","","","","","","","","","","","","","","","","","","","","","",""
"","","","","Level 31 :","Blurred Locus","The Course Untravelled","Level 51 :","Adjusting Frontline","Medicae","","","","","","","","Level 31 :","Breaking Attack","","Level 51 :","Dismantle","Medicae","","","","","","","","Level 31 :","Fragile Playthings","","Level 51 :","Acute Pain","Awareness","","","","","","","","Level 31 :","Dawn of Victory","","Level 51 :","In the Hero's Footsteps","Lore Warp / Lore Imperium","","","","","","","","Level 31 :","Death Warrant","","Level 51 :","Tormenting Sprain","Lore Imperium","","","","","","","","Level 31 :","Stacking the Deck","","Level 51 :","Logistical Superiority","Medicae","","","","","","","","","","","","","","","","","","","","","","","","","","","","","","","","","","","","","","","","","",""
"","","","","Level 32 :","Lore Warp","Intelligence","Level 52 :","Combat Insight","Characteristic Training: PER","","","","","","","","Level 32 :","Willpower","Athletics","Level 52 :","Accustomed to Glory","Combat Addict","","","","","","","","Level 32 :","Willpower","Demolition","Level 52 :","It Takes Two","Melting Armour","","","","","","","","Level 32 :","Fellowship","Lore Warp / Lore Imperium","Level 52 :","Blade in His Hand","Ready to Serve","","","","","","","","Level 32 :","Perception","Lore Warp / Xenos","Level 52 :","Tide of Excellence","Combat Addict / Base Skill: Medicae","","","","","","","","Level 32 :","Perception","Demolition","Level 52 :","Eternal Glory","Psychic Barrage","","","","","","","","","","","","","","","","","","","","","","","","","","","","","","","","","","","","","","","","","",""
"","","","","Level 33 :","Weapon Skill","Opening Strategy","Level 53 :","Warp Curse Unleashed","Intelligence","","","","","","","","Level 33 :","Critical Versatility","Willpower","Level 53 :","Sworn Enemy","Willpower","","","","","","","","Level 33 :","Racking Weakness","","Level 53 :","Molten Beam","Willpower","","","","","","","","Level 33 :","Brink of Death","","Level 53 :","Fervour","Fellowship","","","","","","","","Level 33 :","Racking Weakness","","Level 53 :","Exsanguination","Intelligence","","","","","","","","Level 33 :","Brink of Death","","Level 53 :","Pyromancy","Willpower","","","","","","","","","","","","","","","","","","","","","","","","","","","","","","","","","","","","","","","","","",""
"","","","","Level 34 :","Bloody Mess","","Level 54 :","Cataclysm / Vital Points","Strategic Offensive","","","","","","","","Level 34 :","Willpower","Psyker Extremis","Level 54 :","Extermination / Combat Meditation","Eternal Glory","","","","","","","","Level 34 :","Willpower","Psyker Terminus","Level 54 :","Extermination","Bloody Requiem","","","","","","","","Level 34 :","Fellowship","Psyker Terminus","Level 54 :","Extermination","Eternal Glory","","","","","","","","Level 34 :","Perception","Psyker Extremis","Level 54 :","Shot Through / Vital Points","Continuous Analysis","","","","","","","","Level 34 :","Perception","Psyker Extremis","Level 54 :","Deadly Aim * / VItal Points","Backdraft","","","","","","","","","","","","","","","","","","","","","","","","","","","","","","","","","","","","","","","","","",""
"","","","","Level 35 :","Take and Hold III","","Level 55 :","AP +1","","","","","","","","","Level 35 :","Steady Superiority II","","Level 55 :","AP +1","","","","","","","","","Level 35 :","Carnival of Misery IV","","Level 55 :","AP +1","","","","","","","","","Level 35 :","Orchestrated Firestorm III","","Level 55 :","AP +1","","","","","","","","","Level 35 :","Carnival of Misery IV","","Level 55 :","AP + 1","","","","","","","","","Level 35 :","Orchestrated Firestorm III","","Level 55 :","AP +1","","","","","","","","","","","","","","","","","","","","","","","","","","","","","","","","","","","","","","","","","","",""