"Scroll Right for more variant builds","","","","","","","","","","","","","","","","","","","","","","","","","","","","","","","","","","","","","","","","","","","","","","","","","","","","","","","","","","","","","","","","","","","","","","","","","","","","","","","","","","","","","","","","","","","","","","","","","","","","","","","","","","","","","","","","","","","","","","","","","","","","","","","","","","","","","","","","","","","","","","","","","","","","","","","","","","",""
"New Lex videos will be posted to https://youtube.com/@revan619?si=Wc7XVjvFc0LjebGD","","","","","","","","","","","","","","","","","","","","","","","","","","","","","","","","","","","","","","","","","","","","","","","","","","","","","","","","","","","","","","","","","","","","","","","","","","","","","","","","","","","","","","","","","","","","","","","","","","","","","","","","","","","","","","","","","","","","","","","","","","","","","","","","","","","","","","","","","","","","","","","","","","","","","","","","","","",""
"Live Stream Playlist: https://youtube.com/playlist?list=PLrqfcSvSc1aXg0fklgBBfe3oPevNWfDbJ&si=jpco7lfWQO3S05CN","","","","","","","","","","","","","","","","","","","","","","","","","","","","","","","","","","","","","","","","","","","","","","","","","","","","","","","","","","","","","","","","","","","","","","","","","","","","","","","","","","","","","","","","","","","","","","","","","","","","","","","","","","","","","","","","","","","","","","","","","","","","","","","","","","","","","","","","","","","","","","","","","","","","","","","","","","",""
"Ability","Abelard the Navy Breacher - https://youtu.be/1L7Wy0jiW9c ","","","","","","","","","","Skill Options","","","Abelard the Defender","","","","","","","","","","Skill Options","","","Abelard Offhand Foehammer","","","","","","","","","","Skill Options","","","Abelard the Assassin","","","","","","","","","","Skill Options","","","Abelard the Executioner","","","","","","","","","","Skill Options","","","","","","","","","","","","","","","","","","","","","","","","","","","","","","","","","","","","","","","","","","","","","","","","","","","","","","","","","","","","","","","","","","","","","","","","","","","","","","","","","","","","","","","","","","","",""
"Skill","Honestly there is no reason to use vangaurd with fleet combat training and shields. Act 2 combining epiphany and pneumo boots is very potent","","","","","","","","","","Athletics / Carouse","","","For those that don’t like to move and attack. The wobbuffet build. Act 2 combining epiphany and pneumo boots is very potent","","","","","","","","","","Athletics / Carouse","","","Slightly gimmicky setup but usable with a foehammer into stuff like boneshatterer late game which when you get to arch-militant cape you will swap to quick-shot las pistol ect","","","","","","","","","","Athletics / Carouse","","","Shearing strikes stack with fleet combat training and stalking boots is pretty obscene. Double Killing edge on critical is also very nice. Knives possible early levels","","","","","","","","","","Athletics / Carouse","","","","","","","","","","","","","Medicae / Athletics / Carouse","","","","","","","","","","","","","","","","","","","","","","","","","","","","","","","","","","","","","","","","","","","","","","","","","","","","","","","","","","","","","","","","","","","","","","","","","","","","","","","","","","","","","","","","","","","",""
"Talent","Warrior","","","Arch-Militant","","","Exemplar","","","","","","","Warrior","","","Vanguard","","","Exemplar","","","","","","","Warrior","","","Arch-Militant","","","Exemplar","","","","","","","Warrior","","","Assassin","","","Exemplar","","","","","","","Warrior","","","Executioner","","","Exemplar","","","","","","","","","","","","","","","","","","","","","","","","","","","","","","","","","","","","","","","","","","","","","","","","","","","","","","","","","","","","","","","","","","","","","","","","","","","","","","","","","","","","","","","","","","","","","","","",""
"Common Talent","Level 1 :","Charge","","Level 16 :","Versitility","","Level 36 :","Eagar for battle *","Easy Target","","","","","Level 1 :","Charge","","Level 16 :","Unyelding Beacon","","Level 36 :","Eager for Battle *","Crowd Kill","","","","","Level 1 :","Charge","","Level 16 :","Versitility","","Level 36 :","Eagar for battle *","Easy Target","","","","","Level 1 :","Charge","","Level 16 :","Seek the Opening","","Level 36 :","Degraded Defence*","Easy Target","","","","","Level 1 :","Charge","","Level 16 :","Forced Repentance","Scourging Strike + 
  Where it hurts","Level 36 :","Eagar for battle *","Easy Target","","","","","","","","","","","","","","","","","","","","","","","","","","","","","","","","","","","","","","","","","","","","","","","","","","","","","","","","","","","","","","","","","","","","","","","","","","","","","","","","","","","","","","","","","","","","","",""
"Heroic Action","Level 2 :","Medicae","","Level 17 :","Reckless Rush","","Level 37 :","Athletics","Contempt for the weak","","Gear to consider","","","Level 2 :","Medicae","","Level 17 :","Defensive Stance","Dual-Weapon Combat","Level 37 :","Athletics","Offensive Follow","","Gear to consider","","","Level 2 :","Medicae","","Level 17 :","Wildfire","","Level 37 :","Athletics","Armsmaster","","Gear to consider","","","Level 2 :","Medicae","","Level 17 :","Danse Macarbe","","Level 37 :","Athletics","Lethal Concentration","","Gear to consider","","","Level 2 :","Medicae","","Level 17 :","Pain Resonance","","Level 37 :","Medicae","All-Encompassing Agony","","Gear to consider","","","","","","","","","","","","","","","","","","","","","","","","","","","","","","","","","","","","","","","","","","","","","","","","","","","","","","","","","","","","","","","","","","","","","","","","","","","","","","","","","","","","","","","","","","","",""
"Stats","Level 3 :","Endure","","Level 18 :","Always Ready","","Level 38 :","Weapon Skill","It Will Not Die","","Helm","The Guardian Crown / Tactical Genius / Retinal analyser","","Level 3 :","Endure","","Level 18 :","Counter Attack Stance","","Level 38 :","Weapon Skill","Stentorian Voice","","Helm","The Guardian Crown / Tactical Genius / Retinal analyser","","Level 3 :","Endure","","Level 18 :","Always Ready","","Level 38 :","Weapon Skill","Power Weapon Expert","","Helm","The Guardian Crown / Tactical Genius / Retinal analyser","","Level 3 :","Endure","","Level 18 :","Morbid Pirouette","","Level 38 :","Weapon Skill","Stentorian Voice","","Helm","Vivisector's Visor / The Guardian Crown / Tactical Genius","","Level 3 :","Endure","","Level 18 :","Anatomy Expert","","Level 38 :","Weapon Skill","Stentorian Voice","","Helm","Carmine Crown / Mechanicus Respirator / The Guardian Crown / Tactical Genius","","","","","","","","","","","","","","","","","","","","","","","","","","","","","","","","","","","","","","","","","","","","","","","","","","","","","","","","","","","","","","","","","","","","","","","","","","","","","","","","","","","","","","","","","","",""
"Ideal Talents To Swap with this border","Level 4 :","Daring Breach","Thick Skin","Level 19 :","Steady Superiority","","Level 39 :","Forceful Strike","Athletics","","Armour","Invincible Onsalught Armour / Sanguine Judgement / Adherent of Mainkind","","Level 4 :","Daring Breach","Thick Skin","Level 19 :","Unyelding Guard","","Level 39 :","Break Through","Athletics","","Armour","[Fortress World Origin] / [War World Origin] Tempestus Elite Carapace / Invincible Onsalught Armour / Sanguine Judgement / Adherent of Mainkind","","Level 4 :","Daring Breach","Thick skin","Level 19 :","Steady Superiority","","Level 39 :","Forceful Strike","Athletics","","Armour","Invincible Onsalught Armour / Sanguine Judgement / Adherent of Mainkind","","Level 4 :","Daring Breach","Thick skin","Level 19 :","Dispatch","","Level 39 :","Sworn Enemy","Athletics","","Armour","Invincible Onsalught Armour / Sanguine Judgement / Adherent of Mainkind","","Level 4 :","Daring Breach","Thick skin","Level 19 :","Carnival of Misery","","Level 39 :","Sworn Enemy","Medicae","","Armour","Invincible Onsalught Armour / Sanguine Judgement / Adherent of Mainkind","","","","","","","","","","","","","","","","","","","","","","","","","","","","","","","","","","","","","","","","","","","","","","","","","","","","","","","","","","","","","","","","","","","","","","","","","","","","","","","","","","","","","","","","","","",""
"","Level 5 :","Hardened Scars / Crowd Kill / Easy Target","Weapon Skill","Level 20 :","AP +1","Weapon Skill","Level 40 :","Degraded Defence","Focal Point","","Cloak","Malpain Shroud / Swashbuckler cloak","","Level 5 :","Hardened Scars","Weapon Skill","Level 20 :","AP +1","Weapon Skill","Level 40 :","Degraded Defence","Punish The Imprudent","","Cloak","Malpain Shroud / Swashbuckler cloak","","Level 5 :","Hardened Scars / Crowd Kill","Weapon Skill","Level 20 :","AP +1","Weapon Skill","Level 40 :","Degraded Defence","Contempt for the weak","","Cloak","Arch-Militant Cape / Malpain Shroud / Swashbuckler cloak","","Level 5 :","Rigorous Training","Weapon Skill","Level 20 :","AP +1","Weapon Skill","Level 40 :","Destroyer*","Imminent Demise*","","Cloak","Malpain Shroud / Swiftshroud cloak / Swashbuckler cloak","","Level 5 :","Hardened Scars","Weapon Skill","Level 20 :","AP +1","Weapon Skill","Level 40 :","Degraded Defence","Racking Weakness","","Cloak","Malpain Shroud / Swashbuckler cloak","","","","","","","","","","","","","","","","","","","","","","","","","","","","","","","","","","","","","","","","","","","","","","","","","","","","","","","","","","","","","","","","","","","","","","","","","","","","","","","","","","","","","","","","","","",""
"* stars like this in exemplar, you can swap those talents around","Level 6 :","Taunting Scream / Break Through","Athletics","Level 21 :","Dependable","Weapon Skill","Level 41 :","Weapon Skill","Crowd Kill","","Neck","Invigorating Resolve / Solid Shield Enarmes","","Level 6 :","Taunting Scream","Athletics","Level 21 :","Weapon Skill","Enduring Shield","Level 41 :","Weapon Skill","Shearing Strikes","","Neck","Invigorating Resolve / Solid Shield Enarmes","","Level 6 :","Taunting Scream","Athletics","Level 21 :","Broad Expertise","Weapon Skill","Level 41 :","Weapon Skill","Open Engagement","","Neck","Invigorating Resolve / Solid Shield Enarmes","","Level 6 :","Break Through","Athletics","Level 21 :","Create an Opening*","Weapon Skill","Level 41 :","Weapon Skill","Crowd Kill","","Neck","Invigorating Resolve / Slicing Symbol","","Level 6 :","Break Through","Medicae","Level 21 :","Weapon Skill","Does it Hurt?","Level 41 :","Weapon Skill","Impetus","","Neck","Invigorating Resolve","","","","","","","","","","","","","","","","","","","","","","","","","","","","","","","","","","","","","","","","","","","","","","","","","","","","","","","","","","","","","","","","","","","","","","","","","","","","","","","","","","","","","","","","","","",""
"","Level 7 :","Weapon Skill","Fleet Combat Training","Level 22 :","Wildfire","Melee Weapon Specialist / Instant Retribution","Level 42 :","Devastating Attack","Toughness","","Accessory 1","Empyrean Transceiver / Sturdy Shield Straps / Anatomy Tome","","Level 7 :","Weapon Skill","Fleet Combat Training","Level 22 :","Follow my lead","Athletics","Level 42 :","Wall of Rockcrete","Toughness","","Accessory 1","Peculiar Trinket / Sturdy Shield Straps","","Level 7 :","Weapon Skill","Fleet Combat Training","Level 22 :","Reckless Rush","Dual Weapon Specialist","Level 42 :","Devastating Attack","Toughness","","Accessory 1","Empyrean Transceiver / Portative Manipulator","","Level 7 :","Weapon Skill","Fleet Combat Training","Level 22 :","Athletics","Killing Edge","Level 42 :","Poised to Strike","Toughness / Agility","","Accessory 1","Notes on Weaknesses","","Level 7 :","Weapon Skill","Fleet Combat Training","Level 22 :","Exsanguination","","Level 42 :","Gift of Torment","Agility","","Accessory 1","Hellbrute Horn Trophy / Harlequin Trinket / Diagnostor / Litany of Exhaustion / Hadd-Pattern-Data-Loom","","","","","","","","","","","","","","","","","","","","","","","","","","","","","","","","","","","","","","","","","","","","","","","","","","","","","","","","","","","","","","","","","","","","","","","","","","","","","","","","","","","","","","","","","","",""
"","Level 8 :","Athletics","Ramming Speed","Level 23 :","Athletics","Allout","Level 43 :","Breaking Attack","Power Weapon Specialist","","Accessory 2","Peculiar Trinket / Hellbrute Horn Trophy / Bead of Might","","Level 8 :","Athletics","Rigorous Training","Level 23 :","Beacon of Might","Dual Weapon Specialist / Instant Retribution","Level 43 :","Wall Of Ferrocrete","Power Weapon Expert","","Accessory 2","Empyrean Transceiver / Hellbrute Horn Trophy","","Level 8 :","Athletics","Crowd Kill / Opening Strike","Level 23 :","Athletics","Allout","Level 43 :","Breaking Attack","Know No Heresy","","Accessory 2","Peculiar Trinket / Hellbrute Horn Trophy / Bead of Might","","Level 8 :","Athletics","Shearing Strikes","Level 23 :","Deadly Calculation","","Level 43 :","Flawless Lunge","Know No Heresy","","Accessory 2","Bead of Might / Hellbrute Horn Trophy / Iron Cape","","Level 8 :","Athletics","Rigorous Training","Level 23 :","Sower of Distress","Lore Xenos","Level 43 :","Internal Bleeding","Grenadier","","Accessory 2","Bead of Might / Cruciatum Litany / Voidborn's Pride / Knuckle Guard","","","","","","","","","","","","","","","","","","","","","","","","","","","","","","","","","","","","","","","","","","","","","","","","","","","","","","","","","","","","","","","","","","","","","","","","","","","","","","","","","","","","","","","","","","",""
"","Level 9 :","Daring Breach II","","Level 24 :","Toughness","Dual-Weapon Specialist / Shield Mastery","Level 44 :","Carouse","Destroyer *","","Gloves","Adaptive Gloves / Relish Anguish / Metal Claw Gloves","","Level 9 :","Daring Breach II","","Level 24 :","Toughness","It Will Not Die! / Shield Mastery","Level 44 :","Carouse","Destroyer *","","Gloves","Adaptive Gloves / Relish Anguish / Metal Claw Gloves / Augmented Gloves","","Level 9 :","Daring Breach II","","Level 24 :","Toughness","Get off Me!","Level 44 :","Carouse","Destroyer *","","Gloves","Augmented Gloves / Adaptive Gloves / Relish Anguish / Metal Claw Gloves","","Level 9 :","Daring Breach II","","Level 24 :","Toughness / Agility","Dual-Weapon Combat","Level 44 :","Awareness","Peak Condition","","Gloves","Adaptive Gloves / Metal Claw Gloves / Riposte Gauntlets","","Level 9 :","Daring Breach II","","Level 24 :","Agility","Drukhari Weapon Proficiency","Level 44 :","Athletics","Destroyer *","","Gloves","Augmented Gloves / Hand of Avolius / Metal Claw Gloves / Inevietable Demise","","","","","","","","","","","","","","","","","","","","","","","","","","","","","","","","","","","","","","","","","","","","","","","","","","","","","","","","","","","","","","","","","","","","","","","","","","","","","","","","","","","","","","","","","","",""
"","Level 10 :","Impetus","Toughness","Level 25 :","Flashfire","","Level 45 :","AP +1","","","Boots","Pneumo Boots / Void Veteran Boots / Enforcer's Light boots","","Level 10 :","Impetus","Toughness","Level 25 :","Renitent beacon","","Level 45 :","AP +1","","","Boots","Bruiser Boots / Void Veteran Boots / Enforcer's Light boots / Pneumo Boots","","Level 10 :","Impetus","Toughness","Level 25 :","Flashfire","","Level 45 :","AP +1","","","Boots","Pneumo Boots / Void Veteran Boots / Enforcer's Light boots","","Level 10 :","Desolation","Toughness / Agility","Level 25 :","Lethality Heightens","","Level 45 :","AP +1","","","Boots","stalking boots / Void Veteran Boots / Enforcer's Light boots","","Level 10 :","Shearing Strikes","Agility","Level 25 :","Master of Torture","","Level 45 :","AP +1","","","Boots","Inertia Boots / Pneumo Boots / Void Veteran Boots / Enforcer's Light boots","","","","","","","","","","","","","","","","","","","","","","","","","","","","","","","","","","","","","","","","","","","","","","","","","","","","","","","","","","","","","","","","","","","","","","","","","","","","","","","","","","","","","","","","","","",""
"","Level 11 :","Reckless Strike","Get off me!","Level 26 :","Athletics","Toughness","Level 46 :","Open Engagement","Carouse","","Weapon Set 1","CoffinMaker's Sledge / Heavy Maul / Auto-striking power sword / Bonebreaker Maul / Blade of Sorrow","","Level 11 :","Reckless Strike","Melee Weapon Specialist","Level 26 :","Athletics","Toughness","Level 46 :","Easy Target","Carouse","","Weapon Set 1","Auto-striking power sword / Bonebreaker Maul / Heavy Maul","","Level 11 :","Reckless Strike","Melee Weapon Specialist","Level 26 :","Athletics","Toughness","Level 46 :","Contempt","Carouse","","Weapon Set 1","Coffinmaker Sledge  / Auto-striking power sword / Bonebreaker Maul / Tearing Vengence / Carnage / Blade of Sorrow","","Level 11 :","Reckless Strike","Defensive Manuevre","Level 26 :","Toughness / Agility","Athletics","Level 46 :","Open Engagement","Awareness","","Weapon Set 1","Coffinmaker's Sledge / Auto-Striking Power Sword","","Level 11 :","Reckless Strike","Get off me!","Level 26 :","Agility","Medicae","Level 46 :","Ramming Speed","Athletics","","Weapon Set 1","Imminent Torment / Blade of the Blood Hunter","","","","","","","","","","","","","","","","","","","","","","","","","","","","","","","","","","","","","","","","","","","","","","","","","","","","","","","","","","","","","","","","","","","","","","","","","","","","","","","","","","","","","","","","","","",""
"","Level 12 :","Toughness","Carouse","Level 27 :","Steady Superiority IV","","Level 47 :","Desolation","Medicae","","","Tearing Vengence / Advanced Shield / Defender / Kinesiostatic Shield","","Level 12 :","Toughness","Carouse","Level 27 :","Unyelding Guard II","","Level 47 :","Blade Flurry","Medicae","","","Tearing Vengence / Advanced Shield / Defender / Kinesiostatic Shield","","Level 12 :","Toughness","Carouse","Level 27 :","Steady Superiority IV","","Level 47 :","Desolation","Medicae","","","Bone-Shatterer / Quick-Fire Las Pistol / [Sol Pattern] Las Pistol","","Level 12 :","Toughness / Agility","Carouse","Level 27 :","Dispatch II","","Level 47 :","Cautious Disengage","Awareness","","","Tearing Vengence / Bonebreaker Maul / Tarvanna's Last Stand","","Level 12 :","Agility","Athletics","Level 27 :","Carnival of Misery III","","Level 47 :","Open Engagement","Athletics","","","Symphony of Pain / Virulent Slicer","","","","","","","","","","","","","","","","","","","","","","","","","","","","","","","","","","","","","","","","","","","","","","","","","","","","","","","","","","","","","","","","","","","","","","","","","","","","","","","","","","","","","","","","","","",""
"","Level 13 :","Reckless Fury","Carouse","Level 28 :","Carouse","Adaptability","Level 48 :","Exploit Weakness","Toughness","","Weapon Set 2","Carnage / CoffinMaker's Sledge / Well-Maintained Rock Saw","","Level 13 :","Reckless Fury","Carouse","Level 28 :","Resilient beacon","","Level 48 :","Unyielding Resolve","Toughness","","Weapon Set 2","Well-Maintained Rock Saw / Bonebreaker","","Level 13 :","Reckless Fury / Opening Strike","Carouse","Level 28 :","Carouse","Adaptability","Level 48 :","Exploit Weakness","Toughness","","Weapon Set 2","Well-Maintained Rock Saw / Bonecracker","","Level 13 :","Blade Flurry","Carouse","Level 28 :","Melee Weapon Specialist","Disarray","Level 48 :","Lone Killer","Toughness / Agility","","Weapon Set 2","Well-Maintained Heavy Rock saw","","Level 13 :","Desolation","Carouse","Level 28 :","Perfect Anatomy","","Level 48 :","Acute Pain","Agility","","Weapon Set 2","Well-Maintained Rock Saw","","","","","","","","","","","","","","","","","","","","","","","","","","","","","","","","","","","","","","","","","","","","","","","","","","","","","","","","","","","","","","","","","","","","","","","","","","","","","","","","","","","","","","","","","","",""
"","Level 14 :","Perception","Dual-Weapon Combat","Level 29 :","Perception","Stentorian Voice","Level 49 :","Strength / Agility","Medicae","","","Tearing Vengence","","Level 14 :","Strength","Get off Me!","Level 29 :","Carouse","Perception","Level 49 :","Strength","Medicae","","","","","Level 14 :","Perception","Dual Weapon Combat","Level 29 :","Perception","Stentorian Voice","Level 49 :","Strength / Agility","Medicae","","","","","Level 14 :","Strength","Get off Me!","Level 29 :","Perception","Awareness","Level 49 :","Perception","Medicae","","","","","Level 14 :","Perception","Evasive Manoeuvres","Level 29 :","Perception","Medicae","Level 49 :","Strength","Carouse","","","","","","","","","","","","","","","","","","","","","","","","","","","","","","","","","","","","","","","","","","","","","","","","","","","","","","","","","","","","","","","","","","","","","","","","","","","","","","","","","","","","","","","","","","","","","",""
"","Level 15 :","Daring Breach IV","","Level 30 :","Kick","","Level 50 :","Peak Condition","Contempt","","","","","Level 15 :","Daring Breach IV","","Level 30 :","Forced distraction","","Level 50 :","Peak Condition","Desolation","","","","","Level 15 :","Daring Breach IV","","Level 30 :","Kick","","Level 50 :","Peak Condition","Ramming Speed","","","","","Level 15 :","Daring Breach IV","","Level 30 :","","","Level 50 :","Extermination / Malign Influence","Impetus","","","","","Level 15 :","Daring Breach IV","","Level 30 :","Reckless Abandon","Finesse","Level 50 :","Peak Condition","Blade Flurry","","","","","","","","","","","","","","","","","","","","","","","","","","","","","","","","","","","","","","","","","","","","","","","","","","","","","","","","","","","","","","","","","","","","","","","","","","","","","","","","","","","","","","","","","","","","","",""
"","","","","Level 31 :","Martial Art","","Level 51 :","Distract","Medicae","","","","","","","","Level 31 :","Taunting Opportunity","","Level 51 :","Defensive Comrade","Medicae","","","","","","","","Level 31 :","Martial Art","","Level 51 :","Distract","Medicae","","","","","","","","Level 31 :","Dual-Weapon Specialist","Seize the Advantage","Level 51 :","Perfect Opening","Medicae","","","","","","","","Level 31 :","Deep Laceration","","Level 51 :","Revelling in Suffering","Carouse","","","","","","","","","","","","","","","","","","","","","","","","","","","","","","","","","","","","","","","","","","","","","","","","","","","","","","","","","","","","","","","","","","","","","","","","","","","","","","","","","","","","","","","","","","","","","",""
"","","","","Level 32 :","Perception","Carouse","Level 52 :","Preferred Targets","Know No Heresy","","","","","","","","Level 32 :","Perception","Carouse","Level 52 :","Cautious Disengage","Know No Heresy","","","","","","","","Level 32 :","Perception","Carouse","Level 52 :","Preferred Targets","It Will Not Die","","","","","","","","Level 32 :","Awareness","","Level 52 :","Outsmart","Ready To Serve / Doing My Part","","","","","","","","Level 32 :","Perception","Athletics","Level 52 :","Crowd Kill","It Will Not Die","","","","","","","","","","","","","","","","","","","","","","","","","","","","","","","","","","","","","","","","","","","","","","","","","","","","","","","","","","","","","","","","","","","","","","","","","","","","","","","","","","","","","","","","","","","","","",""
"","","","","Level 33 :","Critical Versatility","Perception","Level 53 :","Sworn Enemy / Break Through","Strength","","","","","","","","Level 33 :","Taunting Defence","","Level 53 :","Bulwark","Strength","","","","","","","","Level 33 :","Critical Versatility","Perception","Level 53 :","Sworn Enemy","Strength","","","","","","","","Level 33 :","Bringer of Doom","Perception","Level 53 :","Forceful Strike","Perception","","","","","","","","Level 33 :","Fragile Playthings","","Level 53 :","Forceful Strike","Strength","","","","","","","","","","","","","","","","","","","","","","","","","","","","","","","","","","","","","","","","","","","","","","","","","","","","","","","","","","","","","","","","","","","","","","","","","","","","","","","","","","","","","","","","","","","","","",""
"","","","","Level 34 :","Strength","Power Armour Proficiency","Level 54 :","Extermination","Accustomed to Glory","","","","","","","","Level 34 :","Power Armour Proficiency","","Level 54 :","Extermination","On your feet!","","","","","","","","Level 34 :","Strength","Power Armour Proficiency","Level 54 :","Extermination","Accustomed to Glory","","","","","","","","Level 34 :","Power Armour Proficiency","","Level 54 :","Eager for Battle","Killing Spree","","","","","","","","Level 34 :","Strength","Power Armour Proficiency","Level 54 :","Extermination","Sickening Pain","","","","","","","","","","","","","","","","","","","","","","","","","","","","","","","","","","","","","","","","","","","","","","","","","","","","","","","","","","","","","","","","","","","","","","","","","","","","","","","","","","","","","","","","","","","","","",""
"","","","","Level 35 :","Steady Superiority II","","Level 55 :","AP +1","","","","","","","","","Level 35 :","Unyelding Guard III","","Level 55 :","AP +1","","","","","","","","","Level 35 :","Steady Superiority II","","Level 55 :","AP +1","","","","","","","","","Level 35 :","Dispatch III","","Level 55 :","AP +1","","","","","","","","","Level 35 :","Carnival of Misery IV","","Level 55 :","AP +1","","","","","","","","","","","","","","","","","","","","","","","","","","","","","","","","","","","","","","","","","","","","","","","","","","","","","","","","","","","","","","","","","","","","","","","","","","","","","","","","","","","","","","","","","","","","","","",""
"","Idira Fire Princess https://youtu.be/3wCHM59p83A ","","","","","","","","","","Skill Options","","","Idira the lightning buff queen","","","","","","","","","","Skill Options","","","Idira Missionary Oath and Exploit Setter (My Protest build whilst owlcat wont give operatives exploits on extra turns or allow idira to use warp buffer)","","","","","","","","","","Skill Options","","","Idira Promise of Lightning ","","","","","","","","","","Skill Options","","","","","","","","","","","","","","","","","","","","","","","","","","","","","","","","","","","","","","","","","","","","","","","","","","","","","","","","","","","","","","","","","","","","","","","","","","","","","","","","","","","","","","","","","","","","","","","","","","","","","","","","",""
"","Warp buffer does not prevent instant death daemon summon unique to unsanctioned psyker. Always a Chance of instant death unlike sanctioned psykers.","","","","","","","","","","Awareness / Lore Xenos / Lore Warp","","","Warp buffer does not prevent instant death daemon summon unique to unsanctioned psyker. Always a Chance of instant death unlike sanctioned psykers. Using Arc rifle because it is fun","","","","","","","","","","Awareness / Lore Xenos / Lore Warp","","","This build is designed to not do anything other than give the team missionary oath hp on invigorating resolve and set exploits turn 1","","","","","","","","","","Awareness / Lore Xenos / Lore Warp","","","some weird gimmicks happening with the act 2 dlc 1 pistols","","","","","","","","","","Awareness / Lore Xenos / Lore Warp","","","","","","","","","","","","","","","","","","","","","","","","","","","","","","","","","","","","","","","","","","","","","","","","","","","","","","","","","","","","","","","","","","","","","","","","","","","","","","","","","","","","","","","","","","","","","","","","","","","","","","","","",""
"","Operative","","","Overseer","","","Exemplar","","","","","","","Operative","","","Overseer","","","Exemplar","","","","","","","Operative","","","Grand Strategist","","","Exemplar","","","","","","","Operative","","","Assassin","","","Exemplar","","","","","","","","","","","","","","","","","","","","","","","","","","","","","","","","","","","","","","","","","","","","","","","","","","","","","","","","","","","","","","","","","","","","","","","","","","","","","","","","","","","","","","","","","","","","","","","","","","","","","","","","","","","","",""
"","Level 1 :","Analyse Enemies","","Level 16 :","Psyber-Raven Proficiency","","Level 36 :","Eager for Battle *","Fresh Target","","","","","Level 1 :","Analyse Enemies","","Level 16 :","Psyber-Raven Proficiency","","Level 36 :","Eager for Battle *","Sharpshooter","","","","","Level 1 :","Analyse Enemies","","Level 16 :","Combat Tactics","","Level 36 :","Firebrand","Fresh Target","","","","","Level 1 :","Analyse Enemies","","Level 16 :","Seek the Opening","","Level 36 :","Malign Influence","Weak Body, Weak Soul","","","","","","","","","","","","","","","","","","","","","","","","","","","","","","","","","","","","","","","","","","","","","","","","","","","","","","","","","","","","","","","","","","","","","","","","","","","","","","","","","","","","","","","","","","","","","","","","","","","","","","","","","","",""
"","Level 2 :","Awareness","","Level 17 :","Strategic Adaptation","","Level 37 :","Awareness / Lore Warp","Impure Force","","Gear to consider","","","Level 2 :","Awareness","","Level 17 :","Prescience","","Level 37 :","Awareness / Lore Warp","Fatebringer","","Gear to consider","","","Level 2 :","Awareness","","Level 17 :","Blitz Stratagem","","Level 37 :","Awareness / Lore warp","Personal Zone","","Gear to consider","","","Level 2 :","Awareness","","Level 17 :","Death Whisper","","Level 37 :","Awareness","Lethal Concentration","","Gear to consider","","","","","","","","","","","","","","","","","","","","","","","","","","","","","","","","","","","","","","","","","","","","","","","","","","","","","","","","","","","","","","","","","","","","","","","","","","","","","","","","","","","","","","","","","","","","","","","","","","","","","","","","",""
"","Level 3 :","Expose Weakness","","Level 18 :","Warp Buffer","","Level 38 :","Willpower","Grenadier","","Helm","Ghost Helm / Cultist Hood / Ethereal Visor / Dark Visionary Hood","","Level 3 :","Expose Weakness","","Level 18 :","Warp Buffer","","Level 38 :","Intelligence","Echopulse","","Helm","Ghost Helm / Cultist Hood / Ethereal Visor / Dark Visionary Hood","","Level 3 :","Expose Weakness","","Level 18 :","Improvised Strategy","","Level 38 :","Ballistic Skill","Thriving in Peril","","Helm","Ghosthelm / Arch-Strategist's Visor","","Level 3 :","Expose Weakness","","Level 18 :","Deadly Calculation","","Level 38 :","Ballistic Skill","Melting Armour","","Helm","Vivisector Visor / Gunslinger's Helm / Weakness Detector / Self-Calibrating Goggles / Self-Calibrating Helmet","","","","","","","","","","","","","","","","","","","","","","","","","","","","","","","","","","","","","","","","","","","","","","","","","","","","","","","","","","","","","","","","","","","","","","","","","","","","","","","","","","","","","","","","","","","","","","","","","","","","","","","",""
"","Level 4 :","Dismantling Attack","Uncanny Sight","Level 19 :","Overcharge","","Level 39 :","Prescience","Awareness / Lore Warp","","Armour","Psychic Bodyglove","","Level 4 :","Dismantling Attack","Uncanny Sight","Level 19 :","Overcharge","","Level 39 :","Sensory Deprivation","Awareness / Lore Warp","","Armour","Psychic Bodyglove","","Level 4 :","Dismantling Attack","Uncanny Sight","Level 19 :","Take and Hold","","Level 39 :","Prescience","Awareness / Lore warp","","Armour","Psychic Bodyglove","","Level 4 :","Dismantling Attack","Uncanny Sight","Level 19 :","Dispatch","","Level 39 :","Tactical Knowledge","Awareness","","Armour","[Hive World Origin] Voidsmen Armour","","","","","","","","","","","","","","","","","","","","","","","","","","","","","","","","","","","","","","","","","","","","","","","","","","","","","","","","","","","","","","","","","","","","","","","","","","","","","","","","","","","","","","","","","","","","","","","","","","","","","","","",""
"","Level 5 :","Ballistic Skill","Second Sight","Level 20 :","Ap +1","Willpower","Level 40 :","Degraded Defence","Psyker Extremis","","Cloak","Singed Cape / Xeno Emitter","","Level 5 :","Ballistic Skill","Thriving In Peril","Level 20 :","Ap +1","Ballistic Skill","Level 40 :","Degraded Defence","Psyker Extremis","","Cloak","Singed Cape","","Level 5 :","Ballistic Skill","Liturgy of Insulation","Level 20 :","Ap +1","Ballistic Skill","Level 40 :","Eager Subordinates","Strategic Offensive","","Cloak","Emergency Injector / Singed Cape","","Level 5 :","Ballistic Skill","Staggering Jolt","Level 20 :","AP +1","Ballistic Skill","Level 40 :","Degraded Defence","Perfect Opening","","Cloak","Tempestus Elite Crapace backpack","","","","","","","","","","","","","","","","","","","","","","","","","","","","","","","","","","","","","","","","","","","","","","","","","","","","","","","","","","","","","","","","","","","","","","","","","","","","","","","","","","","","","","","","","","","","","","","","","","","","","","","",""
"","Level 6 :","Tide of Excellence","Ballistic Skill","Level 21 :","Psyker Majoris","Willpower","Level 41 :","Willpower","Continuous Analysis","","Neck","Vortex Pendant / Starmist Scarf","","Level 6 :","Tide of Excellence","Ballistic Skill","Level 21 :","Psyker Majoris","Ballistic Skill","Level 41 :","Intelligence","Fresh Target","","Neck","Starmist Scarf / Vortex Pendant","","Level 6 :","Passive Learning","Ballistic Skill","Level 21 :","Fire at Will","Ballistic Skill","Level 41 :","Ballistic Skill","Reactive Study","","Neck","Missionary Oath","","Level 6 :","Passive Learning","Ballistic Skill","Level 21 :","Imminent Demise","Ballistic Skill","Level 41 :","Ballistic Skill","Improved Tactics","","Neck","Synaptic Coagulator / Starmist Scarf","","","","","","","","","","","","","","","","","","","","","","","","","","","","","","","","","","","","","","","","","","","","","","","","","","","","","","","","","","","","","","","","","","","","","","","","","","","","","","","","","","","","","","","","","","","","","","","","","","","","","","","",""
"","Level 7 :","Pyromancy","Medicae / Lore Warp","Level 22 :","Sanctic Powers","Awareness / Lore Warp","Level 42 :","Mind Rupture","Perception","","Accessory 1","Warp Surge Brooch / Metronome / Grimoire of the Void","","Level 7 :","Biomancy","Awareness / Lore warp","Level 22 :","Warp Speed","Awareness / Lore warp","Level 42 :","Psychic Assault","Perception","","Accessory 1","Spirit Drape / Warp Surge Brooch / Metronome","","Level 7 :","Joint Analysis","Awareness / Lore warp","Level 22 :","Combat Locus Stratagem","","Level 42 :","Mind Bond","Intelligence","","Accessory 1","Commander's Notes","","Level 7 :","Perfect Spot","Medicae","Level 22 :","Awareness","Killing Edge","Level 42 :","Elusive Shadow","Perception","","Accessory 1","Portative Manipulator / Warp Surge Brooch","","","","","","","","","","","","","","","","","","","","","","","","","","","","","","","","","","","","","","","","","","","","","","","","","","","","","","","","","","","","","","","","","","","","","","","","","","","","","","","","","","","","","","","","","","","","","","","","","","","","","","","",""
"","Level 8 :","Pain Channelling","Thriving in Peril","Level 23 :","Sacrificial Penance","","Level 43 :","Fatebringer","Melting Armour","","Accessory 2","Experimental Psy-Amplifier / Chains of Domination","","Level 8 :","Ballistics Calculation","Second Sight","Level 23 :","Sacrificial Penance","","Level 43 :","Power Conduit","Weak Hearts","","Accessory 2","Experimental Psy-Amplifier / Chains of Domination","","Level 8 :","Continuous Analysis","Residual Charge","Level 23 :","Awareness / Lore warp","Blurred Locus","Level 43 :","Weak Hearts","Fatebringer","","Accessory 2","Mystic Ward","","Level 8 :","Sniper Expertise","Echopulse","Level 23 :","Lethality Heightens","","Level 43 :","An Eye for the Unscathed","Grenadier","","Accessory 2","Notes on Weaknesses","","","","","","","","","","","","","","","","","","","","","","","","","","","","","","","","","","","","","","","","","","","","","","","","","","","","","","","","","","","","","","","","","","","","","","","","","","","","","","","","","","","","","","","","","","","","","","","","","","","","","","","",""
"","Level 9 :","Dismantling Attack III","Awareness / Lore Warp","Level 24 :","Perception","Fire Within","Level 44 :","Lore Xenos","Extermination *","","Gloves","Warp Conductor Gloves","","Level 9 :","Dismantling Attack III","Medicae / Lore warp","Level 24 :","Intelligence","Residual Charge","Level 44 :","Lore Xenos / Lore Warp","Extermination *","","Gloves","Warp Conductor Gloves","","Level 9 :","Dismantling Attack III","Medicae / Lore warp","Level 24 :","Intelligence","Psyker Minoris","Level 44 :","Lore Xenos","Degraded Defence","","Gloves","Warp Conductors Gloves / Marksman Bracers","","Level 9 :","Dismantling Attack III","Awareness","Level 24 :","Perception","Overclocking Module","Level 44 :","Lore Xenos","Masterful Precision","","Gloves","Compensator Gloves / Marksman Bracers","","","","","","","","","","","","","","","","","","","","","","","","","","","","","","","","","","","","","","","","","","","","","","","","","","","","","","","","","","","","","","","","","","","","","","","","","","","","","","","","","","","","","","","","","","","","","","","","","","","","","","","",""
"","Level 10 :","Lore Xenos","Perception","Level 25 :","Rite of Calibration","","Level 45 :","Ap +1","","","Boots","Psyker's Footware / Boots of Decay / Battle Psyker's Boots","","Level 10 :","Lore Xenos","Perception","Level 25 :","Rite of Calibration","","Level 45 :","Ap +1","","","Boots","Psyker's Footware / Boots of Decay / Battle-Psyker Boots","","Level 10 :","Lore Xenos","Intelligence","Level 25 :","Opening Strategy","","Level 45 :","Ap +1","","","Boots","Sharpshooter Boots / Adrenaline Warboots","","Level 10 :","Lore Xenos","Perception","Level 25 :","Disarray","","Level 45 :","Ap +1","","","Boots","Inertia Boots","","","","","","","","","","","","","","","","","","","","","","","","","","","","","","","","","","","","","","","","","","","","","","","","","","","","","","","","","","","","","","","","","","","","","","","","","","","","","","","","","","","","","","","","","","","","","","","","","","","","","","","",""
"","Level 11 :","Ballistics Calculation","Lore Xenos","Level 26 :","Perception","Awareness / Lore Warp","Level 46 :","Passive Learning","Lore Xenos","","Weapon Set 1","Detachment from Death / Staff of Mindsight","","Level 11 :","Psyker Minoris","Lore Xenos","Level 26 :","Intelligence","Awareness / Lore warp","Level 46 :","Combat Insight","Lore Xenos / Lore Warp","","Weapon Set 1","Bloodrinker Staff / Staff of Shock and Awe","","Level 11 :","Tide of Excellence","Lore Xenos","Level 26 :","Intelligence","Awareness / Lore warp","Level 46 :","Sharpshooter","Lore Xenos","","Weapon Set 1","Corpuscarii Oath / Arc Rifle Mindstrom","","Level 11 :","Tide of Excellence","Lore Xenos","Level 26 :","Perception","Awareness","Level 46 :","Fresh Target","Lore Xenos","","Weapon Set 1","Alpha's Arc Rifle / Corpuscarii Oath / Arc Rifle Mindstorm","","","","","","","","","","","","","","","","","","","","","","","","","","","","","","","","","","","","","","","","","","","","","","","","","","","","","","","","","","","","","","","","","","","","","","","","","","","","","","","","","","","","","","","","","","","","","","","","","","","","","","","",""
"","Level 12 :","Sensory Deprivation","Psyker Minoris","Level 27 :","Overcharge II","","Level 47 :","Comprehensive Analysis","Medicae / Lore Warp","","","","","Level 12 :","Enfeeble","Pain Channelling","Level 27 :","Overcharge II","","Level 47 :","Weak Body, Weak Soul","Medicae","","","","","Level 12 :","Sensory Deprivation","Overclocking Module","Level 27 :","Take and Hold IV","","Level 47 :","Weak Body, Weak Soul","Medicae","","","","","Level 12 :","Pyromancy","Residual Charge","Level 27 :","Dispatch II","","Level 47 :","Combat Insight","Lore Warp","","","","","","","","","","","","","","","","","","","","","","","","","","","","","","","","","","","","","","","","","","","","","","","","","","","","","","","","","","","","","","","","","","","","","","","","","","","","","","","","","","","","","","","","","","","","","","","","","","","","","","","","","","",""
"","Level 13 :","Backdraft","Perception","Level 28 :","Psy-Resonator","Subtle Manipulation","Level 48 :","Psalms of Heroes","Perception","","Weapon Set 2","Sanctified Staff / Solar Staff / Staff of the Righteous Pyre","","Level 13 :","Liturgy of Insulation","Perception","Level 28 :","Castigating Echoes","Staggering Jolt","Level 48 :","Psy-Resonator","Perception","","Weapon Set 2","Corpuscarii Oath / Arc Rifle Mindstorm","","Level 13 :","Ballistics Calculation","Intelligence","Level 28 :","Psyker Majoris","Perception","Level 48 :","Psychic Barrage","Intelligence","","Weapon Set 2","Staff of Shock and Awe / [Sol Pattern] Shotgun","","Level 13 :","Ballistics Calculation","Perception","Level 28 :","Weak Hearts","Seize the Advantage","Level 48 :","Bringer of Doom","Perception","","Weapon Set 2","Promise of Freedom","","","","","","","","","","","","","","","","","","","","","","","","","","","","","","","","","","","","","","","","","","","","","","","","","","","","","","","","","","","","","","","","","","","","","","","","","","","","","","","","","","","","","","","","","","","","","","","","","","","","","","","",""
"","Level 14 :","Intelligence","Psychic Barrage","Level 29 :","Intelligence","Lore Xenos","Level 49 :","Intelligence","Medicae / Lore Warp","","","","","Level 14 :","Willpower / Intelligence","Overclocking Module","Level 29 :","Willpower","Lore Xenos","Level 49 :","Willpower","Medicae","","","","","Level 14 :","Perception","Staggering Jolt","Level 29 :","Perception","Lore Xenos","Level 49 :","Perception","Medicae","","","","","Level 14 :","Intelligence","Fire Within","Level 29 :","Intelligence","Lore Xenos","Level 49 :","Intelligence","Lore Warp","","","Promise of Retribution","","","","","","","","","","","","","","","","","","","","","","","","","","","","","","","","","","","","","","","","","","","","","","","","","","","","","","","","","","","","","","","","","","","","","","","","","","","","","","","","","","","","","","","","","","","","","","","","","","","","","","","",""
"","Level 15 :","Dismantling II / IV","","Level 30 :","Psychic Assault","","Level 50 :","Malign Influence","Edge of Dawn","","Pet","Blessing of the Immaterium / Synergy / Grave Chill","","Level 15 :","Dismantling II","","Level 30 :","Strategic Adaptation","","Level 50 :","Cataclysm / VItal Points","Instant Exposure","","Pet","Grave Chill / Warp Conductive Frame","","Level 15 :","Dismantling II","","Level 30 :","Psychic Assault","","Level 50 :","Deadly Aim","Comprehensive Analysis","","","","","Level 15 :","Dismantling II","","Level 30 :","Danse Macabre","","Level 50 :","Extermination","Continuous Analysis","","","","","","","","","","","","","","","","","","","","","","","","","","","","","","","","","","","","","","","","","","","","","","","","","","","","","","","","","","","","","","","","","","","","","","","","","","","","","","","","","","","","","","","","","","","","","","","","","","","","","","","","","","",""
"","","","","Level 31 :","Castigating Echoes","Psyker Terminus","Level 51 :","Brother-In-Arms","Medicae","","","","","","","","Level 31 :","Warp Saturation","Psyker Terminus","Level 51 :","Psychic Barrage","Medicae","","","","","","","","Level 31 :","Personal Combat Zone","Echopulse","Level 51 :","Mind Siege","Medicae","","","","","","","","Level 31 :","Blazing Inferno","Create an Opening","Level 51 :","Killing Spree","Lore Warp","","","","","","","","","","","","","","","","","","","","","","","","","","","","","","","","","","","","","","","","","","","","","","","","","","","","","","","","","","","","","","","","","","","","","","","","","","","","","","","","","","","","","","","","","","","","","","","","","","","","","","","","","","",""
"","","","","Level 32 :","Intelligence","Lore Xenos","Level 52 :","Weak Body, Weak Soul","Mind Siege","","","","","","","","Level 32 :","Willpower","Lore Xenos","Level 52 :","Deterioration","Corpus Conversion","","","","","","","","Level 32 :","Lore Xenos","Perception","Level 52 :","Instant Exposure","Pain Channelling","","","","","","","","Level 32 :","Lore Xenos","","Level 52 :","Comprehensive Analysis","Doing my Part","","","","","","","","","","","","","","","","","","","","","","","","","","","","","","","","","","","","","","","","","","","","","","","","","","","","","","","","","","","","","","","","","","","","","","","","","","","","","","","","","","","","","","","","","","","","","","","","","","","","","","","","","","",""
"","","","","Level 33 :","Enhanced Augmetics","","Level 53 :","Complete the Cycle","Intelligence","i","","","","","","","Level 33 :","Enhanced Augmetics","","Level 53 :","Evil Eye","Willpower","","","","","","","","Level 33 :","Willpower","Adjusting Frontline","Level 53 :","Overwhelming Stratagem","Perception","","","","","","","","Level 33 :","Lone Killer","Intelligence","Level 53 :","Precise Attack","Intelligence","","","","","","","","","","","","","","","","","","","","","","","","","","","","","","","","","","","","","","","","","","","","","","","","","","","","","","","","","","","","","","","","","","","","","","","","","","","","","","","","","","","","","","","","","","","","","","","","","","","","","","","","","","",""
"","","","","Level 34 :","Weak Hearts","","Level 54 :","Cataclysm / Vital Points","Eternal Glory","","","","","","","","Level 34 :","Grenadier","","Level 54 :","Combat Meditation","Bound by Warp","","","","","","","","Level 34 :","Psyker Terminus","","Level 54 :","Cataclysm / VItal Points","Daunting Zone","","","","","","","","Level 34 :","Mental Breach","","Level 54 :","Deadly Aim","Insightful Precision","","","","","","","","","","","","","","","","","","","","","","","","","","","","","","","","","","","","","","","","","","","","","","","","","","","","","","","","","","","","","","","","","","","","","","","","","","","","","","","","","","","","","","","","","","","","","","","","","","","","","","","","","","",""
"","","","","Level 35 :","Overcharge I","","Level 55 :","Ap +1","","","","","","","","","Level 35 :","Overcharge I","","Level 55 :","Ap +1","","","","","","","","","Level 35 :","Take and Hold III","","Level 55 :","Ap +1","","","","","","","","","Level 35 :","Dispatch I","","Level 55 :","Ap +1","","","","","","","","","","","","","","","","","","","","","","","","","","","","","","","","","","","","","","","","","","","","","","","","","","","","","","","","","","","","","","","","","","","","","","","","","","","","","","","","","","","","","","","","","","","","","","","","","","","","","","","","","","","",""
"","Argenta the Rightous Fury https://youtu.be/gIUTk-n8cdo ","","","","","","","","","","Skill Options","","","Argenta the Swift Justice","","","","","","","","","","Skill Options","","","Argenta the Inspiring Saint","","","","","","","","","","Skill Options","","","","","","","","","","","","","","","","","","","","","","","","","","","","","","","","","","","","","","","","","","","","","","","","","","","","","","","","","","","","","","","","","","","","","","","","","","","","","","","","","","","","","","","","","","","","","","","","","","","","","","","","","","","","","","","","","","","","","",""
"","The damage from litany of hatred and tenets of retribution is insane","","","","","","","","","","Demolition / Awareness / Lore Imperium","","","Variant for those that don’t want to use heavy guns","","","","","","","","","","Awareness / Demolition","","","Variant for those that don’t want to use heavy guns","","","","","","","","","","Awareness / Demolition","","","","","","","","","","","","","","","","","","","","","","","","","","","","","","","","","","","","","","","","","","","","","","","","","","","","","","","","","","","","","","","","","","","","","","","","","","","","","","","","","","","","","","","","","","","","","","","","","","","","","","","","","","","","","","","","","","","","","",""
"","Soldier","","","Arch-Militant","","","Exemplar","","","","","","","Soldier","","","Arch-Militant","","","Exemplar","","","","","","","Soldier","","","Master Tactician","","","Exemplar","","","","","","","","","","","","","","","","","","","","","","","","","","","","","","","","","","","","","","","","","","","","","","","","","","","","","","","","","","","","","","","","","","","","","","","","","","","","","","","","","","","","","","","","","","","","","","","","","","","","","","","","","","","","","","","","","","","","","","","","","",""
"","Level 1 :","Run and Gun","","Level 16 :","Versatility","","Level 36 :","* Eagar for Battle","Rack and Ruin","","","","","Level 1 :","Run and Gun","","Level 16 :","Versatility","","Level 36 :","Eagar for Battle","Rack and Ruin","","","","","Level 1 :","Run and Gun","","Level 16 :","Tactical Advantage","Press The Advantage","Level 36 :","Eagar for Battle","Rack and Ruin","","","","","","","","","","","","","","","","","","","","","","","","","","","","","","","","","","","","","","","","","","","","","","","","","","","","","","","","","","","","","","","","","","","","","","","","","","","","","","","","","","","","","","","","","","","","","","","","","","","","","","","","","","","","","","","","","","","","","","","",""
"","Level 2 :","Demolition","","Level 17 :","Reckless Rush","","Level 37 :","Demolition","Distract","","Gear to consider","","","Level 2 :","Demolition","","Level 17 :","Wild Fire","","Level 37 :","Awareness","Exploit Weakness","","Gear to consider","","","Level 2 :","Demolition","","Level 17 :","Linchpin","","Level 37 :","Demolition","Personal Involvement","","Gear to consider","","","","","","","","","","","","","","","","","","","","","","","","","","","","","","","","","","","","","","","","","","","","","","","","","","","","","","","","","","","","","","","","","","","","","","","","","","","","","","","","","","","","","","","","","","","","","","","","","","","","","","","","","","","","","","","","","","","","","",""
"","Level 3 :","Revel in Slaughter","","Level 18 :","Always Ready","","Level 38 :","Ballistic Skill","Grenadier","","Helm","Corruption Eradicator Helmet / Gunslinger's Helm","","Level 3 :","Revel in Slaughter","","Level 18 :","Always Ready","","Level 38 :","Ballistic Skill","Better to Die for the Emperor","","Helm","Corruption Eradicator Helmet / Gunslinger's Helm","","Level 3 :","Revel in Slaughter","","Level 18 :","Reliance","","Level 38 :","Ballistic Skill","Better to die for the Emperor","","Helm","Corruption Eradicator Helmet / Gunslinger's Helm","","","","","","","","","","","","","","","","","","","","","","","","","","","","","","","","","","","","","","","","","","","","","","","","","","","","","","","","","","","","","","","","","","","","","","","","","","","","","","","","","","","","","","","","","","","","","","","","","","","","","","","","","","","","","","","","","","","","",""
"","Level 4 :","Firearm Mastery","Muzzle Velocity / Point-Blank","Level 19 :","Steady Superiority","","Level 39 :","Entrench","Demolition","","Armour","One Star Power Armour / Adherent of Mankind","","Level 4 :","Firearm Mastery","Muzzle Velocity","Level 19 :","Steady Superiority","","Level 39 :","Concentrated Fire","Demolition","","Armour","[Hive world ] Voidsmen Armour / Armour of the one star","","Level 4 :","Firearm Mastery","Muzzle Velocity","Level 19 :","Orchestrated Firestorm","","Level 39 :","Concentrated Fire","Demolition","","Armour","[Hive world ] Voidsmen Armour / Armour of the one star","","","","","","","","","","","","","","","","","","","","","","","","","","","","","","","","","","","","","","","","","","","","","","","","","","","","","","","","","","","","","","","","","","","","","","","","","","","","","","","","","","","","","","","","","","","","","","","","","","","","","","","","","","","","","","","","","","","","",""
"","Level 5 :","Ballistic Skill","Rapid Reload","Level 20 :","Ap +1","Ballistic Skill","Level 40 :","* Degraded Defence ","Preferred targets","","Cloak","Tactical Backpack","","Level 5 :","Ballistic Skill","Rapid Reload","Level 20 :","Ap +1","Ballistic Skill","Level 40 :","Degraded Defence","Distract","","Cloak","Tactical Backpack","","Level 5 :","Ballistic Skill","Rapid Reload","Level 20 :","Ap +1","Ballistic Skill","Level 40 :","Degraded Defence","Undisputed Advantage","","Cloak","Tactical Backpack","","","","","","","","","","","","","","","","","","","","","","","","","","","","","","","","","","","","","","","","","","","","","","","","","","","","","","","","","","","","","","","","","","","","","","","","","","","","","","","","","","","","","","","","","","","","","","","","","","","","","","","","","","","","","","","","","","","","",""
"","Level 6 :","Ballistic Skill","Rapid Fire","Level 21 :","Heavy Gunner","Ballistic Skill","Level 41 :","Ballistic Skill","Demolition Engineer","","Neck","Aquila Pendant / Dog Tags / Fury Incarnate / Focus Incense / Ruby Splash / Blessed Bolter Casing","","Level 6 :","Ballistic Skill","Rapid Fire","Level 21 :","Flashfire","Ballistic Skill","Level 41 :","Ballistic Skill","Demolition Engineer","","Neck","Aquila Pendant / Dog Tags / Fury Incarnate / Focus Incense / Ruby Splash","","Level 6 :","Ballistic Skill","Rapid Fire","Level 21 :","Ballistic Skill","Joint Offensive","Level 41 :","Ballistic Skill","Demolition Engineer","","Neck","Aquila Pendant / Dog Tags / Onslaught Amulet / Focus Incense / Ruby Splash","","","","","","","","","","","","","","","","","","","","","","","","","","","","","","","","","","","","","","","","","","","","","","","","","","","","","","","","","","","","","","","","","","","","","","","","","","","","","","","","","","","","","","","","","","","","","","","","","","","","","","","","","","","","","","","","","","","","",""
"","Level 7 :","Agility","Litany of Hatred","Level 22 :","Wild Fire","Breaking Point","Level 42 :","Kick","Perception","","Accessory 1","Chains of Domination / Demolition Instructions / Echo of Victory","","Level 7 :","Agility","Litany of Hatred","Level 22 :","Reckless Rush","Grenadier","Level 42 :","Kick","Agility","","Accessory 1","Chains of Domination / Demolition Instructions / Echo of Victory","","Level 7 :","Agility","Litany of Hatred","Level 22 :","Inspire","","Level 42 :","Finish the Job","Agility","","Accessory 1","Chains of Domination / Demolition Instructions / Echo of Victory","","","","","","","","","","","","","","","","","","","","","","","","","","","","","","","","","","","","","","","","","","","","","","","","","","","","","","","","","","","","","","","","","","","","","","","","","","","","","","","","","","","","","","","","","","","","","","","","","","","","","","","","","","","","","","","","","","","","",""
"","Level 8 :","Unfaltering Fire","Demolition","Level 23 :","Demolition","All out","Level 43 :","Ingenious","Know No Heresy","","Accessory 2","Bead of might / Book of war prayers / Saint Cognacius Scriptures","","Level 8 :","Unfaltering Fire","Awareness","Level 23 :","Demolition","All out","Level 43 :","Ingenious","Doing My Part","","Accessory 2","Demolition Instructions / Bead of might / Book of war prayers / Saint Cognacius Scriptures","","Level 8 :","Unfaltering Fire","Awareness","Level 23 :","Unwavering Motivation","Demolition","Level 43 :","Perfect Finish","Doing My Part","","Accessory 2","Demolition Instructions / Bead of might / Book of war prayers / Saint Cognacius Scriptures","","","","","","","","","","","","","","","","","","","","","","","","","","","","","","","","","","","","","","","","","","","","","","","","","","","","","","","","","","","","","","","","","","","","","","","","","","","","","","","","","","","","","","","","","","","","","","","","","","","","","","","","","","","","","","","","","","","","",""
"","Level 9 :","Firearm Mastery II","","Level 24 :","Agility","Overpower","Level 44 :","Awareness / Lore Imperium","Deadly Aim *","","Gloves","Compensator Gloves / Marksman Bracers / Gloves of Rapid Desolation","","Level 9 :","Firearm Mastery II","","Level 24 :","Agility","Know No Heresy","Level 44 :","Demolition","Deadly Aim *","","Gloves","Compensator Gloves","","Level 9 :","Firearm Mastery II","","Level 24 :","Agility","Grenadier","Level 44 :","Awareness / Lore Imperium","Deadly Aim *","","Gloves","Compensator Gloves / Marksman Bracers","","","","","","","","","","","","","","","","","","","","","","","","","","","","","","","","","","","","","","","","","","","","","","","","","","","","","","","","","","","","","","","","","","","","","","","","","","","","","","","","","","","","","","","","","","","","","","","","","","","","","","","","","","","","","","","","","","","","",""
"i","Level 10 :","Fired Up","Agility","Level 25 :","Flashfire","","Level 45 :","AP +1","","","Boots","Caligae of Saint Keefe / Sororitas Boots / Inertia Boots","","Level 10 :","Fired Up","Agility","Level 25 :","Close Quarters Training","","Level 45 :","AP +1","","","Boots","Caligae of saint keefe / Heavy Breacher Boots","","Level 10 :","Fired Up","Agility","Level 25 :","Against All Odds","","Level 45 :","AP +1","","","Boots","Inertia Boots / Caligae of saint keefe / Heavy Breacher Boots","","","","","","","","","","","","","","","","","","","","","","","","","","","","","","","","","","","","","","","","","","","","","","","","","","","","","","","","","","","","","","","","","","","","","","","","","","","","","","","","","","","","","","","","","","","","","","","","","","","","","","","","","","","","","","","","","","","","",""
"","Level 11 :","Concentrated Fire","Awareness / Lore Imperium","Level 26 :","Demolition","Agility","Level 46 :","Point Blank","Awareness / Lore Imperium","","Weapon Set 1","Improved Heavy Bolter","","Level 11 :","Controlled Shot","Awareness","Level 26 :","Demolition","Agility","Level 46 :","Point-Blank","Demolition","","Weapon Set 1","They Shall Weep / Hymn of Vehemence","","Level 11 :","Controlled Shot","Awareness","Level 26 :","Demolition","Agility","Level 46 :","Point-Blank","Awareness / Lore Imperium","","Weapon Set 1","They Shall Weep / Hymn of Vehemence","","","","","","","","","","","","","","","","","","","","","","","","","","","","","","","","","","","","","","","","","","","","","","","","","","","","","","","","","","","","","","","","","","","","","","","","","","","","","","","","","","","","","","","","","","","","","","","","","","","","","","","","","","","","","","","","","","","","",""
"","Level 12 :","Strength","Tenets of Retribution","Level 27 :","Steady Superiority IV","","Level 47 :","Enough Bullets for everyone","Medicae / Awareness","","","","","Level 12 :","Perception","Bolt Weapon Expert","Level 27 :","Steady Superiority IV","","Level 47 :","Enough Bullets for Everyone","Awareness","","","","","Level 12 :","Perception","Bolt Weapon Expert","Level 27 :","Orchestrated Firestorm II","","Level 47 :","Enough Bullets for Everyone","Medicae","","","","","","","","","","","","","","","","","","","","","","","","","","","","","","","","","","","","","","","","","","","","","","","","","","","","","","","","","","","","","","","","","","","","","","","","","","","","","","","","","","","","","","","","","","","","","","","","","","","","","","","","","","","","","","","","","","","","","","","",""
"","Level 13 :","Swift Slaughter","Bolt weapon Expert","Level 28 :","Awareness / Lore Imperium","Adaptability","Level 48 :","Exploit Weakness","Perception","","Weapon Set 2","Judex / Fiery Retribution / Purging Fury / Double Barreled-Shotgun","","Level 13 :","Swift Slaughter","Tenets of Retribution","Level 28 :","Awareness","Adaptability","Level 48 :","Contempt for the weak","Agility","","Weapon Set 2","Purging Fury","","Level 13 :","Swift Slaughter","Tenets of Retribution","Level 28 :","Dawn of Victory","","Level 48 :","Logistical Superiority","Agility","","Weapon Set 2","Purging Fury / Double-Barrel Shotgun","","","","","","","","","","","","","","","","","","","","","","","","","","","","","","","","","","","","","","","","","","","","","","","","","","","","","","","","","","","","","","","","","","","","","","","","","","","","","","","","","","","","","","","","","","","","","","","","","","","","","","","","","","","","","","","","","","","","",""
"","Level 14 :","Heavy Weapon Profeciency","Awareness / Lore Imperium","Level 29 :","Perception","Flame Weapon Expert / Stronger Together","Level 49 :","Agility","Medicae / Awareness","","","","","Level 14 :","Flame Weapon Expert","Demolition","Level 29 :","Perception","Stronger Together","Level 49 :","Perception","Medicae","","","","","Level 14 :","Flame Weapon Expert","Demolition","Level 29 :","Awareness / Lore Imperium","Perception","Level 49 :","Perception","Medicae","","","","","","","","","","","","","","","","","","","","","","","","","","","","","","","","","","","","","","","","","","","","","","","","","","","","","","","","","","","","","","","","","","","","","","","","","","","","","","","","","","","","","","","","","","","","","","","","","","","","","","","","","","","","","","","","","","","","","","","",""
"","Level 15 :","Firearm Mastery III","","Level 30 :","Devastating Attack","","Level 50 :","Extermination *","Tenderise / Intergrity","","","","","Level 15 :","Firearm Mastery III","","Level 30 :","Devastating Attack","","Level 50 :","Extermination *","Tenderise / Integrity","","","","","Level 15 :","Firearm Mastery III","","Level 30 :","Know No Heresy","Fervour","Level 50 :","Extermination *","Camraderie","","","","","","","","","","","","","","","","","","","","","","","","","","","","","","","","","","","","","","","","","","","","","","","","","","","","","","","","","","","","","","","","","","","","","","","","","","","","","","","","","","","","","","","","","","","","","","","","","","","","","","","","","","","","","","","","","","","","","","","",""
"","","","","Level 31 :","Breaking Attack","","Level 51 :","Contempt for the weak","Medicae / Awareness","","","","","","","","Level 31 :","Breaking Attack","","Level 51 :","Preferred Targets","Medicae","","","","","","","","Level 31 :","Stacking the Deck","","Level 51 :","Tactical Respite","Medicae","","","","","","","","","","","","","","","","","","","","","","","","","","","","","","","","","","","","","","","","","","","","","","","","","","","","","","","","","","","","","","","","","","","","","","","","","","","","","","","","","","","","","","","","","","","","","","","","","","","","","","","","","","","","","","","","","","","","","","","",""
"","","","","Level 32 :","Perception","Awareness / Lore Imperium","Level 52 :","Dismantle","Stronger Together / Swift Movements","","","","","","","","Level 32 :","Perception","Awareness","Level 52 :","Dismantle","Ready to Serve","","","","","","","","Level 32 :","Perception","Awareness / Lore Imperium","Level 52 :","Integrity / Alacrity","Stronger Together","","","","","","","","","","","","","","","","","","","","","","","","","","","","","","","","","","","","","","","","","","","","","","","","","","","","","","","","","","","","","","","","","","","","","","","","","","","","","","","","","","","","","","","","","","","","","","","","","","","","","","","","","","","","","","","","","","","","","","","",""
"","","","","Level 33 :","Critical Versatility","Perception","Level 53 :","Controlled Shot","Agility","","","","","","","","Level 33 :","Critical Versatility","Perception","Level 53 :","Entrench","Perception","","","","","","","","Level 33 :","Brink of Death","","Level 53 :","Entrench","Perception","","","","","","","","","","","","","","","","","","","","","","","","","","","","","","","","","","","","","","","","","","","","","","","","","","","","","","","","","","","","","","","","","","","","","","","","","","","","","","","","","","","","","","","","","","","","","","","","","","","","","","","","","","","","","","","","","","","","","","","",""
"","","","","Level 34 :","Perception","Litany of Purification","Level 54 :","Vital Points / Pinpoint Accuracy / Masterful Display","Accustomed to Glory","","","","","","","","Level 34 :","Willpower","Litany of Purification","Level 54 :","Vital Points / Pinpoint Accuracy / Masterful Display","Accustomed to Glory","","","","","","","","Level 34 :","Perception","Litany of Purification","Level 54 :","Vital Points / Pinpoint Accuracy / Masterful Display","Support the Advance
/ Comfort in Conformity","","","","","","","","","","","","","","","","","","","","","","","","","","","","","","","","","","","","","","","","","","","","","","","","","","","","","","","","","","","","","","","","","","","","","","","","","","","","","","","","","","","","","","","","","","","","","","","","","","","","","","","","","","","","","","","","","","","","","","","",""
"","","","","Level 35 :","Steady Superiority II","","Level 55 :","AP +1","","","","","","","","","Level 35 :","Steady Superiority II","","Level 55 :","AP +1","","","","","","","","","Level 35 :","Orchestrated Firestorm III","","Level 55 :","AP +1","","","","","","","","","","","","","","","","","","","","","","","","","","","","","","","","","","","","","","","","","","","","","","","","","","","","","","","","","","","","","","","","","","","","","","","","","","","","","","","","","","","","","","","","","","","","","","","","","","","","","","","","","","","","","","","","","","","","","","","","",""
"","Cassia the Strategist https://youtu.be/Nbe90dirU5Q ","","","","","","","","","","Skill Options","","","Cassia the Gaze","","","","","","","","","","Skill Options","","","","","","","","","","","","","","","","","","","","","","","","","","","","","","","","","","","","","","","","","","","","","","","","","","","","","","","","","","","","","","","","","","","","","","","","","","","","","","","","","","","","","","","","","","","","","","","","","","","","","","","","","","","","","","","","","","","","","","","","","","","","","","","","","","",""
"","The best option for cassia","","","","","","","","","","Lore Warp / Persuasion / Coercion / Commerce / Awareness","","","Hipster damage variant for when you have a grand strategist officer Rogue Trader","","","","","","","","","","Lore Warp / Persuasion / Coercion / Commerce / Awareness","","","","","","","","","","","","","","","","","","","","","","","","","","","","","","","","","","","","","","","","","","","","","","","","","","","","","","","","","","","","","","","","","","","","","","","","","","","","","","","","","","","","","","","","","","","","","","","","","","","","","","","","","","","","","","","","","","","","","","","","","","","","","","","","","","",""
"","Officer","","","Grand Strategist","","","Exemplar","","","","","","","Officer","","","Master Tactician","","","Exemplar","","","","","","","","","","","","","","","","","","","","","","","","","","","","","","","","","","","","","","","","","","","","","","","","","","","","","","","","","","","","","","","","","","","","","","","","","","","","","","","","","","","","","","","","","","","","","","","","","","","","","","","","","","","","","","","","","","","","","","","","","","","","","","","","","","","","","","",""
"","Level 1 :","Voice Of Command","","Level 16 :","Combat Tactics","","Level 36 :","Eager for Battle","Be Vigilant!","","","","","Level 1 :","Voice Of Command","","Level 16 :","Tactical Advantage","Press The Advantage","Level 36 :","Eager for Battle","Focus!","","","","","","","","","","","","","","","","","","","","","","","","","","","","","","","","","","","","","","","","","","","","","","","","","","","","","","","","","","","","","","","","","","","","","","","","","","","","","","","","","","","","","","","","","","","","","","","","","","","","","","","","","","","","","","","","","","","","","","","","","","","","","","","","","","","","",""
"","Level 2 :","Persuasion","","Level 17 :","Point of Curiosity","","Level 37 :","Lore Warp / Awareness","Fire at Will / Tonicity","","Gear to consider","","","Level 2 :","Persuasion","","Level 17 :","Linchpin","","Level 37 :","Lore Warp / Awareness","Tonicity","","Gear to consider","","","","","","","","","","","","","","","","","","","","","","","","","","","","","","","","","","","","","","","","","","","","","","","","","","","","","","","","","","","","","","","","","","","","","","","","","","","","","","","","","","","","","","","","","","","","","","","","","","","","","","","","","","","","","","","","","","","","","","","","","","","","","","","","","","",""
"","Level 3 :","Bring it Down !","","Level 18 :","Improvised Strategy","","Level 38 :","Willpower","Grenadier / Base Skill: Lore Warp","","Helm","Commander's Monocle","","Level 3 :","Bring it Down !","","Level 18 :","Reliance","","Level 38 :","Willpower","Ebb and Flow","","Helm","Commander's Monocle / Peripheral Visor","","","","","","","","","","","","","","","","","","","","","","","","","","","","","","","","","","","","","","","","","","","","","","","","","","","","","","","","","","","","","","","","","","","","","","","","","","","","","","","","","","","","","","","","","","","","","","","","","","","","","","","","","","","","","","","","","","","","","","","","","","","","","","","","","",""
"","Level 4 :","Finest Hour","Lasting Impression","Level 19 :","Take and Hold","","Level 39 :","Air of authority","Lore Warp / Awareness","","Armour","Slick Bodyglove","","Level 4 :","Finest Hour","Lasting Impression","Level 19 :","Orchestrated Firestorm","","Level 39 :","Reveal the Light","Lore Warp / Awareness","","Armour","Slick Bodyglove","","","","","","","","","","","","","","","","","","","","","","","","","","","","","","","","","","","","","","","","","","","","","","","","","","","","","","","","","","","","","","","","","","","","","","","","","","","","","","","","","","","","","","","","","","","","","","","","","","","","","","","","","","","","","","","","","","","","","","","","","","","","","","","","","",""
"","Level 5 :","Willpower","Mastery of Time","Level 20 :","Ap +1","Willpower","Level 40 :","Firebrand","Tonicity / Fire at Will","","Cloak","cloaking field emitter / Mercy's Gift / Cloak of Mercy","","Level 5 :","Willpower","Mastery of Time","Level 20 :","Ap +1","Willpower","Level 40 :","Firebrand","Veil of Protection","","Cloak","Mercy's Gift / Cloak of Mercy","","","","","","","","","","","","","","","","","","","","","","","","","","","","","","","","","","","","","","","","","","","","","","","","","","","","","","","","","","","","","","","","","","","","","","","","","","","","","","","","","","","","","","","","","","","","","","","","","","","","","","","","","","","","","","","","","","","","","","","","","","","","","","","","","",""
"","Level 6 :","Decisive Response","Willpower","Level 21 :","Fire at Will / Personal Combat Zone / Blood Augury ","Willpower","Level 41 :","Willpower","Inspiring speech","","Neck","Medal of Alacrity / Daemon Tool / Aquila Pendant","","Level 6 :","Decisive Response","Willpower","Level 21 :","Willpower","Personal Involvement","Level 41 :","Willpower","Be Vigilant!","","Neck","Medal of Alacrity / Daemon Tool / Aquila Pendant","","","","","","","","","","","","","","","","","","","","","","","","","","","","","","","","","","","","","","","","","","","","","","","","","","","","","","","","","","","","","","","","","","","","","","","","","","","","","","","","","","","","","","","","","","","","","","","","","","","","","","","","","","","","","","","","","","","","","","","","","","","","","","","","","",""
"","Level 7 :","Reveal the light","Eye of Oblivion","Level 22 :","Held In my Gaze / Waking Nightmare","","Level 42 :","Combat Locust","Perception","","Accessory 1","Black Signet of the Inquisition","","Level 7 :","Held in my Gaze","Blood Augury","Level 22 :","Inspire","","Level 42 :","Mend Reality","Perception","","Accessory 1","Black Signet of the Inquisition / Battle Plan","","","","","","","","","","","","","","","","","","","","","","","","","","","","","","","","","","","","","","","","","","","","","","","","","","","","","","","","","","","","","","","","","","","","","","","","","","","","","","","","","","","","","","","","","","","","","","","","","","","","","","","","","","","","","","","","","","","","","","","","","","","","","","","","","",""
"","Level 8 :","Focus!","Persuasion","Level 23 :","Lore Warp / Awareness","Unnatural Allure","Level 43 :","Blurred Locus","Open to the warp / Advanced Skill: Lore Warp","","Accessory 2","Precint Vox Relay / Commander's Notes","","Level 8 :","Pass Unscathed","Persuasion","Level 23 :","Unwavering Motivation","Persuasion","Level 43 :","Guide of Souls","Grenadier / Base Skill: Lore Warp","","Accessory 2","Precint Vox Relay / Commander's Chrono","","","","","","","","","","","","","","","","","","","","","","","","","","","","","","","","","","","","","","","","","","","","","","","","","","","","","","","","","","","","","","","","","","","","","","","","","","","","","","","","","","","","","","","","","","","","","","","","","","","","","","","","","","","","","","","","","","","","","","","","","","","","","","","","","",""
"","Level 9 :","Finest Hour IV","","Level 24 :","Perception","Blood Augury / Veil of Protection","Level 44 :","Persuasion","Eager Subordanates","","Gloves","Noble Silk Gloves / Thrice Pioneers Bracers / Grenadier's Gloves","","Level 9 :","Finest Hour IV","","Level 24 :","Perception","Undam the Sea of Souls","Level 44 :","Persuasion","Degraded Defence","","Gloves","Noble Silk Gloves / Thrice Pioneers Bracers / Grenadier's Gloves","","","","","","","","","","","","","","","","","","","","","","","","","","","","","","","","","","","","","","","","","","","","","","","","","","","","","","","","","","","","","","","","","","","","","","","","","","","","","","","","","","","","","","","","","","","","","","","","","","","","","","","","","","","","","","","","","","","","","","","","","","","","","","","","","",""
"","Level 10 :","Lore Warp / Awareness","Perception","Level 25 :","Ebb and Flow","","Level 45 :","AP +1","","","Boots","Soriritas Boots / Adrenaline Warboots","","Level 10 :","Lore Warp / Awareness","Perception","Level 25 :","Hidden Advantage","","Level 45 :","AP +1","","","Boots","Adrenaline Warboots / Sororitas Boots","","","","","","","","","","","","","","","","","","","","","","","","","","","","","","","","","","","","","","","","","","","","","","","","","","","","","","","","","","","","","","","","","","","","","","","","","","","","","","","","","","","","","","","","","","","","","","","","","","","","","","","","","","","","","","","","","","","","","","","","","","","","","","","","","",""
"","Level 11 :","Mind over Matter","Perception","Level 26 :","Perception","Lore Warp / Awareness","Level 46 :","Seize the Initiative","Persuasion","","Weapon Set 1","Warp Guide Staff / Astronomican Regalia","","Level 11 :","Steel Resolve","Perception","Level 26 :","Persuasion","Perception","Level 46 :","Leader's Assault","Persuasion","","Weapon Set 1","Warp Guide Staff / Astronomican Regalia","","","","","","","","","","","","","","","","","","","","","","","","","","","","","","","","","","","","","","","","","","","","","","","","","","","","","","","","","","","","","","","","","","","","","","","","","","","","","","","","","","","","","","","","","","","","","","","","","","","","","","","","","","","","","","","","","","","","","","","","","","","","","","","","","",""
"","Level 12 :","Zone of Fear / Notch of Purpose","Strange Vitality","Level 27 :","Take and Hold IV","","Level 47 :","Steel Resolve","Lore Warp / Awareness","","","","","Level 12 :","Air of Authority","Strange Vitality","Level 27 :","Orchestrated Firestorm II","","Level 47 :","Seize the Initiative","Lore Warp / Awareness","","","","","","","","","","","","","","","","","","","","","","","","","","","","","","","","","","","","","","","","","","","","","","","","","","","","","","","","","","","","","","","","","","","","","","","","","","","","","","","","","","","","","","","","","","","","","","","","","","","","","","","","","","","","","","","","","","","","","","","","","","","","","","","","","","","","",""
"","Level 13 :","Undam The Sea of Souls","Lore Warp / Awareness","Level 28 :","Guide of Souls","Fellowship","Level 48 :","Strategic Offensive","Perception","","Weapon Set 2","Red Crystal Staff / Staff of Orsellio Novator","","Level 13 :","Inspiring Speech","Lore Warp / Awareness","Level 28 :","Against All Odds","","Level 48 :","Comfort in Conformity","Perception","","Weapon Set 2","Red Crystal Staff / Staff of Orsellio Novator","","","","","","","","","","","","","","","","","","","","","","","","","","","","","","","","","","","","","","","","","","","","","","","","","","","","","","","","","","","","","","","","","","","","","","","","","","","","","","","","","","","","","","","","","","","","","","","","","","","","","","","","","","","","","","","","","","","","","","","","","","","","","","","","","",""
"","Level 14 :","Fellowship","Pass Unscathed","Level 29 :","Fellowship","Persuasion","Level 49 :","Fellowship","Lore Warp / Awareness","","","","","Level 14 :","Fellowship","Eye of Oblivion","Level 29 :","Lore Warp / Awareness","Fellowship","Level 49 :","Fellowship","Lore Warp / Awareness","","","","","","","","","","","","","","","","","","","","","","","","","","","","","","","","","","","","","","","","","","","","","","","","","","","","","","","","","","","","","","","","","","","","","","","","","","","","","","","","","","","","","","","","","","","","","","","","","","","","","","","","","","","","","","","","","","","","","","","","","","","","","","","","","","","","",""
"","Level 15 :","Finest Hour I","","Level 30 :","Mend Reality / Warp Curse","","Level 50 :","Degraded Defence","No Respite","","","","","Level 15 :","Finest Hour I","","Level 30 :","Mind Over Matter","Fervour","Level 50 :","Eager Subordanates","Armour of Contempt","","","","","","","","","","","","","","","","","","","","","","","","","","","","","","","","","","","","","","","","","","","","","","","","","","","","","","","","","","","","","","","","","","","","","","","","","","","","","","","","","","","","","","","","","","","","","","","","","","","","","","","","","","","","","","","","","","","","","","","","","","","","","","","","","","","","",""
"","","","","Level 31 :","Stable Routes","The Course Untravelled","Level 51 :","Personal Zone / Disputed Zone","Awareness / Lore Warp","","","","","","","","Level 31 :","Brink of Death","","Level 51 :","Stand Resolute","Lore Warp / Awareness","","","","","","","","","","","","","","","","","","","","","","","","","","","","","","","","","","","","","","","","","","","","","","","","","","","","","","","","","","","","","","","","","","","","","","","","","","","","","","","","","","","","","","","","","","","","","","","","","","","","","","","","","","","","","","","","","","","","","","","","","","","","","","","","","","","","",""
"","","","","Level 32 :","Persuasion","Intelligence","Level 52 :","Personal Oversight","Characteristic Training Will","","","","","","","","Level 32 :","Fellowship","Lore Warp / Awareness","Level 52 :","Personal Oversight","Stable Routes / Advanced Skill: Lore Warp","","","","","","","","","","","","","","","","","","","","","","","","","","","","","","","","","","","","","","","","","","","","","","","","","","","","","","","","","","","","","","","","","","","","","","","","","","","","","","","","","","","","","","","","","","","","","","","","","","","","","","","","","","","","","","","","","","","","","","","","","","","","","","","","","","","","",""
"","","","","Level 33 :","Intelligence","Threads and Faults","Level 53 :","Blitz Statagem","Fellowship","","","","","","","","Level 33 :","In The Hero's Footsteps","","Level 53 :","Immolate the Soul","Fellowship","","","","","","","","","","","","","","","","","","","","","","","","","","","","","","","","","","","","","","","","","","","","","","","","","","","","","","","","","","","","","","","","","","","","","","","","","","","","","","","","","","","","","","","","","","","","","","","","","","","","","","","","","","","","","","","","","","","","","","","","","","","","","","","","","","","","",""
"","","","","Level 34 :","Veil of Protection / Characteristic Training: Int","","Level 54 :","Combat Meditation","Physical Encouragement","","","","","","","","Level 34 :","Fellowship","Unnatural Allure","Level 54 :","Extermination","Inspire Courage","","","","","","","","","","","","","","","","","","","","","","","","","","","","","","","","","","","","","","","","","","","","","","","","","","","","","","","","","","","","","","","","","","","","","","","","","","","","","","","","","","","","","","","","","","","","","","","","","","","","","","","","","","","","","","","","","","","","","","","","","","","","","","","","","","","","",""
"","","","","Level 35 :","Take and Hold III","","Level 55 :","AP +1","","","","","","","","","Level 35 :","Orchestrated Firestorm III","","Level 55 :","AP +1","","","","","","","","","","","","","","","","","","","","","","","","","","","","","","","","","","","","","","","","","","","","","","","","","","","","","","","","","","","","","","","","","","","","","","","","","","","","","","","","","","","","","","","","","","","","","","","","","","","","","","","","","","","","","","","","","","","","","","","","","","","","","","","","","","","","","",""
"","Pasqal the Plasma Artillery Battery https://youtu.be/3TRnW2Nffq8 ","","","","","","","","","","Skill Options","","","Pasqal the Discontinuer.... of Life","","","","","","","","","","Skill Options","","","Pasqal the Bug Zapper","","","","","","","","","","Skill Options","","","Pasqal the Arc Reactor","","","","","","","","","","Skill Options","","","Pasqal Thunderbirds are go","","","","","","","","","","Skill Options","","","Rite of Machine Spirit Communion","","","","","","","","","","Skill Options","","","Pasqal Magos Prime","","","","","","","","","","Skill Options","","","","","","","","","","","","","","","","","","","","","","","","","","","","","","","","","","","","","","","","","","","","","","","","","","","","","","","","","","","","","","","","","",""
"","Operative wasnt buffed but plasma and arc pasqal sure as hell were. You can convert either pasqal build into arc rifle if you move talents around","","","","","","","","","","Tech-Use / Logic / Lore Imperium / Lore Xenos / Medicae / Awareness","","","Plasma Assassin","","","","","","","","","","Tech-Use / Logic / Lore Imperium / Lore Xenos / Medicae / Awareness","","","More consistent per shot damage but less action economy than bounty hunter (arc rifle might be ignoring enemy defences so armour pen could be pointless)","","","","","","","","","","Tech-Use / Logic / Lore Imperium / Lore Xenos / Medicae / Awareness","","","More consistent attacks and AP but less damage than notes on weakness Assassin (arc rifle might be ignoring enemy defences so armour pen could be pointless)","","","","","","","","","","Tech-Use / Logic / Lore Imperium / Lore Xenos / Medicae / Awareness","","","(arc rifle might be ignoring enemy defences so armour pen could be pointless)","","","","","","","","","","Tech-Use / Logic / Lore Imperium / Lore Xenos / Medicae / Awareness","","","Pasqal Arc rifle build with a tanky servo-skull for stacking exploits","","","","","","","","","","Tech-Use / Logic / Lore Imperium / Lore Xenos / Medicae / Awareness","","","Can be used with missionary oath but I dont highly rate that strategy","","","","","","","","","","Tech-Use / Logic / Lore Imperium / Lore Xenos / Medicae / Awareness","","","","","","","","","","","","","","","","","","","","","","","","","","","","","","","","","","","","","","","","","","","","","","","","","","","","","","","","","","","","","","","","","",""
"","Operative","","","Bounty Hunter","","","Exemplar","","","","","","","Operative","","","Assassin","","","Exemplar","","","","","","","Operative","","","Assassin","","","Exemplar","","","","","","","Operative","","","Bounty Hunter","","","Exemplar","","","","","","","Operative","","","Overseer","","","Exemplar","","","","","","","Operative","","","Overseer","","","Exemplar","","","","","","","Operative","","","Grand Strategist","","","Exemplar","","","","","","","","","","","","","","","","","","","","","","","","","","","","","","","","","","","","","","","","","","","","","","","","","","","","","","","","","","","","","","","","","","","","","",""
"","Level 1 :","Analyse Enemies","","Level 16 :","Hunt Down The Prey","","Level 36 :","Eager for Battle *","Fresh Target","","","","","Level 1 :","Analyse Enemies","","Level 16 :","Seek the Opening","","Level 36 :","Eager for Battle *","Fresh Target","","","","","Level 1 :","Analyse Enemies","","Level 16 :","Seek the Opening","","Level 36 :","DeathDealer *","Fresh Target","","","","","Level 1 :","Analyse Enemies","","Level 16 :","Hunt Down The Prey","","Level 36 :","Deathdealer *","Fresh Target","","","","","Level 1 :","Analyse Enemies","","Level 16 :","Cyber-Eagle Proficiency","","Level 36 :","Eager for Battle","Fresh Target","","","","","Level 1 :","Analyse Enemies","","Level 16 :","Servo-Skull Proficiency","","Level 36 :","Eager for Battle","Fresh Target","","","","","Level 1 :","Analyse Enemies","","Level 16 :","Combat Tactics","","Level 36 :","Degraded Defence","Ballistics Calculation","","","","","","","","","","","","","","","","","","","","","","","","","","","","","","","","","","","","","","","","","","","","","","","","","","","","","","","","","","","","","","","","","","","",""
"","Level 2 :","Tech-Use","","Level 17 :","Claim the Bounty","","Level 37 :","Tech-Use","Share the Spoils","","Gear to consider","","","Level 2 :","Tech-Use","","Level 17 :","Death Whisper","","Level 37 :","Tech-Use","Lethal Concentration","","Gear to consider","","","Level 2 :","Tech-Use","","Level 17 :","Death Whisper","","Level 37 :","Tech-Use","Lethal Concentration","","Gear to consider","","","Level 2 :","Tech-Use","","Level 17 :","Claim the Bounty","","Level 37 :","Tech-Use","Share the Spoils","","Gear to consider","","","Level 2 :","Tech-Use","","Level 17 :","Live Bait","","Level 37 :","Tech-Use","Wind Currents","","Gear to consider","","","Level 2 :","Tech-Use","","Level 17 :","Priority Signal","","Level 37 :","Tech-Use","Pulse Amplifier","","Gear to consider","","","Level 2 :","Tech-Use","","Level 17 :","Combat Locus Stratagem","","Level 37 :","Tech-Use","Opening Strategy","","Gear to consider","","","","","","","","","","","","","","","","","","","","","","","","","","","","","","","","","","","","","","","","","","","","","","","","","","","","","","","","","","","","","","","","","",""
"","Level 3 :","Expose Weakness","","Level 18 :","Hunting Surge","","Level 38 :","Ballistic Skill","Grenadier","","Helm","Self-Calibrating Goggles / Helm / Enhanced Data-Tether Mask","","Level 3 :","Expose Weakness","","Level 18 :","Deadly Calculation","","Level 38 :","Ballistic Skill","Grenadier","","Helm","Self-Calibrating Goggles / Helm / Enhanced Data-Tether Mask","","Level 3 :","Expose Weakness","","Level 18 :","Deadly Calculation","","Level 38 :","Ballistic Skill","Grenadier","","Helm","Enhanced Data-Tether Mask / Weakness Detector / Vivisector's Visor","","Level 3 :","Expose Weakness","","Level 18 :","Hunter's Ambush","","Level 38 :","Ballistic Skill","Grenadier","","Helm","Self-Calibrating Goggles / Helm / Enhanced Data-Tether Mask","","Level 3 :","Expose Weakness","","Level 18 :","Disposition Analysis","","Level 38 :","Ballistic Skill","Grenadier","","Helm","Enhanced Data-Tether Mask / Lingering WHisper","","Level 3 :","Expose Weakness","","Level 18 :","Field Modification","","Level 38 :","Ballistic Skill","Grenadier","","Helm","Enhanced Data-Tether Mask / Lingering Whisper","","Level 3 :","Expose Weakness","","Level 18 :","Improvised Strategy","","Level 38 :","Ballistic Skill","Base Skill: Lore Xenos","","Helm","Enhanced Data-Tether Mask / Arch-Strategist's Visor","","","","","","","","","","","","","","","","","","","","","","","","","","","","","","","","","","","","","","","","","","","","","","","","","","","","","","","","","","","","","","","","",""
"","Level 4 :","Dismantling","Passive learning","Level 19 :","Wild Hunt","","Level 39 :","Tactical Knowledge","Tech-Use","","Armour","[Hiveworld] Voidsman Armour / Adaptive Flak Vest / Skiitaari Ranger Armour","","Level 4 :","Dismantling","Passive learning","Level 19 :","Dispatch","","Level 39 :","Tactical Knowledge","Tech-Use","","Armour","[Hiveworld] Voidsman Armour / Adaptive Flak Vest / Skiitaari Ranger Armour","","Level 4 :","Dismantling","Passive learning","Level 19 :","Dispatch","","Level 39 :","Precise Attack","Tech-Use","","Armour","Skiitaari Ranger Armour / [Hiveworld] Voidsman Armour","","Level 4 :","Dismantling","Passive learning","Level 19 :","Wild Hunt","","Level 39 :","Tactical Knowledge","Tech-Use","","Armour","[Hiveworld] Voidsman Armour / Adaptive Flak Vest / Skiitaari Ranger Armour","","Level 4 :","Dismantling","Passive learning","Level 19 :","Overcharge","","Level 39 :","Precise Attack","Tech-Use","","Armour","Skiitaari Ranger Armour / [Hiveworld] Voidsman Armour","","Level 4 :","Dismantling","Passive learning","Level 19 :","Overcharge","","Level 39 :","Perfect Spot","Tech-Use","","Armour","Skiitaari Ranger Armour / [Hiveworld] Voidsman Armour","","Level 4 :","Dismantling","Passive learning","Level 19 :","Take and Hold","","Level 39 :","Perfect Spot","Tech-Use","","Armour","[Hiveworld] Voidsman Armour","","","","","","","","","","","","","","","","","","","","","","","","","","","","","","","","","","","","","","","","","","","","","","","","","","","","","","","","","","","","","","","","",""
"","Level 5 :","Ballistic Skill","Aiming Protocols","Level 20 :","AP +1 - Ballistic Skill","Safety Training","Level 40 :","Degraded Defence","Inspiring Trophy","","Cloak","Shadowguide Cloak / Cape of Righteous Fury / Zealot Cloak / Von Valancius Cloak (might be a bug not being RT restricted)","","Level 5 :","Ballistic Skill","Scanner Mechadendrite","Level 20 :","AP +1","Ballistic Skill","Level 40 :","Degraded Defence","Carmine Whisper","","Cloak","Shadowguide Cloak / Cape of Righteous Fury / Zealot Cloak / Von Valancius Cloak (might be a bug not being RT restricted)","","Level 5 :","Ballistic Skill","Aiming Protocols","Level 20 :","AP +1","Ballistic Skill","Level 40 :","Degraded Defence","Bringer of Doom","","Cloak","Shadowguide Cloak / Cape of Righteous Fury / Von Valancius Cloak (might be a bug not being RT restricted)","","Level 5 :","Ballistic Skill","Aiming Protocols","Level 20 :","AP +1 - Ballistic Skill","Staggering Jolt","Level 40 :","Degraded Defence","Inspiring Trophy","","Cloak","Shadowguide Cloak / Cape of Righteous Fury / Zealot Cloak / Von Valancius Cloak (might be a bug not being RT restricted)","","Level 5 :","Ballistic Skill","Aiming Protocols","Level 20 :","Ap +1","Ballistic Skill","Level 40 :","Degraded Defence","Suppression Factor","","Cloak","Shadowguide Cloak / Cape of Righteous Fury / Zealot Cloak / Von Valancius Cloak (might be a bug not being RT restricted)","","Level 5 :","Ballistic Skill","Aiming Protocols","Level 20 :","Ap +1","Ballistic Skill","Level 40 :","Degraded Defence","Utility Mechandendrite","","Cloak","Shadowguide Cloak / Cape of Righteous Fury / Zealot Cloak / Von Valancius Cloak (might be a bug not being RT restricted)","","Level 5 :","Ballistic Skill","Aiming Protocols","Level 20 :","Ap +1","Ballistic Skill","Level 40 :","Deathdealer","Critical Zone","","Cloak","Von Valancius Cloak / Cloaking Field Emitter","","","","","","","","","","","","","","","","","","","","","","","","","","","","","","","","","","","","","","","","","","","","","","","","","","","","","","","","","","","","","","","","",""
"","Level 6 :","Uncanny Sight","Intelligence","Level 21 :","Ballistic Skill","Hunter's Ambush","Level 41 :","Ballistic Skill","Improved Tactics","","Neck","Synaptic Coagulator / Warlord's Amulet / Hypnotising Pendant","","Level 6 :","Uncanny Sight","Intelligence","Level 21 :","Imminent Demise","Ballistic Skill","Level 41 :","Ballistic Skill","Improved Tactics","","Neck","Synaptic Coagulator / Warlord's Amulet / Hypnotising Pendant","","Level 6 :","Uncanny Sight","Ballistic Skill","Level 21 :","Imminent Demise","Ballistic Skill","Level 41 :","Intelligence","Insightful Precision","","Neck","Synaptic Coagulator / Warlord's Amulet / Hypnotising Pendant","","Level 6 :","Uncanny Sight","Ballistic Skill","Level 21 :","Ballistic Skill","Hunting Surge","Level 41 :","Ballistic Skill","Improved Tactics","","Neck","Synaptic Coagulator / Warlord's Amulet / Hypnotising Pendant","","Level 6 :","Uncanny Sight","Ballistic Skill","Level 21 :","Rite of Calibration","Ballistic Skill","Level 41 :","Ballistic Skill","Insightful Precision","","Neck","Synaptic Coagulator / Warlord's Amulet / Hypnotising Pendant","","Level 6 :","Uncanny Sight","Ballistic Skill","Level 21 :","Rite of Calibration","Ballistic Skill","Level 41 :","Ballistic Skill","Sniper Expertise","","Neck","Synaptic Coagulator / Warlord's Amulet / Hypnotising Pendant","","Level 6 :","Uncanny Sight","Intelligence","Level 21 :","Blurred Locus","Ballistic Skill","Level 41 :","Ballistic Skill","Sniper Expertise","","Neck","Synaptic Coagulator / Warlord's Amulet / Hypnotising Pendant","","","","","","","","","","","","","","","","","","","","","","","","","","","","","","","","","","","","","","","","","","","","","","","","","","","","","","","","","","","","","","","","",""
"","Level 7 :","Joint Analysis","Tech-Use","Level 22 :","Cull the bold","","Level 42 :","Piercing Shot","Intelligence","","Accessory 1","Long-Range Aim Lens / Untuning combi-tool","","Level 7 :","Joint Analysis","Tech-Use","Level 22 :","Tech-Use","Killing Edge","Level 42 :","Poised to Strike","Perception","","Accessory 1","Long-Range Aim Lens / Untuning combi-tool","","Level 7 :","Joint Analysis / Intimidation","Tech-Use","Level 22 :","Tech-Use","Killing Edge","Level 42 :","Poised to Strike","Intelligence","","Accessory 1","Long-Range Aim Lens / Vid-Capture Relay","","Level 7 :","Joint Analysis / Intimidation","Tech-Use","Level 22 :","Cull the bold","","Level 42 :","Piercing Shot","Intelligence","","Accessory 1","Long-Range Aim Lens / Untuning combi-tool","","Level 7 :","Joint Analysis","Tech-Use","Level 22 :","Strategic Adaptation","Tech-Use","Level 42 :","Strafe","Intelligence","","Accessory 1","Long-Range Aim Lens / Untuning combi-tool","","Level 7 :","Joint Analysis","Tech-Use","Level 22 :","Strategic Adaptation","Tech-Use","Level 42 :","Provocation Signal","Intelligence","","Accessory 1","Long-Range Aim Lens / Untuning combi-tool","","Level 7 :","Tactical Knowledge","Tech-Use","Level 22 :","Blitz Stratagem","","Level 42 :","Killzone Stratagem","Intelligence","","Accessory 1","Untuning combi-tool","","","","","","","","","","","","","","","","","","","","","","","","","","","","","","","","","","","","","","","","","","","","","","","","","","","","","","","","","","","","","","","","",""
"","Level 8 :","Tide of Excellence","External Power Block","Level 23 :","Flay the bold","Tech-Use","Level 43 :","Pierce and Ruin","Machine Spirit Scan Protocols","","Accessory 2","Prey Scanner / Vid-Capture Relay / Untuning combi-tool","","Level 8 :","Tide of Excellence","Aiming Protocols","Level 23 :","Lethality Heightens","","Level 43 :","Flawless Lunge","Enhanced Splash Area","","Accessory 2","Prey Scanner / Vid-Capture Relay / Untuning combi-tool","","Level 8 :","Tide of Excellence","Scanner Mechadendrite","Level 23 :","Lethality Heightens","","Level 43 :","Flawless Lunge","Echopulse","","Accessory 2","Note on Weaknesses / Untuning combi-tool / bead of might","","Level 8 :","Tide of Excellence","Scanner Mechadendrite","Level 23 :","Flay the bold","Tech-Use","Level 43 :","Pierce and Ruin","Pulse Amplifier","","Accessory 2","Prey Scanner / Vid-Capture Relay / Untuning combi-tool","","Level 8 :","Tide of Exellence","Scanner Mechadendrite","Level 23 :","Swift Shadows","","Level 43 :","Master's Patternronage","Characteristic Training: Per","","Accessory 2","Vid-Capture Relay / Untuning combi-tool / Bead of Might","","Level 8 :","Tide of Exellence","Scanner Mechadendrite","Level 23 :","Symbiosis","","Level 43 :","Brother-in-Arms","Exposing Communion","","Accessory 2","Vid-Capture Relay / Untuning combi-tool / Bead of Might","","Level 8 :","Tide of Excellence","External Power Block","Level 23 :","Tech-Use","Fire at Will","Level 43 :","Inescapable Zone","Advanced Skill: Lore Xenos","","Accessory 2","Commander's Notes","","","","","","","","","","","","","","","","","","","","","","","","","","","","","","","","","","","","","","","","","","","","","","","","","","","","","","","","","","","","","","","","",""
"","Level 9 :","Dismantling III","Medicae","Level 24 :","Intelligence","Scanner Mechadendrite","Level 44 :","Logic","Deathdealer *","","Gloves","Plasmashaper Gloves / Overcharge Gloves","","Level 9 :","Dismantling II","Medicae","Level 24 :","Perception","Overcharge Protocols","Level 44 :","Logic","DeathDealer *","","Gloves","Plasmashaper Gloves / Overcharge Gloves","","Level 9 :","Dismantling III","Medicae","Level 24 :","Perception","Staggering Jolt","Level 44 :","Logic","Eager for Battle *","","Gloves","Plasmashaper Gloves / Overcharge Gloves","","Level 9 :","Dismantling II","Medicae","Level 24 :","Intelligence","Overclocking Module","Level 44 :","Logic","Eager for Battle *","","Gloves","Plasmashaper Gloves / Overcharge Gloves","","Level 9 :","Dismantling III","Medicae","Level 24 :","Intelligence","Staggering Jolt","Level 44 :","Logic","Deathdealer","","Gloves","Marksman Bracers","","Level 9 :","Dismantling II","Medicae","Level 24 :","Intelligence","Machine Spirit Scan Protocols","Level 44 :","Logic","Deathdealer","","Gloves","Marksman Bracers / Grenadier's Gloves","","Level 9 :","Dismantling III","Medicae","Level 24 :","Intelligence","Scanner Mechadendrite","Level 44 :","Logic","Extermination","","Gloves","Overcharge Gloves / Marksman Bracers / Grenadier's Gloves / Plasmashapers gloves","","","","","","","","","","","","","","","","","","","","","","","","","","","","","","","","","","","","","","","","","","","","","","","","","","","","","","","","","","","","","","","","",""
"","Level 10 :","Logic","Perception","Level 25 :","Heightened Concentration","","Level 45 :","AP +1","","","Boots","Sharpshooter Boots / Tracking Boots","","Level 10 :","Logic","Perception","Level 25 :","Perfect Opening","","Level 45 :","AP +1","","","Boots","Sharpshooter Boots / Tracking Boots","","Level 10 :","Logic","Intelligence","Level 25 :","Disarray","","Level 45 :","AP +1","","","Boots","Sharpshooter Boots","","Level 10 :","Logic","Intelligence","Level 25 :","Heightened Concentration","","Level 45 :","AP +1","","","Boots","Sharpshooter Boots / Tracking Boots","","Level 10 :","Logic","Intelligence","Level 25 :","Emergency Protocol","","Level 45 :","AP +1","","","Boots","Sharpshooter Boots","","Level 10 :","Logic","Intelligence","Level 25 :","Safe Shelter","","Level 45 :","AP +1","","","Boots","Sharpshooter Boots","","Level 10 :","Logic","Perception","Level 25 :","Personal Combat Zone","","Level 45 :","Ap +1","","","Boots","Sharpshooter Boots","","","","","","","","","","","","","","","","","","","","","","","","","","","","","","","","","","","","","","","","","","","","","","","","","","","","","","","","","","","","","","","","",""
"","Level 11 :","Ballistic Calculations / Sharpshooter","Logic","Level 26 :","Tech-Use","Intelligence","Level 46 :","Combat Insight","Logic","","Weapon Set 1","Omnissiah's Providence","","Level 11 :","Ballistic Calculations / Sharpshooter","Logic","Level 26 :","Perception","Tech-Use","Level 46 :","Combat Insight","Logic","","Weapon Set 1","Omnissiah's Providence","","Level 11 :","Ballistic Calculations / Sharpshooter","Logic","Level 26 :","Perception","Tech-Use","Level 46 :","Sharpshooter / Ballistic Calculations","Logic","","Weapon Set 1","Omnissiah's Providence","","Level 11 :","Ballistic Calculations / Sharpshooter","Logic","Level 26 :","Tech-Use","Intelligence","Level 46 :","Combat Insight","Logic","","Weapon Set 1","Omnissiah's Providence","","Level 11 :","Ballistic Calculations / Sharpshooter","Logic","Level 26 :","Intelligence","Tech-Use","Level 46 :","Sharpshooter / Ballistic Calculations","Logic","","Weapon Set 1","Omnissiah's Providence","","Level 11 :","Sharpshooter","Logic","Level 26 :","Intelligence","Tech-Use","Level 46 :","Ballistic Calculations","Logic","","Weapon Set 1","Omnissiah's Providence","","Level 11 :","Improved Tactics","Logic","Level 26 :","Intelligence","Tech-Use","Level 46 :","Sharpshooter","Logic","","Weapon Set 1","Omnissiah's Providence","","","","","","","","","","","","","","","","","","","","","","","","","","","","","","","","","","","","","","","","","","","","","","","","","","","","","","","","","","","","","","","","",""
"","Level 12 :","Perfect Spot","Plasma Bank","Level 27 :","Wild Hunt II","","Level 47 :","Sharpshooter / Ballistic Calculations","Lore Xenos","","","","","Level 12 :","Perfect Spot","External Power Block","Level 27 :","Dispatch II","","Level 47 :","Sharpshooter / Ballistic Calculations","Lore Xenos","","","","","Level 12 :","Perfect Spot","Liturgy of Insulation","Level 27 :","Dispatch II","","Level 47 :","Combat Insight","Lore Xenos","","","","","Level 12 :","Perfect Spot","Liturgy of Insulation","Level 27 :","Wild Hunt II","","Level 47 :","Sharpshooter / Ballistic Calculations","Awareness / Lore Xenos","","","","","Level 12 :","Perfect Spot","Liturgy of Insulation","Level 27 :","Overcharge II","","Level 47 :","Weak Body, Weak Soul","Lore Xenos","","","","","Level 12 :","Tactical Knowledge","Liturgy of Insulation","Level 27 :","Overcharge III","","Level 47 :","Weak Body, Weak Soul","Lore Xenos","","","","","Level 12 :","Joint Analysis","Plasma Bank","Level 27 :","Take and Hold IV","","Level 47 :","Weak Body, Weak Soul","Lore Xenos","","","","","","","","","","","","","","","","","","","","","","","","","","","","","","","","","","","","","","","","","","","","","","","","","","","","","","","","","","","","","","","","","","","",""
"","Level 13 :","Sniper Expertise","Perception","Level 28 :","Savour the kill","","Level 48 :","Pierce the Armour","Intelligence","","Weapon Set 2","Ragefire Plasma Gun / Ancient Plasma Rifle / Incandecent Storm","","Level 13 :","Sniper Expertise","Perception","Level 28 :","Safety Training","Disarray","Level 48 :","Mortally Effective","Perception","","Weapon Set 2","Ancient Plasma Rifle / Incandecent Storm","","Level 13 :","Sniper Expertise","Intelligence","Level 28 :","Overclocking Module","Seize the Advantage","Level 48 :","An Eye for the Unscathed","Perception","","Weapon Set 2","Arc Rifle Mindstorm / Corpuscarii Oath / Alpha's Arc Rifle","","Level 13 :","Sniper Expertise","Intelligence","Level 28 :","Savour the kill","","Level 48 :","Pierce the Armour","Intelligence","","Weapon Set 2","Arc Rifle Mindstorm / Corpuscarii Oath / Alpha's Arc Rifle","","Level 13 :","Sniper Expertise","Intelligence","Level 28 :","Sharpened Talons","Machine Spirit Scan Protocols","Level 48 :","Bloody Mark","Intelligence","","Weapon Set 2","Arc Rifle Mindstorm / Corpuscarii Oath / Alpha's Arc Rifle","","Level 13 :","Improved Tactics","Intelligence","Level 28 :","Emergency Stimulation","Overclocking Module","Level 48 :","Master's Patronage","Intelligence","","Weapon Set 2","Arc Rifle Mindstorm / Corpuscarii Oath / Alpha's Arc Rifle","","Level 13 :","Fresh Target","Perception","Level 28 :","Strategic Offensive","Perception","Level 48 :","Personal Zone","Intelligence","","Weapon Set 2","Ragefire Plasma Gun","","","","","","","","","","","","","","","","","","","","","","","","","","","","","","","","","","","","","","","","","","","","","","","","","","","","","","","","","","","","","","","","",""
"","Level 14 :","Intelligence","Overcharge Protocols","Level 29 :","Logic","Perception","Level 49 :","Perception","Lore Xenos","","","","","Level 14 :","Intelligence","Plasma Bank","Level 29 :","Intelligence","Logic","Level 49 :","Intelligence","Lore Xenos","","","","","Level 14 :","Perception","Residual Charge","Level 29 :","Intelligence","Logic","Level 49 :","Perception","Lore Xenos","","","","","Level 14 :","Perception","Residual Charge","Level 29 :","Logic","Perception","Level 49 :","Perception","Awareness / Lore Xenos","","","","","Level 14 :","Perception","Residual Charge","Level 29 :","Perception","Logic","Level 49 :","Perception","Lore Xenos","","","","","Level 14 :","Perception","Residual Charge","Level 29 :","Perception","Logic","Level 49 :","Perception","Lore Xenos","","","","","Level 14 :","Intelligence","Overcharge Protocols","Level 29 :","Perception","Logic","Level 49 :","Perception","Lore Xenos","","","","","","","","","","","","","","","","","","","","","","","","","","","","","","","","","","","","","","","","","","","","","","","","","","","","","","","","","","","","","","","","","","","",""
"","Level 15 :","Dismantling II","","Level 30 :","Filtering Protocols","Hot on the trail","Level 50 :","Deadly Aim / Vital Points","Weak Body, Weak Soul","","","","","Level 15 :","Dismantling III","","Level 30 :","Elusive Shadow","","Level 50 :","Deadly Aim / Vital Points","Weak Body, Weak Soul","","","","","Level 15 :","Dismantling II","","Level 30 :","Elusive Shadow","","Level 50 :","Vital Points / Masterful Display","Weak Body, Weak Soul","","","","","Level 15 :","Dismantling III","","Level 30 :","Machine Spirit Scan Protocols","Hot on the trail","Level 50 :","Vital Points / Masterful Display","Weak Body, Weak Soul","","","","","Level 15 :","Dismantling II","","Level 30 :","Blinding Strike","","Level 50 :","Extermination","Continuous Analysis","","Pet Protocol","Targeted Harassment / Falconry","","Level 15 :","Dismantling III","","Level 30 :","Advanced Tracking","","Level 50 :","Vital Points / Masterful Display","Continuous Analysis","","Pet Protocol","Fortification Protocol / Analytics Module / Inanimate Shield / Stimulation Protocol / Computation Module FI-DR-Beta","","Level 15 :","Dismantling II","","Level 30 :","Overwhelming Stratagem","","Level 50 :","Eager for Battle","Joint Offence","","","","","","","","","","","","","","","","","","","","","","","","","","","","","","","","","","","","","","","","","","","","","","","","","","","","","","","","","","","","","","","","","","","",""
"","","","","Level 31 :","Trail and Shatter","","Level 51 :","Gruesome Kill","Lore Xenos","","","","","","","","Level 31 :","Filtering Protocols","Seize the Advantage","Level 51 :","Bringer of Doom","Lore Xenos","","","","","","","","Level 31 :","Machine Spirit Scan Protocols","Perfect Opening","Level 51 :","Create an Opening","Lore Xenos","","","","","","","","Level 31 :","Trail and Shatter","","Level 51 :","Gruesome Kill","Awareness / Lore Xenos","","","","","","","","Level 31 :","Enhanced Augmetics","Echopulse","Level 51 :","Brother-In-Arms","Lore Xenos","","","","","","","","Level 31 :","Enhanced Augmetics","Staggering Jolt","Level 51 :","Unseen Support","Lore Xenos","","","","","","","","Level 31 :","Daunting Zone","Machine Spirit Scan Protocols","Level 51 :","Sniping Zone","Lore Xenos","","","","","","","","","","","","","","","","","","","","","","","","","","","","","","","","","","","","","","","","","","","","","","","","","","","","","","","","","","","","","","","","","","","",""
"","","","","Level 32 :","Perception","Logic","Level 52 :","Comprehensive Analysis","Enhanced Splash Area","","","","","","","","Level 32 :","Logic","","Level 52 :","Comprehensive Analysis","Machine Spirit Scan Protocols","","","","","","","","Level 32 :","Logic","","Level 52 :","Continuous Analysis","Persistence of the Forge","","","","","","","","Level 32 :","Perception","Logic","Level 52 :","Comprehensive Analysis","Persistence of the Forge","","","","","","","","Level 32 :","Perception","Logic","Level 52 :","Comprehensive Analysis","Characteristic Training: Int","","","","","","","","Level 32 :","Perception","Logic","Level 52 :","Comprehensive Analysis","Persistence of the Forge","","","","","","","","Level 32 :","Logic","Fellowship","Level 52 :","Combat Insight","Pinnacle of Weaponry","","","","","","","","","","","","","","","","","","","","","","","","","","","","","","","","","","","","","","","","","","","","","","","","","","","","","","","","","","","","","","","","","","","",""
"","","","","Level 33 :","Expert Finesse","","Level 53 :","Precise Attack","Perception","","","","","","","","Level 33 :","Lone Killer","Intelligence","Level 53 :","Precise Attack","Intelligence","","","","","","","","Level 33 :","Lone Killer","Intelligence","Level 53 :","Tactical Knowledge","Perception","","","","","","","","Level 33 :","Expert Finesse","","Level 53 :","Precise Attack","Perception","","","","","","","","Level 33 :","Tenacious Talons","","Level 53 :","Tactical Knowledge","Perception","","","","","","","","Level 33 :","Self-Learning Algorithms","","Level 53 :","Medicae Signal","Perception","","","","","","","","Level 33 :","Fellowship","Adjusting Frontline","Level 53 :","Stronghold Stratagem","Perception","","","","","","","","","","","","","","","","","","","","","","","","","","","","","","","","","","","","","","","","","","","","","","","","","","","","","","","","","","","","","","","","","","","",""
"","","","","Level 34 :","Pinnacle of Weaponry / Machine Spirit Scan Protocols","","Level 54 :","Extermination / Masterful Display","Insightful Percision","","","","","","","","Level 34 :","Pinnacle of Weaponry","","Level 54 :","Extermination / Masterful Display","Insightful Precision","","","","","","","","Level 34 :","Pulse Amplifier","","Level 54 :","Deadly Aim / Extermination","Improved Tactics","","","","","","","","Level 34 :","Echopulse","","Level 54 :","Deadly Aim / Extermination","Insightful Percision","","","","","","","","Level 34 :","Pulse Amplifier","","Level 54 :","Eager Subordinates","Improved Tactics","","","","","","","","Level 34 :","Echopulse","","Level 54 :","Deadly Aim / Extermination","Combat Insight","","","","","","","","Level 34 :","Safety Training / Grenadier","","Level 54 :","Know-It-All","Overcoming Zone","","","","","","","","","","","","","","","","","","","","","","","","","","","","","","","","","","","","","","","","","","","","","","","","","","","","","","","","","","","","","","","","","","","",""
"","","","","Level 35 :","Wild Hunt III","","Level 55 :","AP +1","","","","","","","","","Level 35 :","Dispatch I","","Level 55 :","AP +1","","","","","","","","","Level 35 :","Dispatch I","","Level 55 :","AP +1","","","","","","","","","Level 35 :","Wild Hunt III","","Level 55 :","AP +1","","","","","","","","","Level 35 :","Overcharge I","","Level 55 :","AP +1","","","","","","","","","Level 35 :","Overcharge I","","Level 55 :","AP +1","","","","","","","","","Level 35 :","Take and Hold III","","Level 55 :","Ap +1","","","","","","","","","","","","","","","","","","","","","","","","","","","","","","","","","","","","","","","","","","","","","","","","","","","","","","","","","","","","","","","","","","","","",""
"","Heinrix Executioner of the Inquisition","","","","","","","","","","Skill Options","","","Heinrix the Channeller of the Golden Throne https://youtu.be/kYviiCWOFAw ","","","","","","","","","","Skill Options","","","Heinrix the Chainsaw Interrogator","","","","","","","","","","Skill Options","","","Heinrix - Force Sword + Pistol","","","","","","","","","","Skill Options","","","Heinrix the Psi-Assassin (Sword of faith is for RP, you can drop this to make the build stronger along with the pyromancy if you do)","","","","","","","","","","Skill Options","","","Heinrix the Duellist","","","","","","","","","","Skill Options","","","","","","","","","","","","","","","","","","","","","","","","","","","","","","","","","","","","","","","","","","","","","","","","","","","","","","","","","","","","","","","","","","","","","","","","","","","","","","",""
"","Dual force sword executioner build focusing on biomancy, building into pyromancy using two force swords and secondary pyromancy staff","","","","","","","","","","Athletics / Carouse / Medicae / Demolitions / Lore Xenos","","","For those not brave enough for idira (Shimmering Emulsion Candidate) - Thessara items can turn this into a daemon summoner build (cant use bedlam or edge of the irrevocable like RT)","","","","","","","","","","Athletics / Carouse / Coercion / Demolitions","","","","","","","","","","","","","Athletics / Carouse / Medicae / Demolitions","","","RP sword and gun","","","","","","","","","","Athletics / Carouse / Medicae / Demolitions","","","Sword of Faith Build - Have fun with Shimmering Emulsion","","","","","","","","","","Athletics / Carouse / Medicae / Demolitions","","","Double Force Sword build with Secondary Sanctified Staff focusing on Heinrix's biomancy and Arch-Militant Options taking advantage of shearing strikes","","","","","","","","","","Athletics / Carouse / Medicae / Demolitions","","","","","","","","","","","","","","","","","","","","","","","","","","","","","","","","","","","","","","","","","","","","","","","","","","","","","","","","","","","","","","","","","","","","","","","","","","","","","","",""
"","Warrior","","","Executioner","","","Exemplar","","","","","","","Warrior","","","Overseer","","","Exemplar","","","","","","","Warrior","","","Executioner","","","Exemplar","","","","","","","Warrior","","","Arch-Militant","","","Exemplar","","","","","","","Warrior","","","Assassin","","","Exemplar","","","","","","","Warrior","","","Arch-Militant","","","Exemplar","","","","","","","","","","","","","","","","","","","","","","","","","","","","","","","","","","","","","","","","","","","","","","","","","","","","","","","","","","","","","","","","","","","","","","","","","","","","","","","","","","",""
"","Level 1 :","Charge","","Level 16 :","Forced Repentance","Scourging Strike + 
  Where it hurts","Level 36 :","Eagar For Battle *","Easy Target","","","","","Level 1 :","Charge","","Level 16 :","Psyber-Raven Proficiency","","Level 36 :","Eagar For Battle *","Crowd Kill","","","","","Level 1 :","Charge","","Level 16 :","Forced Repentance","Scourging Strike + 
  Where it hurts","Level 36 :","Eagar For Battle *","Psyker Extremis","","","","","Level 1 :","Charge","","Level 16 :","Versitility","","Level 36 :","Eagar For Battle *","Crowd Kill","","","","","Level 1 :","Charge","","Level 16 :","Seek the Opening","","Level 36 :","Degraded Defence*","Easy Target","","","","","Level 1 :","Charge","","Level 16 :","Versitility","","Level 36 :","Eagar For Battle *","Crowd Kill","","","","","","","","","","","","","","","","","","","","","","","","","","","","","","","","","","","","","","","","","","","","","","","","","","","","","","","","","","","","","","","","","","","","","","","","","","","","","","","","",""
"","Level 2 :","Coercion","","Level 17 :","Warp Speed","","Level 37 :","Medicae","All-Encomposing Agony","","Gear to consider","","","Level 2 :","Coercion","","Level 17 :","Stabilise","","Level 37 :","Athletics","Edge of Dawn","","Gear to consider","","","Level 2 :","Coercion","","Level 17 :","Firestorm","","Level 37 :","Medicae","Perfect Anatomy","","Gear to consider","","","Level 2 :","Coercion","","Level 17 :","Reckless Rush","","Level 37 :","Athletics","Contempt for the weak","","Gear to consider","","","Level 2 :","Coercion","","Level 17 :","Killing Edge","","Level 37 :","Athletics","Lethal Concentration","","Gear to consider","","","Level 2 :","Coercion","","Level 17 :","Reckless Rush","","Level 37 :","Athletics","Exploit Weakness","","Gear to consider","","","","","","","","","","","","","","","","","","","","","","","","","","","","","","","","","","","","","","","","","","","","","","","","","","","","","","","","","","","","","","","","","","","","","","","","","","","","","","",""
"","Level 3 :","Endure","","Level 18 :","Anatomy Expert","","Level 38 :","Weapon Skill","Heavy Armour / Power Armour","","Helm","Eyes of Joyeuse / Carmine Crown / Mechanicus Respirator","","Level 3 :","Endure","","Level 18 :","Psyker Majoris","","Level 38 :","Weapon Skill","Deterioration","","Helm","Eyes of Joyeuse / Ghost Helm / Ethereal Visor / Thassertium Mask","","Level 3 :","Endure","","Level 18 :","Anatomy Expert","","Level 38 :","Weapon Skill","Hymns of Hatred","","Helm","Eyes of Joyeuse / Mechanicus Respirator","","Level 3 :","Endure","","Level 18 :","Always Ready","","Level 38 :","Weapon Skill","Blade of light","","Helm","Eyes of Joyeuse / Mechanicus Respirator / Ghost Helm","","Level 3 :","Endure","","Level 18 :","Create an Opening","","Level 38 :","Weapon Skill","Edge of Dawn","","Helm","Eyes of Joyeuse / Vivisector's Visor / Self Calibrating Googles / Helm","","Level 3 :","Endure","","Level 18 :","Always Ready","","Level 38 :","Weapon Skill","Hymns of Hatred","","Helm","Eyes of Joyeuse / Ghost Helm","","","","","","","","","","","","","","","","","","","","","","","","","","","","","","","","","","","","","","","","","","","","","","","","","","","","","","","","","","","","","","","","","","","","","","","","","","","","","",""
"","Level 4 :","Daring Breach","Rigorous Training","Level 19 :","Carnival of Misery","","Level 39 :","Reckless Strike / Shield of The Emperor","Medicae","","Armour","Adherent of Mankind / [Death World Origin] Enforcer light Carapace / Armour of Hidden Promise / Psychic Bodyglove / Psyker's Breastplate","","Level 4 :","Daring Breach","Rigorous Training","Level 19 :","Overcharge","","Level 39 :","Pyromancy","Athletics","","Armour","Psyker's Breastplate","","Level 4 :","Daring Breach","Rigorous Training","Level 19 :","Carnival of Misery","","Level 39 :","Shield of the Emperor","Medicae","","Armour","Armour of Hidden Promise / Psychic Bodyglove","","Level 4 :","Daring Breach","Rigorous Training","Level 19 :","Steady Superiority","","Level 39 :","Reckless Strike","Athletics","","Armour","Armour of Hidden Promise / Psychic Bodyglove / [Death World Origin] Enforcer's Light carapace / Psyker's Breastplate","","Level 4 :","Daring Breach","Rigorous Training","Level 19 :","Dispatch","","Level 39 :","Pyromancy / Warp Speed","Athletics","","Armour","Armour of Hidden Promise / Phantom-Killer Bodyglove / Psychic Bodyglove / High Spinner Armour","","Level 4 :","Daring Breach","Rigorous Training","Level 19 :","Steady Superiority","","Level 39 :","Reckless Strike","Athletics","","Armour","Armour of Hidden Promise / Psychic Bodyglove / [Death World Origin] Enforcer's Light carapace / Psyker's Breastplate","","","","","","","","","","","","","","","","","","","","","","","","","","","","","","","","","","","","","","","","","","","","","","","","","","","","","","","","","","","","","","","","","","","","","","","","","","","","","",""
"","Level 5 :","Desolation","Weapon Skill","Level 20 :","AP +1","Weapon Skill","Level 40 :","Degraded Defence","Racking Weakness","","Cloak","Swashbuckler's Cloak / Pack of Reagents / Cloak of Bloodthirst / Lady Theodora's Mantle","","Level 5 :","Thick Skin","Weapon Skill","Level 20 :","Ap +1","Weapon Skill","Level 40 :","Degraded Defence","Backdraft","","Cloak","Singed Cape / Xenopelt Cloak / Lady Theodora's Mantle","","Level 5 :","Thick Skin","Weapon Skill","Level 20 :","AP +1","Weapon Skill","Level 40 :","Degraded Defence","All-Encomposing Agony","","Cloak","Temperus Carapace Elite Backpack / Pack of Reagents / Cloak of Bloodthirst / Lady Theodora's Mantle","","Level 5 :","Thick Skin","Weapon Skill","Level 20 :","AP +1","Weapon Skill","Level 40 :","Degraded Defence","Hymns of Hatred","","Cloak","Arch-Militant Cape / Cloak of Bloodthirst / Lady Theodora's Mantle / Swashbuckler Cloak","","Level 5 :","Thick Skin","Weapon Skill","Level 20 :","AP +1","Weapon Skill","Level 40 :","Destroyer*","Backdraft / Deterioration","","Cloak","Swiftshroud Cloak / Cloak of Bloodthirst / Lady Theodora's Mantle / Swashbuckler Cloak","","Level 5 :","Thick Skin","Weapon Skill","Level 20 :","AP +1","Weapon Skill","Level 40 :","Degraded Defence","Preferred Targets","","Cloak","Swashbuckler Cloak / Cloak of Bloodthirst / Lady Theodora's Mantle","","","","","","","","","","","","","","","","","","","","","","","","","","","","","","","","","","","","","","","","","","","","","","","","","","","","","","","","","","","","","","","","","","","","","","","","","","","","","",""
"","Level 6 :","Break Through","Medicae","Level 21 :","Weapon Skill","Sower of Distress","Level 41 :","Weapon Skill","Impetus","","Neck","Starmist scarf / Requiemator / Psy Focus / Daemon Tool","","Level 6 :","Enfeeble","Medicae","Level 21 :","Sacrificial Penance","Weapon Skill","Level 41 :","Weapon Skill","Desolation","","Neck","Vortex Pendant / Starmist Scarf / Thassertium Necklace","","Level 6 :","Pyromancy","Medicae","Level 21 :","Weapon Skill","Sparks of the greater flame","Level 41 :","Weapon Skill","Easy Target","","Neck","Starmist scarf / Requiemator / Psy Focus","","Level 6 :","Pyromancy","Medicae","Level 21 :","Allout","Weapon Skill","Level 41 :","Weapon Skill","Easy Target","","Neck","Starmist scarf / Requiemator / Psy Focus","","Level 6 :","Break through","Medicae","Level 21 :","Deadly Calculation","Weapon Skill","Level 41 :","Weapon Skill","Crowd Kill","","Neck","Starmist scarf /  Psy Focus / Requiemator","","Level 6 :","Break Through","Medicae","Level 21 :","Allout","Weapon Skill","Level 41 :","Weapon Skill","Impetus","","Neck","Starmist scarf / Requiemator / Psy Focus","","","","","","","","","","","","","","","","","","","","","","","","","","","","","","","","","","","","","","","","","","","","","","","","","","","","","","","","","","","","","","","","","","","","","","","","","","","","","",""
"","Level 7 :","Weapon Skill","Psyker Minoris","Level 22 :","Pyromancy","","Level 42 :","Inflame","Agility","","Accessory 1","Warp Surge Brooch / Spirit Drape","","Level 7 :","Weapon Skill","Psyker Minoris","Level 22 :","Warp Speed","Athletics","Level 42 :","Strategic Adaptation","Toughness","","Accessory 1","Spirit Drape / Warp Surge Brooch / Hand of Offence","","Level 7 :","Weapon Skill","Psyker Minoris","Level 22 :","Inflame","","Level 42 :","Hammer of the Emperor","Agility","","Accessory 1","Warp Surge Brooch / Warp Reflex Ring / Anatomy Tome","","Level 7 :","Weapon Skill","Psyker Minoris","Level 22 :","Wildfire","Dual Weapon Combat","Level 42 :","Kick","Agility","","Accessory 1","Warp Surge Brooch / Warp Reflex Ring / Anatomy Tome","","Level 7 :","Weapon Skill","Psyker Minoris","Level 22 :","Athletics","Hammer of the Emperor","Level 42 :","Death Whisper / Danse Macabre","Agility","","Accessory 1","Warp Surge Brooch / Warp Reflex Ring / Anatomy Tome / Hand of Offence","","Level 7 :","Weapon Skill","Psyker Minoris","Level 22 :","Wildfire","Deterioration","Level 42 :","Devastating Attack","Agility","","Accessory 1","Warp Surge Brooch / Warp Reflex Ring / Anatomy Tome","","","","","","","","","","","","","","","","","","","","","","","","","","","","","","","","","","","","","","","","","","","","","","","","","","","","","","","","","","","","","","","","","","","","","","","","","","","","","",""
"","Level 8 :","Medicae","Shearing Strikes","Level 23 :","Sparks of the Greater Flame","Medicae","Level 43 :","Deep Laceration","Psyker Extremis","","Accessory 2","Hand of Offence / Spirit Drape","","Level 8 :","Athletics","Hardened Scars","Level 23 :","Rite of Calibration","","Level 43 :","Melting Armour","Psalms of Heroes","","Accessory 2","Warp Surge Brooch / Experimental Psy-Amplifier / Chains of Domination / Hand of Offence","","Level 8 :","Medicae","Hardened Scars","Level 23 :","Invigorating Screams *","Medicae","Level 43 :","Pslam of heroes","Fire Within","","Accessory 2","Hand of Offence / Chirugen's manuel / Knuckle Guard","","Level 8 :","Athletics","Body of Flames","Level 23 :","Athletics","Broad Expertise","Level 43 :","Ingenious","Melting Armour","","Accessory 2","Hand of Offence / Chirugen's manuel / Knuckle Guard / Chains of Domination","","Level 8 :","Athletics","Shearing Strikes","Level 23 :","Imminent Demise*","","Level 43 :","Still Mind / Morbid Pirouette","Burning Blood / Warp Saturation","","Accessory 2","Notes on Weaknesses / Hand of Offence / Chirugen's manuel / Knuckle Guard / Chains of Domination","","Level 8 :","Athletics","Shearing Strikes","Level 23 :","Athletics","Flash Fire","Level 43 :","Breaking Attack","Psalms of Heroes","","Accessory 2","Hand of Offence / Chirugen's manuel / Knuckle Guard / Chains of Domination","","","","","","","","","","","","","","","","","","","","","","","","","","","","","","","","","","","","","","","","","","","","","","","","","","","","","","","","","","","","","","","","","","","","","","","","","","","","","",""
"","Level 9 :","Daring breach II","","Level 24 :","Agility","Psyker Terminus","Level 44 :","Athletics / Lore Xenos","Destroyer *","","Gloves","Augmented Gloves / The Hand of Avolius","","Level 9 :","Daring breach II","","Level 24 :","Toughness","Psyker Terminus","Level 44 :","Carouse / Lore Xenos","Destroyer *","","Gloves","Abyssal Conduit / Augmented Gloves / metal claw gloves","","Level 9 :","Daring breach II","","Level 24 :","Agility","Biophysical Distortion","Level 44 :","Athletics / Lore Xenos","Destroyer *","","Gloves","Augmented Gloves / Executioner's Gloves / The Hand of Avolius / Metal claw gloves","","Level 9 :","Daring breach II","","Level 24 :","Agility","Psyker Terminus","Level 44 :","Demolition / Lore Xenos","Destroyer *","","Gloves","Augmented Gloves / Executioner's Gloves /Gloves of Rapid Desolation / Metal claw gloves","","Level 9 :","Daring breach II","","Level 24 :","Agility","Psyker Terminus","Level 44 :","Awareness / Lore Xenos","Malign Influence","","Gloves","Riposte Gauntlets / Augmented Gloves / Executioner's Gloves /Gloves of Rapid Desolation / Metal claw gloves","","Level 9 :","Daring breach II","","Level 24 :","Agility","Psyker Terminus","Level 44 :","Carouse / Lore Xenos","Destroyer *","","Gloves","Augmented Gloves / Executioner's Gloves /Gloves of Rapid Desolation / Metal claw gloves","","","","","","","","","","","","","","","","","","","","","","","","","","","","","","","","","","","","","","","","","","","","","","","","","","","","","","","","","","","","","","","","","","","","","","","","","","","","","",""
"","Level 10 :","Hymns of Hatred / Thick Skin","Agility","Level 25 :","Master of Torture","","Level 45 :","AP +1","","","Boots","Inertia Boots / Void Veteran Boots / Fencing Boots","","Level 10 :","Impetus","Toughness","Level 25 :","Warp Buffer","","Level 45 :","AP +1","","","Boots","Boots of Decay / Pneumo Boots / Fencing Boots","","Level 10 :","Impetus","Toughness","Level 25 :","Master of Torture *","","Level 45 :","AP +1","","","Boots","Inertia Boots / Void Veteran Boots / Pneumo Boots","","Level 10 :","Desolation","Agility","Level 25 :","Armsmaster","","Level 45 :","AP +1","","","Boots","Inertia Boots / Void Veteran Boots / Pneumo Boots / Fencing Boots","","Level 10 :","Desolation","Agility","Level 25 :","Lethality Heightens","","Level 45 :","AP +1","","","Boots","Inertia Boots / Void Veteran Boots / Pneumo Boots / Fencing Boots","","Level 10 :","Desolation","Agility","Level 25 :","Adaptability","","Level 45 :","AP +1","","","Boots","Stalking boots / Inertia Boots / Void Veteran Boots / Pneumo Boots / Fencing Boots","","","","","","","","","","","","","","","","","","","","","","","","","","","","","","","","","","","","","","","","","","","","","","","","","","","","","","","","","","","","","","","","","","","","","","","","","","","","","",""
"","Level 11 :","Enfeeble","Biophysical Distortion","Level 26 :","Agility","Medicae","Level 46 :","Fire Within","Athletics / Lore Xenos","","Weapon Set 1","Incinerator","","Level 11 :","Shield of the Emperor","Shield Mastery","Level 26 :","Toughness","Athletics","Level 46 :","Fire Within","Carouse / Lore Xenos","","Weapon Set 1","Veilrender / The Distortion / Sacrifice","","Level 11 :","Orchestrate Flame","Body of Flames","Level 26 :","Agility","Medicae","Level 46 :","Ramming Speed","Athletics / Lore Xenos","","Weapon Set 1","Well-Maintained Rocksaw / [LD-Pattern] rock saw","","Level 11 :","Orchestrate Flame","Destined","Level 26 :","Athletics","Agility","Level 46 :","Open Engagement","Demolition / Lore Xenos","","Weapon Set 1","Veilrender / The Distortion / Incinerator / Sacrifice / Immaterium's Channeller","","Level 11 :","Shield of the Emperor","Blade of Light","Level 26 :","Agility","Athletics","Level 46 :","Open Engagement","Awareness / Lore Xenos","","Weapon Set 1","Awakened Nightmare / Immaterium's Channeller","","Level 11 :","Enfeeble","Blade of Light","Level 26 :","Athletics","Agility","Level 46 :","Open Engagement","Carouse / Lore Xenos","","Weapon Set 1","Immaterium's Channeller / Sacrifice","","","","","","","","","","","","","","","","","","","","","","","","","","","","","","","","","","","","","","","","","","","","","","","","","","","","","","","","","","","","","","","","","","","","","","","","","","","","","",""
"","Level 12 :","Agility","Athletics / Lore Xenos","Level 27 :","Carnival of Misery III","","Level 47 :","Edge of Dawn / Open Engagement","Athletics / Lore Xenos","","","Cursebringer / ((Veilrender) Early game before you gain warp fire swords)","","Level 12 :","Toughness","Athletics","Level 27 :","Overcharge II","","Level 47 :","Open Engagement","Carouse / Lore Xenos","","","Meragon Shield / Advanced Shield","","Level 12 :","Agility","Athletics / Lore Xenos","Level 27 :","Carnival of Misery III","","Level 47 :","Crowd Kill","Coercion","","","","","Level 12 :","Agility","Athletics","Level 27 :","Steady Superiority IV","","Level 47 :","Opening Strike","Demolition / Lore Xenos","","","Bone Shatterer / Daredevil Pistol / Quick-Firing Las Pistol / Anti-Vehicle Revolver","","Level 12 :","Agility","Athletics","Level 27 :","Dispatch II","","Level 47 :","Impetus","Awareness / Lore Xenos","","","Veilrender / Sacrifice","","Level 12 :","Agility","Athletics","Level 27 :","Steady Superiority IV","","Level 47 :","Ramming Speed","Carouse / Lore Xenos","","","Veilrender / The Distortion / Incinerator","","","","","","","","","","","","","","","","","","","","","","","","","","","","","","","","","","","","","","","","","","","","","","","","","","","","","","","","","","","","","","","","","","","","","","","","","","","","","",""
"","Level 13 :","Blade of Light / Cautious Disengage","Athletics / Lore Xenos","Level 28 :","Base Skill: Medicae / Perfect Anatomy / Invigorating Screams","","Level 48 :","Backdraft / Vivisection","Agility","","Weapon Set 2","Solar Staff / Bloodrinker Staff / Sanctified Staff","","Level 13 :","Ramming Speed","Carouse / Lore Xenos","Level 28 :","Castigating Echoes","Warp Saturation","Level 48 :","Brother-In-Arms","Toughness","","Weapon Set 2","Sanctified Staff / Bloodrinker Staff","","Level 13 :","Desolation","Athletics / Lore Xenos","Level 28 :","Sower of Distress","","Level 48 :","Deep Laceration","Agility","","Weapon Set 2","Sanctified Staff / Bloodrinker Staff","","Level 13 :","Impetus","Demolition / Lore Xenos","Level 28 :","Demolition / Lore Xenos","Dependable","Level 48 :","Edge of Dawn","Agility","","Weapon Set 2","Sanctified Staff / Bloodrinker Staff / Solar Staff","","Level 13 :","Blade Flurry","Coercion / Lore Xenos","Level 28 :","Hymns of Hatred","Disarray","Level 48 :","Lone Killer","Agility","","Weapon Set 2","Sanctified Staff / Bloodrinker Staff / Well-Maintained Rocksaw","","Level 13 :","Easy Target","Carouse / Lore Xenos","Level 28 :","Carouse / Lore Xenos","Critical Versatility","Level 48 :","Contempt for the Weak","Agility","","Weapon Set 2","Sanctified Staff / Bloodrinker Staff","","","","","","","","","","","","","","","","","","","","","","","","","","","","","","","","","","","","","","","","","","","","","","","","","","","","","","","","","","","","","","","","","","","","","","","","","","","","","",""
"","Level 14 :","Strength","Psyker Majoris","Level 29 :","Willpower","Athletics / Lore Xenos","Level 49 :","Perception","Athletics / Lore Xenos","","","","","Level 14 :","Strength","Heavy Armour Proficiency","Level 29 :","Perception","Carouse / Lore Xenos","Level 49 :","Willpower","Medicae","","","","","Level 14 :","Agility","Psyker Majoris","Level 29 :","Willpower","Athletics / Lore Xenos","Level 49 :","Willpower","Coercion","","","","","Level 14 :","Toughness","Psyker Majoris","Level 29 :","Toughness","Characteristic Training: PER","Level 49 :","Toughness","Medicae","","","","","Level 14 :","Toughness / Willpower","Psyker Majoris","Level 29 :","Perception","Awareness / Lore Xenos","Level 49 :","Perception","Medicae","","","","","Level 14 :","Toughness","Psyker Majoris","Level 29 :","Toughness","Characteristic Training: PER","Level 49 :","Perception","Medicae","","","","","","","","","","","","","","","","","","","","","","","","","","","","","","","","","","","","","","","","","","","","","","","","","","","","","","","","","","","","","","","","","","","","","","","","","","","","","","","","",""
"","Level 15 :","Daring Breach IV","","Level 30 :","Orchestrate Flame","Characteristic Training: Per","Level 50 :","Peak Condition","Psalms of Heroes","","","","","Level 15 :","Daring Breach IV","","Level 30 :","Hammer of the Emperor","","Level 50 :","Peak Condition","Easy Target","","Pet","Grave Chill / Life Emanations","","Level 15 :","Daring Breach IV","","Level 30 :","Reckless Abandon","Characteristic Training: Per","Level 50 :","Peak Condition","Open Engagement","","","","","Level 15 :","Daring Breach IV","","Level 30 :","Firestorm","","Level 50 :","Peak Condition","Psalms of Heroes","","","","","Level 15 :","Daring Breach IV","","Level 30 :","Sword of Faith / Enfeeble","","Level 50 :","Peak Condition","Fire Within","","","","","Level 15 :","Daring Breach IV","","Level 30 :","Warp Speed","","Level 50 :","Peak Condition","Edge of Dawn","","","","","","","","","","","","","","","","","","","","","","","","","","","","","","","","","","","","","","","","","","","","","","","","","","","","","","","","","","","","","","","","","","","","","","","","","","","","","","","","",""
"","","","","Level 31 :","Advanced Skill: Medicae / Deep Laceration","","Level 51 :","Relentless Blaze","Athletics / Lore Xenos","","","","","","","","Level 31 :","Psy-Resonator","Blade of Light / Destined","Level 51 :","Sanctified Slayer","Medicae","","","","","","","","Level 31 :","Fragile Playthings","","Level 51 :","Edge of Dawn","Coercion","","","","","","","","Level 31 :","Adaptability","","Level 51 :","Exploit Weakness","Medicae","","","","","","","","Level 31 :","Psalms of Heroes","Seize the Advantage","Level 51 :","Perfect Opening *","Medicae","","","","","","","","Level 31 :","Dismantle","","Level 51 :","Ingenious","Medicae","","","","","","","","","","","","","","","","","","","","","","","","","","","","","","","","","","","","","","","","","","","","","","","","","","","","","","","","","","","","","","","","","","","","","","","","","","","","","","","","",""
"","","","","Level 32 :","Perception","Athletics / Lore Xenos","Level 52 :","Crowd Kill","Melting Armour / Corpus Conversion / Deterioration","","","","","","","","Level 32 :","Perception","Carouse / Lore Xenos","Level 52 :","Hymns of Hatred","Corpus Conversion / Still Mind","","","","","","","","Level 32 :","Perception","Athletics / Lore Xenos","Level 52 :","Warp Saturation / Still Mind","Sanctified Slayer","","","","","","","","Level 32 :","Toughness","Demolition / Lore Xenos","Level 52 :","Preferred targets","Fire Within / Heavy / Power","","","","","","","","Level 32 :","Awareness / Lore Xenos","","Level 52 :","Body of Flames / Adrenaline Surge","Relentless Blaze / Corpus Conversion","","","","","","","","Level 32 :","Perception","Carouse / Lore Xenos","Level 52 :","Warp Saturation","Still Mind","","","","","","","","","","","","","","","","","","","","","","","","","","","","","","","","","","","","","","","","","","","","","","","","","","","","","","","","","","","","","","","","","","","","","","","","","","","","","","","","",""
"","","","","Level 33 :","Fragile Playthings","","Level 53 :","Reckless Abandon / Hammer of the Emperor","Perception","","","","","","","","Level 33 :","Enhanced Augmentics","","Level 53 :","Metabolic Overcharge","Willpower","","","","","","","","Level 33 :","Racking Weakness","","Level 53 :","Molten Beam","Willpower","","","","","","","","Level 33 :","Critical Versatility","Perception","Level 53 :","Inflame","Toughness","","","","","","","","Level 33 :","Bringer of Doom *","Perception","Level 53 :","Orchestrate Flame / Reckless Strike","Perception","","","","","","","","Level 33 :","Distract","Perception","Level 53 :","Kick","Perception","","","","","","","","","","","","","","","","","","","","","","","","","","","","","","","","","","","","","","","","","","","","","","","","","","","","","","","","","","","","","","","","","","","","","","","","","","","","","","","","",""
"","","","","Level 34 :","Perception","Body of Flames","Level 54 :","Extermination","Eternal Glory","","","","","","","","Level 34 :","Psyker Extremis","","Level 54 :","Extermination","Eternal Glory","","","","","","","","Level 34 :","Perception","Psyker Terminus","Level 54 :","Extermination","Backdraft","","","","","","","","Level 34 :","Perception","Psyker Extremis","Level 54 :","Extermination ","Accustomed to Glory","","","","","","","","Level 34 :","Psyker Extremis","","Level 54 :","Eager for Battle*","Eternal Glory","","","","","","","","Level 34 :","Perception","Psyker Extremis","Level 54 :","Extermination ","Accustomed to Glory","","","","","","","","","","","","","","","","","","","","","","","","","","","","","","","","","","","","","","","","","","","","","","","","","","","","","","","","","","","","","","","","","","","","","","","","","","","","","","","","",""
"","","","","Level 35 :","Carnival of Misery IV","","Level 55 :","AP +1","","","","","","","","","Level 35 :","Overcharge I","","Level 55 :","AP +1","","","","","","","","","Level 35 :","Carnival of Misery IV","","Level 55 :","AP +1","","","","","","","","","Level 35 :","Steady Superiority II","","Level 55 :","AP +1","","","","","","","","","Level 35 :","Dispatch III","","Level 55 :","AP +1","","","","","","","","","Level 35 :","Steady Superiority II","","Level 55 :","AP +1","","","","","","","","","","","","","","","","","","","","","","","","","","","","","","","","","","","","","","","","","","","","","","","","","","","","","","","","","","","","","","","","","","","","","","","","","","","","","","","","","",""
"","Jae the Gunslinger https://youtu.be/5P-vkBlejGg ","","","","","","","","","","Skill Options","","","Jae the Vanguard","","","","","","","","","","Skill Options","","","Jae the Technician","","","","","","","","","","Skill Options","","","","","","","","","","","","","","","","","","","","","","","","","","","","","","","","","","","","","","","","","","","","","","","","","","","","","","","","","","","","","","","","","","","","","","","","","","","","","","","","","","","","","","","","","","","","","","","","","","","","","","","","","","","","","","","","","","","","","",""
"","Aeldari weapons for both overseer and MT are very strong with new Aeldari range talent - Dual Pistol Gunslinger buffer build","","","","","","","","","","All Fellowship / All Intelligence","","","Lore imperium stacking armour & HP build","","","","","","","","","","All Fellowship / All Intelligence","","","Aeldari weapons for both overseer and MT are very strong with new Aeldari range talent","","","","","","","","","","All Fellowship / All Intelligence","","","","","","","","","","","","","","","","","","","","","","","","","","","","","","","","","","","","","","","","","","","","","","","","","","","","","","","","","","","","","","","","","","","","","","","","","","","","","","","","","","","","","","","","","","","","","","","","","","","","","","","","","","","","","","","","","","","","","",""
"","Officer","","","Master Tactician","","","Exemplar","","","","","","","Officer","","","Vanguard","","","Exemplar","","","","","","","Officer","","","Overseer","","","Exemplar","","","","","","","","","","","","","","","","","","","","","","","","","","","","","","","","","","","","","","","","","","","","","","","","","","","","","","","","","","","","","","","","","","","","","","","","","","","","","","","","","","","","","","","","","","","","","","","","","","","","","","","","","","","","","","","","","","","","","","","","","",""
"","Level 1 :","Voice Of Command","","Level 16 :","Tactical Advantage","Press The Advantage","Level 36 :","Eager for Battle *","Decisive Response","","","","","Level 1 :","Voice Of Command","","Level 16 :","Unyelding Beacon","","Level 36 :","Eager for Battle","Decisive Response","","","","","Level 1 :","Voice Of Command","","Level 16 :","Servo-Skull Swarm","","Level 36 :","Firebrand","Decisive Response","","","","","","","","","","","","","","","","","","","","","","","","","","","","","","","","","","","","","","","","","","","","","","","","","","","","","","","","","","","","","","","","","","","","","","","","","","","","","","","","","","","","","","","","","","","","","","","","","","","","","","","","","","","","","","","","","","","","","","","",""
"","Level 2 :","Commerce","","Level 17 :","Linchpin","","Level 37 :","Logic","Stacking the Deck","","Gear to consider","","","Level 2 :","Commerce","","Level 17 :","Bulwark","Shield Master","Level 37 :","Lore Imperium","Defensive Comrade","","Gear to consider","","","Level 2 :","Commerce","","Level 17 :","Medicae Signal","","Level 37 :","Logic","Brother-In-Arms","","Gear to consider","","","","","","","","","","","","","","","","","","","","","","","","","","","","","","","","","","","","","","","","","","","","","","","","","","","","","","","","","","","","","","","","","","","","","","","","","","","","","","","","","","","","","","","","","","","","","","","","","","","","","","","","","","","","","","","","","","","","","",""
"","Level 3 :","Bring it Down !","","Level 18 :","Reliance","","Level 38 :","Ballistic Skill","Base Skill: Lore Xenos","","Helm","Helm of Determination / Commissar Cap / Gunslinger's helm","","Level 3 :","Bring it Down !","","Level 18 :","Enduring Shield","","Level 38 :","Ballistic Skill","Characteristic Training TGH","","Helm","Helm of Determination / Commissar Cap / Gunslinger's helm","","Level 3 :","Bring it Down !","","Level 18 :","Kinetic Module","","Level 38 :","Ballistic Skill","Base Skill: Lore Xenos","","Helm","Helm of Determination / Commissar Cap / Gunslinger's helm","","","","","","","","","","","","","","","","","","","","","","","","","","","","","","","","","","","","","","","","","","","","","","","","","","","","","","","","","","","","","","","","","","","","","","","","","","","","","","","","","","","","","","","","","","","","","","","","","","","","","","","","","","","","","","","","","","","","",""
"","Level 4 :","Finest Hour","Commanding Voice","Level 19 :","Orchestrated Firestorm","","Level 39 :","Air Of Authority","Logic","","Armour","Breacher Armour / Duellist Uniform","","Level 4 :","Finest Hour","Commanding Voice","Level 19 :","Unyelding Guard","","Level 39 :","Air Of Authority","Lore Imperium","","Armour","Breacher Armour / Duellist Uniform","","Level 4 :","Finest Hour","Commanding Voice","Level 19 :","Overcharge","","Level 39 :","Air of Authority","Logic","","Armour","Breacher Armour / Duellist Uniform","","","","","","","","","","","","","","","","","","","","","","","","","","","","","","","","","","","","","","","","","","","","","","","","","","","","","","","","","","","","","","","","","","","","","","","","","","","","","","","","","","","","","","","","","","","","","","","","","","","","","","","","","","","","","","","","","","","","",""
"","Level 5 :","Fellowship","Nimble","Level 20 :","Ap +1","Ballistic Skill","Level 40 :","Firebrand *","Undisputed Advantage","","Cloak","Rogue Trader's Cloak / Tactical Backpack / Tempestus elite carapace backpack","","Level 5 :","Fellowship","Nimble","Level 20 :","AP +1","Toughness","Level 40 :","Firebrand","Unyielding Resolve","","Cloak","Rogue Trader's Cloak / Tactical Backpack / Tempestus elite carapace backpack","","Level 5 :","Fellowship","Nimble","Level 20 :","AP +1","Ballistic Skill","Level 40 :","Adamantium Alloys","Energy Multiplier","","Cloak","Rogue Trader's Cloak / Tactical Backpack / Tempestus elite carapace backpack","","","","","","","","","","","","","","","","","","","","","","","","","","","","","","","","","","","","","","","","","","","","","","","","","","","","","","","","","","","","","","","","","","","","","","","","","","","","","","","","","","","","","","","","","","","","","","","","","","","","","","","","","","","","","","","","","","","","",""
"","Level 6 :","Lasting Impression","Fellowship","Level 21 :","Ballistic Skill","Joint Offensive","Level 41 :","Ballistic Skill","Inspiring Speech","","Neck","Medal of Alacrity / Omnissiah Holy Symbol / Soldier aquila Pendant","","Level 6 :","Lasting Impression","Fellowship","Level 21 :","Toughness","Covering Bulwark","Level 41 :","Ballistic Skill","Inspiring Speech","","Neck","Medal of Alacrity / Omnissiah Holy Symbol / Soldier aquila Pendant","","Level 6 :","Lasting Impression","Fellowship","Level 21 :","Emergency Stimulation","Ballistic Skill","Level 41 :","Ballistic Skill","Inspiring Speech","","Neck","Medal of Alacrity / Omnissiah Holy Symbol / Soldier aquila Pendant","","","","","","","","","","","","","","","","","","","","","","","","","","","","","","","","","","","","","","","","","","","","","","","","","","","","","","","","","","","","","","","","","","","","","","","","","","","","","","","","","","","","","","","","","","","","","","","","","","","","","","","","","","","","","","","","","","","","",""
"","Level 7 :","Move, Move, Move","Swift Movements","Level 22 :","Inspire","","Level 42 :","Fervour","Fellowship","","Accessory 1","Saint Cognatius Scriptures / Pair Holster","","Level 7 :","Move, Move, Move","Swift Movements","Level 22 :","Follow my lead","Lore Imperium","Level 42 :","Wall of Rockcrete","Fellowship","","Accessory 1","Saint Cognatius Scriptures / Pair Holster","","Level 7 :","Move, Move, Move","Swift Movements","Level 22 :","Priority Signal","Lore Imperium","Level 42 :","Provocation Signal","Fellowship","","Accessory 1","Saint Cognatius Scriptures / Pair Holster","","","","","","","","","","","","","","","","","","","","","","","","","","","","","","","","","","","","","","","","","","","","","","","","","","","","","","","","","","","","","","","","","","","","","","","","","","","","","","","","","","","","","","","","","","","","","","","","","","","","","","","","","","","","","","","","","","","","",""
"","Level 8 :","March","Commerce","Level 23 :","Unwavering Motivation","Lore Imperium","Level 43 :","Logistical Superiority *","Advanced Skill: Logic","","Accessory 2","Commander's Chrono / Heart of the Nameless / Tactica Imperialis Exerpt","","Level 8 :","March","Commerce","Level 23 :","Offensive Follow","Grenadier","Level 43 :","Wall of Ferror Crete","Stronger Together","","Accessory 2","Commander's Chrono / Heart of the Nameless / Tactica Imperialis Exerpt","","Level 8 :","March","Commerce","Level 23 :","Safe Shelter","","Level 43 :","Enhanced Augmetics","Advanced Skill: Logic","","Accessory 2","Commander's Chrono / Heart of the Nameless / Tactica Imperialis Exerpt","","","","","","","","","","","","","","","","","","","","","","","","","","","","","","","","","","","","","","","","","","","","","","","","","","","","","","","","","","","","","","","","","","","","","","","","","","","","","","","","","","","","","","","","","","","","","","","","","","","","","","","","","","","","","","","","","","","","",""
"","Level 9 :","Finest Hour I","","Level 24 :","Fellowship","Base Skill: Logic","Level 44 :","Lore Xenos","Degraded Defence","","Gloves","Thrice-Pioneer's Bracers / Gloves of Rapid Desolation / Freedom and Vengeance / Compensator Gloves / Abyss Spinner Gloves","","Level 9 :","Finest Hour I","","Level 24 :","Ballistic Skill","Ready to Serve","Level 44 :","Commerce / Coercion","Eager Subordinates","","Gloves","Deflection Gloves / Thrice-Pioneer's Bracers / Gloves of Rapid Desolation / Freedom and Vengeance / Compensator Gloves","","Level 9 :","Finest Hour I","","Level 24 :","Fellowship","Base Skill: Logic","Level 44 :","Lore Xenos","Eager Subordinates","","Gloves","Thrice-Pioneer's Bracers / Gloves of Rapid Desolation / Freedom and Vengeance / Compensator Gloves / Abyss Spinner Gloves","","","","","","","","","","","","","","","","","","","","","","","","","","","","","","","","","","","","","","","","","","","","","","","","","","","","","","","","","","","","","","","","","","","","","","","","","","","","","","","","","","","","","","","","","","","","","","","","","","","","","","","","","","","","","","","","","","","","",""
"","Level 10 :","Lore Imperium","Ballistic Skill","Level 25 :","Hidden Advantage","","Level 45 :","Ap +1","","","Boots","Commissar Boots / Recoil Warboots","","Level 10 :","Lore Imperium","Ballistic Skill","Level 25 :","Resilient beacon","","Level 45 :","Ap +1","","","Boots","Commissar Boots / Recoil Warboots","","Level 10 :","Lore Imperium","Ballistic Skill","Level 25 :","Symbiosis","","Level 45 :","AP +1","","","Boots","Commissar Boots / Recoil Warboots","","","","","","","","","","","","","","","","","","","","","","","","","","","","","","","","","","","","","","","","","","","","","","","","","","","","","","","","","","","","","","","","","","","","","","","","","","","","","","","","","","","","","","","","","","","","","","","","","","","","","","","","","","","","","","","","","","","","",""
"","Level 11 :","leader Assault","Ballistic Skill","Level 26 :","Logic","Fellowship","Level 46 :","Focus!","Lore Xenos","","Weapon Set 1","Upgraded Shuriken Pistol / Quick-firing laspistol","","Level 11 :","leader Assault","Ballistic Skill","Level 26 :","Lore Imperium","Ballistic Skill","Level 46 :","Focus!","Commerce / Coercion","","Weapon Set 1","Upgraded Shuriken Pistol / quick-firing laspistol","","Level 11 :","leader Assault","Ballistic Skill","Level 26 :","Fellowship","Logic","Level 46 :","Focus!","Lore Xenos","","Weapon Set 1","Upgraded Shuriken Pistol / quick-firing laspistol","","","","","","","","","","","","","","","","","","","","","","","","","","","","","","","","","","","","","","","","","","","","","","","","","","","","","","","","","","","","","","","","","","","","","","","","","","","","","","","","","","","","","","","","","","","","","","","","","","","","","","","","","","","","","","","","","","","","",""
"","Level 12 :","Take Aim!","Characteristic Training : BS","Level 27 :","Orchestrated Firestorm II","","Level 47 :","Steel Resolve","Lore Xenos","","","Desolation Blast Pistol / [Sol Pattern] Laspistol / Anti-Vehicle Revolver","","Level 12 :","Take Aim!","Characteristic Training : BS","Level 27 :","Unyelding Guard I","","Level 47 :","Steel Resolve","Medicae / Coercion","","","Desolation Blast Pistol / [Sol Pattern] Laspistol","","Level 12 :","Take Aim!","Characteristic Training: BS","Level 27 :","Overcharge III","","Level 47 :","Steel Resolve","Lore Xenos","","","Desolation Blast Pistol / [Sol Pattern] Laspistol","","","","","","","","","","","","","","","","","","","","","","","","","","","","","","","","","","","","","","","","","","","","","","","","","","","","","","","","","","","","","","","","","","","","","","","","","","","","","","","","","","","","","","","","","","","","","","","","","","","","","","","","","","","","","","","","","","","","",""
"","Level 13 :","Heroism","Lore Imperium","Level 28 :","Against All Odds","","Level 48 :","In the hero's footsteps","Fellowship","","Weapon Set 2","Chorus of Battle / Blessing of Death / Gift of Kurnous ","","Level 13 :","Heroism","Lore Imperium","Level 28 :","Renitent Beacon","","Level 48 :","Unflinching","Fellowship","","Weapon Set 2","Chorus of Battle / Blessing of Death / Gift of Kurnous ","","Level 13 :","Heroism","Lore Imperium","Level 28 :","Unseen Support","Deadly Accuracy / las weapon expert","Level 48 :","Impure Force","Fellowship","","Weapon Set 2","Chorus of Battle / Blessing of Death / Chant of Stagnation / Deadshot Splinter Rifle","","","","","","","","","","","","","","","","","","","","","","","","","","","","","","","","","","","","","","","","","","","","","","","","","","","","","","","","","","","","","","","","","","","","","","","","","","","","","","","","","","","","","","","","","","","","","","","","","","","","","","","","","","","","","","","","","","","","",""
"","Level 14 :","Willpower","Characteristic Training : FEL","Level 29 :","Logic","Agility","Level 49 :","Perception","Lore Xenos","","","","","Level 14 :","Willpower","Characteristic Training : FEL","Level 29 :","Commerce / Coercion","Fellowship","Level 49 :","Toughness","Medicae / Coercion","","","","","Level 14 :","Willpower","Characteristic Training: FEL","Level 29 :","Perception","Logic ","Level 49 :","Perception","Lore Xenos","","","","","","","","","","","","","","","","","","","","","","","","","","","","","","","","","","","","","","","","","","","","","","","","","","","","","","","","","","","","","","","","","","","","","","","","","","","","","","","","","","","","","","","","","","","","","","","","","","","","","","","","","","","","","","","","","","","","","","","",""
"","Level 15 :","Finest Hour IV","","Level 30 :","Characteristic Training: Perception","Strongpoint","Level 50 :","Eager Subordinates","Steady!","","","","","Level 15 :","Finest Hour III","","Level 30 :","Forced distraction / Defensive Stance","","Level 50 :","Attention!","Watch Yourself!","","","","","Level 15 :","Finest Hour IV","","Level 30 :","Strategic Adaptation","","Level 50 :","Eager for Battle","Seize the Initiative","","Pet","Computation Module FI-DR-Alpha / Beta / Stimulation Prot / Enhanced Radio Signal","","","","","","","","","","","","","","","","","","","","","","","","","","","","","","","","","","","","","","","","","","","","","","","","","","","","","","","","","","","","","","","","","","","","","","","","","","","","","","","","","","","","","","","","","","","","","","","","","","","","","","","","","","","","","","","","","","","","",""
"","","","","Level 31 :","Stronghold","","Level 51 :","Support The Advance *","Lore Xenos","","","","","","","","Level 31 :","Formidable Distraction / Counter-Attack Stance","","Level 51 :","Words of Endurance","Medicae / Coercion","","","","","","","","Level 31 :","Master's Patronage","Ready to Serve","Level 51 :","Armoured Hide","Lore Xenos","","","","","","","","","","","","","","","","","","","","","","","","","","","","","","","","","","","","","","","","","","","","","","","","","","","","","","","","","","","","","","","","","","","","","","","","","","","","","","","","","","","","","","","","","","","","","","","","","","","","","","","","","","","","","","","","","","","","","","","",""
"","","","","Level 32 :","Perception","Logic","Level 52 :","Be Vigilant!","Ready to Serve","","","","","","","","Level 32 :","Fellowship","Commerce / Coercion","Level 52 :","Be Vigilant!","Character Training PER","","","","","","","","Level 32 :","Perception","Logic","Level 52 :","Steady!","Base Skill: Lore Imperium","","","","","","","","","","","","","","","","","","","","","","","","","","","","","","","","","","","","","","","","","","","","","","","","","","","","","","","","","","","","","","","","","","","","","","","","","","","","","","","","","","","","","","","","","","","","","","","","","","","","","","","","","","","","","","","","","","","","","","","",""
"","","","","Level 33 :","Dawn of Victory","","Level 53 :","Assign Objective / Finish the job","Perception","","","","","","","","Level 33 :","Taunting Defence","","Level 53 :","Get back in the fight!","Toughness","","","","","","","","Level 33 :","Rite of Calibration","","Level 53 :","Break Their Ranks!","Perception","","","","","","","","","","","","","","","","","","","","","","","","","","","","","","","","","","","","","","","","","","","","","","","","","","","","","","","","","","","","","","","","","","","","","","","","","","","","","","","","","","","","","","","","","","","","","","","","","","","","","","","","","","","","","","","","","","","","","","","",""
"","","","","Level 34 :","Perception","Grenadier / Doing my Part","Level 54 :","Attention!","Primary Objective","","","","","","","","Level 34 :","It will not die","","Level 54 :","Degraded Defence","Wounds are no excuse!","","","","","","","","Level 34 :","Grenadier","","Level 54 :","Degraded Defence","Be Vigilant!","","","","","","","","","","","","","","","","","","","","","","","","","","","","","","","","","","","","","","","","","","","","","","","","","","","","","","","","","","","","","","","","","","","","","","","","","","","","","","","","","","","","","","","","","","","","","","","","","","","","","","","","","","","","","","","","","","","","","","","",""
"","","","","Level 35 :","Orchestrated Firestorm III","","Level 55 :","Ap +1","","","","","","","","","Level 35 :","Unyelding Guard IV","","Level 55 :","Ap +1","","","","","","","","","Level 35 :","Overcharge I","","Level 55 :","AP +1","","","","","","","","","","","","","","","","","","","","","","","","","","","","","","","","","","","","","","","","","","","","","","","","","","","","","","","","","","","","","","","","","","","","","","","","","","","","","","","","","","","","","","","","","","","","","","","","","","","","","","","","","","","","","","","","","","","","","","","","",""
"","Yrliet the Outcast https://youtu.be/k_3JPbg-NTU ","","","","","","","","","","Skill Options","","","Yrliet the Avenger","","","","","","","","","","Skill Options","","","Yrliet the Gunslinger Executioner","","","","","","","","","","Skill Options","","","","","","","","","","","","","","","","","","","","","","","","","","","","","","","","","","","","","","","","","","","","","","","","","","","","","","","","","","","","","","","","","","","","","","","","","","","","","","","","","","","","","","","","","","","","","","","","","","","","","","","","","","","","","","","","","","","","","",""
"","Yrliet received many gear and talent buffs. much better now","","","","","","","","","","Awareness / Lore Xenos / Demolitions","","","Assassin sniper build","","","","","","","","","","Awareness / Lore Xenos / Demolitions","","","","","","","","","","","","","Awareness / Lore Xenos / Demolitions","","","","","","","","","","","","","","","","","","","","","","","","","","","","","","","","","","","","","","","","","","","","","","","","","","","","","","","","","","","","","","","","","","","","","","","","","","","","","","","","","","","","","","","","","","","","","","","","","","","","","","","","","","","","","","","","","","","","","",""
"","Operative","","","Bounty Hunter","","","Exemplar","","","","","","","Operative","","","Assassin","","","Exemplar","","","","","","","Operative","","","Executioner","","","Exemplar","","","","","","","","","","","","","","","","","","","","","","","","","","","","","","","","","","","","","","","","","","","","","","","","","","","","","","","","","","","","","","","","","","","","","","","","","","","","","","","","","","","","","","","","","","","","","","","","","","","","","","","","","","","","","","","","","","","","","","","","","",""
"","Level 1 :","Analyse Enemies","","Level 16 :","Hunt Down The Prey","","Level 36 :","Eager for Battle","Uncanny Sight","","","","","Level 1 :","Analyse Enemies","","Level 16 :","Seek the Opening","","Level 36 :","Eager for Battle *","Uncanny Sight","","","","","Level 1 :","Analyse Enemies","","Level 16 :","Forced Repentance","Scourging Strike + Where it hurts","Level 36 :","Eager for Battle","Uncanny Sight","","","","","","","","","","","","","","","","","","","","","","","","","","","","","","","","","","","","","","","","","","","","","","","","","","","","","","","","","","","","","","","","","","","","","","","","","","","","","","","","","","","","","","","","","","","","","","","","","","","","","","","","","","","","","","","","","","","","","","","",""
"","Level 2 :","Awareness","","Level 17 :","Claim the Bounty","","Level 37 :","Awareness","Withdraw","","Gear to consider","","","Level 2 :","Awareness","","Level 17 :","Death Whisper","","Level 37 :","Awareness","Lethal Concentration","","Gear to consider","","","Level 2 :","Awareness","","Level 17 :","Merciless Verdict","","Level 37 :","Medicae","All-Encompassing Agony","","Gear to consider","","","","","","","","","","","","","","","","","","","","","","","","","","","","","","","","","","","","","","","","","","","","","","","","","","","","","","","","","","","","","","","","","","","","","","","","","","","","","","","","","","","","","","","","","","","","","","","","","","","","","","","","","","","","","","","","","","","","","",""
"","Level 3 :","Expose Weakness","","Level 18 :","Hunting Surge / Hunter's Ambush","","Level 38 :","Ballistic Skill","Grenadier","","Helm","Self-Calibrating Goggles / Outcast's Visor / Hunter's Focus","","Level 3 :","Expose Weakness","","Level 18 :","Deadly Calculations","","Level 38 :","Ballistic Skill","Grenadier","","Helm","Outcast Visor / Hunter's Focus","","Level 3 :","Expose Weakness","","Level 18 :","Death Warrant","","Level 38 :","Ballistic Skill","Grenadier","","Helm","Carmine Crown / Mechanicus Respirator","","","","","","","","","","","","","","","","","","","","","","","","","","","","","","","","","","","","","","","","","","","","","","","","","","","","","","","","","","","","","","","","","","","","","","","","","","","","","","","","","","","","","","","","","","","","","","","","","","","","","","","","","","","","","","","","","","","","",""
"","Level 4 :","Dismantling Attack","Sharpshooter","Level 19 :","Wild Hunt","","Level 39 :","Joint Analysis","Awareness","","Armour","The Hunter-Father's Armour / Khaine's Revenge","","Level 4 :","Dismantling Attack","Sharpshooter","Level 19 :","Dispatch","","Level 39 :","Tactical Knowledge","Awareness","","Armour","The Hunter-Father's Armour / Khaine's Revenge","","Level 4 :","Dismantling Attack","Sharpshooter","Level 19 :","Carnival of Misery","","Level 39 :","Tactical Knowledge","Medicae","","Armour","The Hunter-Father's Armour","","","","","","","","","","","","","","","","","","","","","","","","","","","","","","","","","","","","","","","","","","","","","","","","","","","","","","","","","","","","","","","","","","","","","","","","","","","","","","","","","","","","","","","","","","","","","","","","","","","","","","","","","","","","","","","","","","","","",""
"","Level 5 :","Perception","Nimble","Level 20 :","AP +1 - Ballistic Skill","Path of the Outcast","Level 40 :","Degraded Defence","Pierce the Armour","","Cloak","Backpack With Armour-Piercing Ammo / Cape of Righteous Fury / Xeno Emitter / Shadowguide cloak","","Level 5 :","Perception","Nimble","Level 20 :","AP +1","Ballistic Skill","Level 40 :","Degraded Defence","Killing Spree","","Cloak","Backpack With Armour-Piercing Ammo / Cape of Righteous Fury / Xeno Emitter / Cameleoline Cloak","","Level 5 :","Perception","Nimble","Level 20 :","AP +1","Ballistic Skill","Level 40 :","Degraded Defence","Maddening Flames","","Cloak","Backpack with armour-piercing ammo","","","","","","","","","","","","","","","","","","","","","","","","","","","","","","","","","","","","","","","","","","","","","","","","","","","","","","","","","","","","","","","","","","","","","","","","","","","","","","","","","","","","","","","","","","","","","","","","","","","","","","","","","","","","","","","","","","","","",""
"","Level 6 :","Ballistic Calculation","Perception","Level 21 :","Intelligence","Hunter's Ambush / Hunting Surge","Level 41 :","Ballistic Skill","Tide Of Excellence","","Neck","Wraithbone Necklace","","Level 6 :","Ballistic Calculation","Perception","Level 21 :","Imminent Demise","Intelligence","Level 41 :","Ballistic Skill","Tide Of Excellence","","Neck","Wraithbone Necklace","","Level 6 :","Ballistic Calculation","Perception","Level 21 :","Ballistic Skill","Does it Hurt?","Level 41 :","Ballistic Skill","Improved Tactics","","Neck","Anatomist's Amulet / Wraithbone Necklace","","","","","","","","","","","","","","","","","","","","","","","","","","","","","","","","","","","","","","","","","","","","","","","","","","","","","","","","","","","","","","","","","","","","","","","","","","","","","","","","","","","","","","","","","","","","","","","","","","","","","","","","","","","","","","","","","","","","",""
"","Level 7 :","Precise Attack","Awareness","Level 22 :","Cull the Bold","","Level 42 :","Hot on the trail","Agility","","Accessory 1","Armour-Piercing Ammo / Target Designator / Aeldari Flow","","Level 7 :","Precise Attack","Awareness","Level 22 :","Awareness","Killing Edge","Level 42 :","Poised To Strike","Agility","","Accessory 1","Notes on Weakness / Armour-Piercing Ammo / Target Designator / Aeldari Flow","","Level 7 :","Precise Attack","Awareness","Level 22 :","Exsanguination","","Level 42 :","Reckless Abandon","Agility","","Accessory 1","Pair Holster","","","","","","","","","","","","","","","","","","","","","","","","","","","","","","","","","","","","","","","","","","","","","","","","","","","","","","","","","","","","","","","","","","","","","","","","","","","","","","","","","","","","","","","","","","","","","","","","","","","","","","","","","","","","","","","","","","","","",""
"","Level 8 :","Fresh Target","Swift Movements","Level 23 :","Flay the Bold","Lore Xenos","Level 43 :","Trail and Shatter","Characteristic Training: PER / Base Skill: Lore Xenos","","Accessory 2","Aeldari Ranger Sight / Aeldari Flow","","Level 8 :","Fresh Target","Swift Movements","Level 23 :","Lethality Heightens","","Level 43 :","Flawless Lunge","Characteristic Training: PER / Base Skill: Lore Xenos","","Accessory 2","Aeldari Ranger Sight / Aeldari Flow","","Level 8 :","Fresh Target","Swift Movements","Level 23 :","Sower of Distress","Medicae","Level 43 :","Tormenting Sprain","Characteristic Training INT / Base Skill Lore: Xenos","","Accessory 2","Eldar Flow / Echo of Victory / Bead of Might / Portative Manipulator","","","","","","","","","","","","","","","","","","","","","","","","","","","","","","","","","","","","","","","","","","","","","","","","","","","","","","","","","","","","","","","","","","","","","","","","","","","","","","","","","","","","","","","","","","","","","","","","","","","","","","","","","","","","","","","","","","","","",""
"","Level 9 :","Dismantling III","Lore Xenos","Level 24 :","Perception","Deadly Accuracy / Char Training: Agi","Level 44 :","Lore Xenos","Deathdealer","","Gloves","Apex Predator's Gloves / Marksman Brancers","","Level 9 :","Dismantling III","Lore Xenos","Level 24 :","Agility","Path of the Outcast","Level 44 :","Lore Xenos","Deathdealer *","","Gloves","Death Dealer Gloves / Marksman Brancers","","Level 9 :","Dismantling III","Lore Xenos","Level 24 :","Intelligence","Drukhari Weapon Profeciency","Level 44 :","Medicae / Awareness","Extermination","","Gloves","Gloves of Rapid Desolation / Hand of Avolius / Inevitable Demise","","","","","","","","","","","","","","","","","","","","","","","","","","","","","","","","","","","","","","","","","","","","","","","","","","","","","","","","","","","","","","","","","","","","","","","","","","","","","","","","","","","","","","","","","","","","","","","","","","","","","","","","","","","","","","","","","","","","",""
"","Level 10 :","Lore Xenos","Ballistic Skill","Level 25 :","Heightened Concentration","","Level 45 :","AP + 1","","","Boots","Sharpshooter Boots","","Level 10 :","Lore Xenos","Ballistic Skill","Level 25 :","Perfect Opening","","Level 45 :","AP + 1","","","Boots","Sharpshooter Boots","","Level 10 :","Lore Xenos","Ballistic Skill","Level 25 :","Anatomy Expert","","Level 45 :","AP + 1","","","Boots","Inertia Boots","","","","","","","","","","","","","","","","","","","","","","","","","","","","","","","","","","","","","","","","","","","","","","","","","","","","","","","","","","","","","","","","","","","","","","","","","","","","","","","","","","","","","","","","","","","","","","","","","","","","","","","","","","","","","","","","","","","","",""
"","Level 11 :","Insightful Precision","Medicae","Level 26 :","Lore Xenos","Agility","Level 46 :","Combat Insight","Lore Xenos","","Weapon Set 1","Deadshot Splinter Rifle / Wonderer's Potent / Lullaby of Sha'eil / Gift of Kurnous / Chorus of Battle","","Level 11 :","Insightful Precision","Medicae","Level 26 :","Perception","Awareness","Level 46 :","Sniper Expertise","Lore Xenos","","Weapon Set 1","Deadshot Splinter Rifle / Wonderer's Potent / Lullaby of Sha'eil / Gift of Kurnous / Chorus of Battle","","Level 11 :","Insightful Precision","Medicae","Level 26 :","Intelligence","Medicae","Level 46 :","Passive Learning","Awareness","","Weapon Set 1","Agonising Splinter Pistol","","","","","","","","","","","","","","","","","","","","","","","","","","","","","","","","","","","","","","","","","","","","","","","","","","","","","","","","","","","","","","","","","","","","","","","","","","","","","","","","","","","","","","","","","","","","","","","","","","","","","","","","","","","","","","","","","","","","",""
"","Level 12 :","Perfect Spot","Las Weapon Expert","Level 27 :","Wild Hunt II","","Level 47 :","Sniper Expertise","Demolition","","","","","Level 12 :","Perfect Spot","Las Weapon Expert","Level 27 :","Dispatch II","","Level 47 :","Improved tactics","Medicae","","","","","Level 12 :","Perfect Spot","Las Weapon Expert","Level 27 :","Carnival of Misery III","","Level 47 :","Sniper Expertise","Awareness","","","Venomous SPlinter Pistol","","","","","","","","","","","","","","","","","","","","","","","","","","","","","","","","","","","","","","","","","","","","","","","","","","","","","","","","","","","","","","","","","","","","","","","","","","","","","","","","","","","","","","","","","","","","","","","","","","","","","","","","","","","","","","","","","","","","",""
"","Level 13 :","Comprehensive Analysis","Ballistic Skill","Level 28 :","Savour the kill / Guidance","","Level 48 :","Gruesome Kill","Perception","","Weapon Set 2","Eye of Hecaton / Blessing of Death / Wonderer's Potent","","Level 13 :","Comprehensive Analysis","Ballistic Skill","Level 28 :","Deadly Accuracy","Disarray","Level 48 :","Bringer of Doom","Agility","","Weapon Set 2","Eye of Hecaton / Blessing of Death / Wonderer's Potent","","Level 13 :","Comprehensive Analysis","Ballistic Skill","Level 28 :","Master of Torture","","Level 48 :","Battle of Attrition","Perception","","Weapon Set 2","Deadshot Splinter Rifle","","","","","","","","","","","","","","","","","","","","","","","","","","","","","","","","","","","","","","","","","","","","","","","","","","","","","","","","","","","","","","","","","","","","","","","","","","","","","","","","","","","","","","","","","","","","","","","","","","","","","","","","","","","","","","","","","","","","",""
"","Level 14 :","Intelligence","Swift Sight","Level 29 :","Awareness","Perception","Level 49 :","Perception","Demolition","","","","","Level 14 :","Intelligence","Swift Sight","Level 29 :","Perception","Lore Xenos","Level 49 :","Perception","Medicae","","","","","Level 14 :","Intelligence","Swift Sight","Level 29 :","Intelligence","Awareness / Medicae","Level 49 :","Perception","Lore Xenos","","","","","","","","","","","","","","","","","","","","","","","","","","","","","","","","","","","","","","","","","","","","","","","","","","","","","","","","","","","","","","","","","","","","","","","","","","","","","","","","","","","","","","","","","","","","","","","","","","","","","","","","","","","","","","","","","","","","","","","",""
"","Level 15 :","Dismantling IV","","Level 30 :","Drukhari Weapon Prof","Ensnare the Prey","Level 50 :","Deadly Aim / Extermination","Continuous Analysis","","","","","Level 15 :","Dismantling IV","","Level 30 :","Elusive Shadow","","Level 50 :","Deadly Aim / Extermination","Combat Insight","","","","","Level 15 :","Dismantling IV","","Level 30 :","Pain Resonance","Dual-Weapon Combat","Level 50 :","Deadly Aim","Combat Insight","","","","","","","","","","","","","","","","","","","","","","","","","","","","","","","","","","","","","","","","","","","","","","","","","","","","","","","","","","","","","","","","","","","","","","","","","","","","","","","","","","","","","","","","","","","","","","","","","","","","","","","","","","","","","","","","","","","","","","","",""
"","","","","Level 31 :","Inspiring Trophy","","Level 51 :","Share the Spoils","Demolition","","","","","","","","Level 31 :","Drukhari Weapon Prof","Seize the Advantage","Level 51 :","Mortally Effective","Medicae","","","","","","","","Level 31 :","Fragile Playthings","","Level 51 :","Acute Pain","Lore Xenos","","","","","","","","","","","","","","","","","","","","","","","","","","","","","","","","","","","","","","","","","","","","","","","","","","","","","","","","","","","","","","","","","","","","","","","","","","","","","","","","","","","","","","","","","","","","","","","","","","","","","","","","","","","","","","","","","","","","","","","",""
"","","","","Level 32 :","Intelligence","Awareness","Level 52 :","Weak Body, Weak Soul","Characteristic Training Int / Advanced Skill: Lore Xenos","","","","","","","","Level 32 :","Lore Xenos","","Level 52 :","Continuous Analysis","Characteristic Training Int / Advanced Skill: Lore Xenos","","","","","","","","Level 32 :","Perception","Awareness","Level 52 :","Tide Of Excellence","Characteristic Training PER / Advanced Skill: Lore Xenos","","","","","","","","","","","","","","","","","","","","","","","","","","","","","","","","","","","","","","","","","","","","","","","","","","","","","","","","","","","","","","","","","","","","","","","","","","","","","","","","","","","","","","","","","","","","","","","","","","","","","","","","","","","","","","","","","","","","","","","",""
"","","","","Level 33 :","Expert Finesse","","Level 53 :","Piercing Shot","Intelligence","","","","","","","","Level 33 :","Lone Killer","Ballistic Skill","Level 53 :","Joint Analysis","Perception","","","","","","","","Level 33 :","Racking Weakness","","Level 53 :","Joint Analysis","Intelligence","","","","","","","","","","","","","","","","","","","","","","","","","","","","","","","","","","","","","","","","","","","","","","","","","","","","","","","","","","","","","","","","","","","","","","","","","","","","","","","","","","","","","","","","","","","","","","","","","","","","","","","","","","","","","","","","","","","","","","","",""
"","","","","Level 34 :","Drukhari Equipment","","Level 54 :","Vital Points / Critical Velocity","Pierce and Ruin","","","","","","","","Level 34 :","Drukhari Equipment","","Level 54 :","Vital Points","Professional Acumen","","","","","","","","Level 34 :","Perception","Poetry of Pain","Level 54 :","Critical Velocity","Weak Body, Weak Soul","","","","","","","","","","","","","","","","","","","","","","","","","","","","","","","","","","","","","","","","","","","","","","","","","","","","","","","","","","","","","","","","","","","","","","","","","","","","","","","","","","","","","","","","","","","","","","","","","","","","","","","","","","","","","","","","","","","","","","","",""
"","","","","Level 35 :","Wild Hunt III","","Level 55 :","AP + 1","","","","","","","","","Level 35 :","Dispatch I / III","","Level 55 :","AP + 1","","","","","","","","","Level 35 :","Carnival of Misery IV","","Level 55 :","AP + 1","","","","","","","","","","","","","","","","","","","","","","","","","","","","","","","","","","","","","","","","","","","","","","","","","","","","","","","","","","","","","","","","","","","","","","","","","","","","","","","","","","","","","","","","","","","","","","","","","","","","","","","","","","","","","","","","","","","","","","","","",""
"","Ulfar the Grey Hunter with Bolt Pistol https://youtu.be/aY--fBVF504 ","","","","","","","","","","Skill Options","","","Ulfar the Grey Hunter with Plasma Pistol","","","","","","","","","","Skill Options","","","Ulfar the Grey Hunter with Flamer","","","","","","","","","","Skill Options","","","","","","","","","","","","","","","","","","","","","","","","","","","","","","","","","","","","","","","","","","","","","","","","","","","","","","","","","","","","","","","","","","","","","","","","","","","","","","","","","","","","","","","","","","","","","","","","","","","","","","","","","","","","","","","","","","","","","",""
"","Mixed attacker ulfar with new gear is very enjoyable, not Argenta levels of damage but much more fitting for an astartes","","","","","","","","","","Athletics / Carouse / Demolitions / Awareness","","","","","","","","","","","","","Athletics / Carouse / Demolitions / Awareness","","","","","","","","","","","","","Athletics / Carouse / Demolitions / Awareness","","","","","","","","","","","","","","","","","","","","","","","","","","","","","","","","","","","","","","","","","","","","","","","","","","","","","","","","","","","","","","","","","","","","","","","","","","","","","","","","","","","","","","","","","","","","","","","","","","","","","","","","","","","","","","","","","","","","","",""
"","Soldier","","","Arch-Militant","","","Exemplar","","","","","","","Soldier","","","Arch-Militant","","","Exemplar","","","","","","","Soldier","","","Arch-Militant","","","Exemplar","","","","","","","","","","","","","","","","","","","","","","","","","","","","","","","","","","","","","","","","","","","","","","","","","","","","","","","","","","","","","","","","","","","","","","","","","","","","","","","","","","","","","","","","","","","","","","","","","","","","","","","","","","","","","","","","","","","","","","","","","",""
"","Level 1 :","Run and Gun","","Level 16 :","Versatility","","Level 36 :","Eager for battle *","Swift Slaughter","","","","","Level 1 :","Run and Gun","","Level 16 :","Versatility","","Level 36 :","Eager for battle *","Swift slaughter","","","","","Level 1 :","Run and Gun","","Level 16 :","Versatility","","Level 36 :","Eager for battle *","Swift Slaughter","","","","","","","","","","","","","","","","","","","","","","","","","","","","","","","","","","","","","","","","","","","","","","","","","","","","","","","","","","","","","","","","","","","","","","","","","","","","","","","","","","","","","","","","","","","","","","","","","","","","","","","","","","","","","","","","","","","","","","","",""
"","Level 2 :","Athletics","","Level 17 :","Kick","","Level 37 :","Athletics","Critical Versatility","","Gear to consider","","","Level 2 :","Athletics","","Level 17 :","Kick","","Level 37 :","Demolitions","Critical Versatility","","Gear to consider","","","Level 2 :","Athletics","","Level 17 :","Kick","","Level 37 :","Athletics","Critical Versatility","","Gear to consider","","","","","","","","","","","","","","","","","","","","","","","","","","","","","","","","","","","","","","","","","","","","","","","","","","","","","","","","","","","","","","","","","","","","","","","","","","","","","","","","","","","","","","","","","","","","","","","","","","","","","","","","","","","","","","","","","","","","","",""
"","Level 3 :","Revel in Slaughter","","Level 18 :","Martial Art","","Level 38 :","Ballistic Skill","Swift Movements","","Helm","Red Wolf Skull / Emperor's Justice","","Level 3 :","Revel in Slaughter","","Level 18 :","Martial Art","","Level 38 :","Ballistic Skill","Grenadier","","Helm","Red Wolf Skull / Emperor's Justice","","Level 3 :","Revel in Slaughter","","Level 18 :","Martial Art","","Level 38 :","Ballistic Skill","Power Weapon Expert","","Helm","Red Wolf Skull / Emperor's Justice /","","","","","","","","","","","","","","","","","","","","","","","","","","","","","","","","","","","","","","","","","","","","","","","","","","","","","","","","","","","","","","","","","","","","","","","","","","","","","","","","","","","","","","","","","","","","","","","","","","","","","","","","","","","","","","","","","","","","",""
"","Level 4 :","Firearm Mastery","Fired Up","Level 19 :","Steady Superiority","","Level 39 :","Entrench","Athletics","","Armour","Might of Fenris Armour / Holy Power Armour / Bloodcraver","","Level 4 :","Firearm Mastery","Fired Up","Level 19 :","Steady Superiority","","Level 39 :","Concentrated Fire","Demolitions","","Armour","Might of Fenris Armour / Holy Power Armour / Bloodcraver","","Level 4 :","Firearm Mastery","Fired Up","Level 19 :","Steady Superiority","","Level 39 :","Concentrated Fire","Athletics","","Armour","Might of Fenris Armour / Holy Power Armour / Bloodcraver","","","","","","","","","","","","","","","","","","","","","","","","","","","","","","","","","","","","","","","","","","","","","","","","","","","","","","","","","","","","","","","","","","","","","","","","","","","","","","","","","","","","","","","","","","","","","","","","","","","","","","","","","","","","","","","","","","","","",""
"","Level 5 :","Agility","Rapid Reload","Level 20 :","Ap +1","Ballistic Skill","Level 40 :","Degraded defence","Contempt for the Weak","","Cloak","Wolf Pelt Cloak / Shroud of Dauntlessness","","Level 5 :","Agility","Rapid Reload","Level 20 :","Ap +1","Ballistic Skill","Level 40 :","Degraded defence","Contempt for the Weak","","Cloak","Wolf Pelt Cloak / Shroud of Dauntlessness","","Level 5 :","Agility","Rapid Reload","Level 20 :","Ap +1","Ballistic Skill","Level 40 :","Degraded defence","Contempt for the Weak","","Cloak","Wolf Pelt Cloak / Shroud of Dauntlessness","","","","","","","","","","","","","","","","","","","","","","","","","","","","","","","","","","","","","","","","","","","","","","","","","","","","","","","","","","","","","","","","","","","","","","","","","","","","","","","","","","","","","","","","","","","","","","","","","","","","","","","","","","","","","","","","","","","","",""
"","Level 6 :","Agility","Controlled Shot","Level 21 :","Always Ready","Toughness","Level 41 :","Ballistic Skill","Integrity / Alacrity","","Neck","Invigorating Resolve / Slicing Symbol / Fury Incarnate / Wolf Tooth Necklace / Ruby Splash / Laughing God's Pendant","","Level 6 :","Agility","Controlled Shot","Level 21 :","Always Ready","Toughness","Level 41 :","Ballistic Skill","Demolition Engineer","","Neck","Invigorating Resolve / Slicing Symbol / Fury Incarnate / Wolf Tooth Necklace / Ruby Splash / Laughing God's Pendant","","Level 6 :","Agility","Controlled Shot","Level 21 :","Always Ready","Toughness","Level 41 :","Ballistic Skill","Point-Blank","","Neck","Invigorating Resolve / Slicing Symbol / Fury Incarnate / Wolf Tooth Necklace / Ruby Splash / Laughing God's Pendant","","","","","","","","","","","","","","","","","","","","","","","","","","","","","","","","","","","","","","","","","","","","","","","","","","","","","","","","","","","","","","","","","","","","","","","","","","","","","","","","","","","","","","","","","","","","","","","","","","","","","","","","","","","","","","","","","","","","",""
"","Level 7 :","Ballistic Skill","Duelling Mastery","Level 22 :","Wild Fire","Bolt Weapon Expert","Level 42 :","Devastating Attack","Agility","","Accessory 1","Hellbrute Horn Trophy / Echo of Victory / Litany of Exhaustion / Secrets of the forerunner / Bead of Might","","Level 7 :","Ballistic Skill","Duelling Mastery","Level 22 :","Wild Fire","External Power Block","Level 42 :","Devastating Attack","Agility","","Accessory 1","Hellbrute Horn Trophy / Echo of Victory / Litany of Exhaustion / Secrets of the forerunner / Bead of Might","","Level 7 :","Ballistic Skill","Duelling Mastery","Level 22 :","Wild Fire","Bolt Weapon Expert","Level 42 :","Devastating Attack","Agility","","Accessory 1","Hellbrute Horn Trophy / Echo of Victory / Litany of Exhaustion / Secrets of the forerunner / Bead of Might","","","","","","","","","","","","","","","","","","","","","","","","","","","","","","","","","","","","","","","","","","","","","","","","","","","","","","","","","","","","","","","","","","","","","","","","","","","","","","","","","","","","","","","","","","","","","","","","","","","","","","","","","","","","","","","","","","","","",""
"","Level 8 :","Rack and Ruin","Awareness","Level 23 :","Athletics","Broad expertise","Level 43 :","Breaking Attack","Power Weapon Expert","","Accessory 2","Pair Holster / Secrets of the forerunner / Bead of Might","","Level 8 :","Rack and Ruin","Awareness","Level 23 :","Athletics","Broad expertise","Level 43 :","Breaking Attack","Flame Weapon Expert","","Accessory 2","Pair Holster / Secrets of the forerunner / Bead of Might","","Level 8 :","Rack and Ruin","Awareness","Level 23 :","Athletics","Broad expertise","Level 43 :","Breaking Attack","Trusty Weapons","","Accessory 2","Demolition Instructions / Pair Holster / Secrets of the forerunner / Bead of Might","","","","","","","","","","","","","","","","","","","","","","","","","","","","","","","","","","","","","","","","","","","","","","","","","","","","","","","","","","","","","","","","","","","","","","","","","","","","","","","","","","","","","","","","","","","","","","","","","","","","","","","","","","","","","","","","","","","","",""
"","Level 9 :","Firearm Mastery II","","Level 24 :","Perception","Brutal Hunter","Level 44 :","Awareness","Destroyer *","","Gloves","Blood Ice Gauntlets","","Level 9 :","Firearm Mastery II","","Level 24 :","Perception","Safety Training","Level 44 :","Athletics","Destroyer *","","Gloves","Blood Ice Gauntlets","","Level 9 :","Firearm Mastery II","","Level 24 :","Perception","Brutal Hunter","Level 44 :","Awareness","Destroyer *","","Gloves","Blood Ice Gauntlets","","","","","","","","","","","","","","","","","","","","","","","","","","","","","","","","","","","","","","","","","","","","","","","","","","","","","","","","","","","","","","","","","","","","","","","","","","","","","","","","","","","","","","","","","","","","","","","","","","","","","","","","","","","","","","","","","","","","",""
"","Level 10 :","Alacrity","Ballistic Skill","Level 25 :","Armsmaster","","Level 45 :","AP +1","","","Boots","Icebreaker Sabatons","","Level 10 :","Alacrity","Ballistic Skill","Level 25 :","Armsmaster","","Level 45 :","AP +1","","","Boots","Icebreaker Sabatons","","Level 10 :","Alacrity","Ballistic Skill","Level 25 :","Armsmaster","","Level 45 :","AP +1","","","Boots","Icebreaker Sabatons","","","","","","","","","","","","","","","","","","","","","","","","","","","","","","","","","","","","","","","","","","","","","","","","","","","","","","","","","","","","","","","","","","","","","","","","","","","","","","","","","","","","","","","","","","","","","","","","","","","","","","","","","","","","","","","","","","","","",""
"","Level 11 :","Rapid Fire","Demolition","Level 26 :","Athletics","Agility","Level 46 :","Point-Blank / Muzzle Velocity","Awareness","","Weapon Set 1","[Mezoa-Pattern] Astartes Bolt Pistol","","Level 11 :","Rapid Fire","Demolition","Level 26 :","Athletics","Agility","Level 46 :","tenderise","Awareness","","Weapon Set 1","Massive Astartes Plasma Pistol / Astartes Plasma Pistol","","Level 11 :","Rapid Fire","Demolition","Level 26 :","Athletics","Agility","Level 46 :","Demolition Engineer","Awareness","","Weapon Set 1","[Mezoa-Pattern] Astartes Bolt Pistol","","","","","","","","","","","","","","","","","","","","","","","","","","","","","","","","","","","","","","","","","","","","","","","","","","","","","","","","","","","","","","","","","","","","","","","","","","","","","","","","","","","","","","","","","","","","","","","","","","","","","","","","","","","","","","","","","","","","",""
"","Level 12 :","Perception","Dual-Weapon Combat","Level 27 :","Steady Superiority IV","","Level 47 :","Enough Bullets for Everyone","Awareness","","","Grin of the Iron Wolf / Mjodlner / Astartes Power Sword / Untained Sacrement","","Level 12 :","Perception","Dual-Weapon Combat","Level 27 :","Steady Superiority IV","","Level 47 :","Point-Blank","Awareness","","","Grin of the Iron Wolf / Mjodlner / Astartes Power Sword","","Level 12 :","Perception","Dual-Weapon Combat","Level 27 :","Steady Superiority IV","","Level 47 :","tenderise","Awareness","","","Grin of the Iron Wolf / Mjodlner / Astartes Power Sword","","","","","","","","","","","","","","","","","","","","","","","","","","","","","","","","","","","","","","","","","","","","","","","","","","","","","","","","","","","","","","","","","","","","","","","","","","","","","","","","","","","","","","","","","","","","","","","","","","","","","","","","","","","","","","","","","","","","",""
"","Level 13 :","Unfaltering Fire","It Will not Die","Level 28 :","Awareness","Flashfire","Level 48 :","Exploit Weakness","Agility","","Weapon Set 2","Typhoon / Annihilating Astartes Bolter /  Storm Bolter","","Level 13 :","Unfaltering Fire","It Will not Die","Level 28 :","Demolitions","Flashfire","Level 48 :","Exploit Weakness","Agility","","Weapon Set 2","The Pyre / Annihilating Astartes Bolter / Typhoon / Storm Bolter","","Level 13 :","Unfaltering Fire","It Will not Die","Level 28 :","Awareness","Flashfire","Level 48 :","Exploit Weakness","Agility","","Weapon Set 2","The Pyre","","","","","","","","","","","","","","","","","","","","","","","","","","","","","","","","","","","","","","","","","","","","","","","","","","","","","","","","","","","","","","","","","","","","","","","","","","","","","","","","","","","","","","","","","","","","","","","","","","","","","","","","","","","","","","","","","","","","",""
"","Level 14 :","Chain Weapon Expert","Demolition","Level 29 :","Ballistic Skill","Combat Master","Level 49 :","Toughness","Awareness","","","","","Level 14 :","Chain Weapon Expert","Demolition","Level 29 :","Ballistic Skill","Enhanced Splash Area","Level 49 :","Toughness","Awareness","","","","","Level 14 :","Chain Weapon Expert","Demolition","Level 29 :","Ballistic Skill","Grenadier","Level 49 :","Toughness","Athletics","","","","","","","","","","","","","","","","","","","","","","","","","","","","","","","","","","","","","","","","","","","","","","","","","","","","","","","","","","","","","","","","","","","","","","","","","","","","","","","","","","","","","","","","","","","","","","","","","","","","","","","","","","","","","","","","","","","","","","","",""
"","Level 15 :","Firearm Mastery III","","Level 30 :","Reckless Rush","","Level 50 :","Peak Condition","Camaraderie","","","","","Level 15 :","Firearm Mastery III","","Level 30 :","Reckless Rush","","Level 50 :","Peak Condition","Enough bullets for everyone","","","","","Level 15 :","Firearm Mastery III","","Level 30 :","Reckless Rush","","Level 50 :","Peak Condition","enough bullets for everyone","","","","","","","","","","","","","","","","","","","","","","","","","","","","","","","","","","","","","","","","","","","","","","","","","","","","","","","","","","","","","","","","","","","","","","","","","","","","","","","","","","","","","","","","","","","","","","","","","","","","","","","","","","","","","","","","","","","","","","","",""
"","","","","Level 31 :","Dependable","","Level 51 :","Distract","Demolition","","","","","","","","Level 31 :","Dependable","","Level 51 :","Distract","Awareness","","","","","","","","Level 31 :","Dependable","","Level 51 :","Distract","Demolitions","","","","","","","","","","","","","","","","","","","","","","","","","","","","","","","","","","","","","","","","","","","","","","","","","","","","","","","","","","","","","","","","","","","","","","","","","","","","","","","","","","","","","","","","","","","","","","","","","","","","","","","","","","","","","","","","","","","","","","","",""
"","","","","Level 32 :","Toughness","Awareness","Level 52 :","Preferred Targets","Trusty Weapons","","","","","","","","Level 32 :","Toughness","Demolitions","Level 52 :","Preferred Targets","Power Weapon Expert","","","","","","","","Level 32 :","Toughness","Awareness","Level 52 :","Preferred Targets","Swift Movements","","","","","","","","","","","","","","","","","","","","","","","","","","","","","","","","","","","","","","","","","","","","","","","","","","","","","","","","","","","","","","","","","","","","","","","","","","","","","","","","","","","","","","","","","","","","","","","","","","","","","","","","","","","","","","","","","","","","","","","",""
"","","","","Level 33 :","Adaptability","Toughhness","Level 53 :","Dash","Toughness","","","","","","","","Level 33 :","Adaptability","Toughhness","Level 53 :","Dash / Entrench","Toughness","","","","","","","","Level 33 :","Adaptability","Toughhness","Level 53 :","Entrench","Toughness","","","","","","","","","","","","","","","","","","","","","","","","","","","","","","","","","","","","","","","","","","","","","","","","","","","","","","","","","","","","","","","","","","","","","","","","","","","","","","","","","","","","","","","","","","","","","","","","","","","","","","","","","","","","","","","","","","","","","","","",""
"","","","","Level 34 :","Perception","Grenadier","Level 54 :","Extermination","Accustomed to Glory","","","","","","","","Level 34 :","Perception","Plasma Bank","Level 54 :","Extermination","Accustomed to Glory","","","","","","","","Level 34 :","Perception","Flame Weapon Expert","Level 54 :","Extermination","Accustomed to Glory","","","","","","","","","","","","","","","","","","","","","","","","","","","","","","","","","","","","","","","","","","","","","","","","","","","","","","","","","","","","","","","","","","","","","","","","","","","","","","","","","","","","","","","","","","","","","","","","","","","","","","","","","","","","","","","","","","","","","","","",""
"","","","","Level 35 :","Steady Superiority II","","Level 55 :","AP +1","","","","","","","","","Level 35 :","Steady Superiority II","","Level 55 :","AP +1","","","","","","","","","Level 35 :","Steady Superiority II","","Level 55 :","AP +1","","","","","","","","","","","","","","","","","","","","","","","","","","","","","","","","","","","","","","","","","","","","","","","","","","","","","","","","","","","","","","","","","","","","","","","","","","","","","","","","","","","","","","","","","","","","","","","","","","","","","","","","","","","","","","","","","","","","","","","","",""
"","Marazhai the Bringer of Pain https://youtu.be/TsFcCtnj_is ","","","","","","","","","","Skill Options","","","Marazhai The Tormentor","","","","","","","","","","Skill Options","","","","","","","","","","","","","","","","","","","","","","","","","","","","","","","","","","","","","","","","","","","","","","","","","","","","","","","","","","","","","","","","","","","","","","","","","","","","","","","","","","","","","","","","","","","","","","","","","","","","","","","","","","","","","","","","","","","","","","","","","","","","","","","","","","",""
"","Death Aura build. His other build is very potent with stacking armour from undying rage gauntlets","","","","","","","","","","Athletics / Carouse / Demolitions / Medicae","","","This is the non death aura version","","","","","","","","","","Athletics / Carouse / Demolitions / Medicae","","","","","","","","","","","","","","","","","","","","","","","","","","","","","","","","","","","","","","","","","","","","","","","","","","","","","","","","","","","","","","","","","","","","","","","","","","","","","","","","","","","","","","","","","","","","","","","","","","","","","","","","","","","","","","","","","","","","","","","","","","","","","","","","","","",""
"","Warrior","","","Assassin","","","Exemplar","","","","","","","Warrior","","","Assassin","","","Exemplar","","","","","","","","","","","","","","","","","","","","","","","","","","","","","","","","","","","","","","","","","","","","","","","","","","","","","","","","","","","","","","","","","","","","","","","","","","","","","","","","","","","","","","","","","","","","","","","","","","","","","","","","","","","","","","","","","","","","","","","","","","","","","","","","","","","","","","",""
"","Level 1 :","Charge","","Level 16 :","Seek the Opening","","Level 36 :","Destroyer *","Shearing Strikes","","","","","Level 1 :","Charge","","Level 16 :","Seek the Opening","","Level 36 :","Destroyer","Shearing Strikes","","","","","","","","","","","","","","","","","","","","","","","","","","","","","","","","","","","","","","","","","","","","","","","","","","","","","","","","","","","","","","","","","","","","","","","","","","","","","","","","","","","","","","","","","","","","","","","","","","","","","","","","","","","","","","","","","","","","","","","","","","","","","","","","","","","","",""
"","Level 2 :","Athletics","","Level 17 :","Danse Macabre","","Level 37 :","Coercion","Imminent Demise","","Gear to consider","","","Level 2 :","Athletics","","Level 17 :","Danse Macabre","","Level 37 :","Athletics","Imminent Demise","","Gear to consider","","","","","","","","","","","","","","","","","","","","","","","","","","","","","","","","","","","","","","","","","","","","","","","","","","","","","","","","","","","","","","","","","","","","","","","","","","","","","","","","","","","","","","","","","","","","","","","","","","","","","","","","","","","","","","","","","","","","","","","","","","","","","","","","","","",""
"","Level 3 :","Endure","","Level 18 :","An Eye for the Unscathed","","Level 38 :","Weapon Skill","Prey on the Weak","","Helm","Self Calibrating Goggles / Weakness Detector","","Level 3 :","Endure","","Level 18 :","An Eye for the Unscathed","","Level 38 :","Weapon Skill","Prey on the Weak","","Helm","Weakness Detector / Vivisector's Visor / Lingering Whisper","","","","","","","","","","","","","","","","","","","","","","","","","","","","","","","","","","","","","","","","","","","","","","","","","","","","","","","","","","","","","","","","","","","","","","","","","","","","","","","","","","","","","","","","","","","","","","","","","","","","","","","","","","","","","","","","","","","","","","","","","","","","","","","","","",""
"","Level 4 :","Daring Breach","Defensive Manoeuvres","Level 19 :","Dispatch","","Level 39 :","Taunting Scream","Coercion","","Armour","Ghostplate Armour / [Black Heart] Kabalite Armour / Wytch's Last Cry","","Level 4 :","Daring Breach","Defensive Manoeuvres","Level 19 :","Dispatch","","Level 39 :","Sworn Enemy","Athletics","","Armour","Ghostplate Armour / [Black Heart] Kabalite Armour / Wytch's Last Cry","","","","","","","","","","","","","","","","","","","","","","","","","","","","","","","","","","","","","","","","","","","","","","","","","","","","","","","","","","","","","","","","","","","","","","","","","","","","","","","","","","","","","","","","","","","","","","","","","","","","","","","","","","","","","","","","","","","","","","","","","","","","","","","","","",""
"","Level 5 :","Easy Target","Weapon Skill","Level 20 :","AP +1","Agility","Level 40 :","Degraded Defence","Lethal Concentration","","Cloak","Swishshroud Cloak","","Level 5 :","Easy Target","Weapon Skill","Level 20 :","AP +1","Agility","Level 40 :","Degraded Defence","Lethal Concentration","","Cloak","Swishshroud Cloak","","","","","","","","","","","","","","","","","","","","","","","","","","","","","","","","","","","","","","","","","","","","","","","","","","","","","","","","","","","","","","","","","","","","","","","","","","","","","","","","","","","","","","","","","","","","","","","","","","","","","","","","","","","","","","","","","","","","","","","","","","","","","","","","","",""
"","Level 6 :","Break Through","Athletics","Level 21 :","Lone Killer","Agility","Level 41 :","Weapon Skill","Open Engagement","","Neck","Slicing Symbol","","Level 6 :","Break Through","Athletics","Level 21 :","Lone Killer","Agility","Level 41 :","Weapon Skill","Open Engagement","","Neck","Slicing Symbol","","","","","","","","","","","","","","","","","","","","","","","","","","","","","","","","","","","","","","","","","","","","","","","","","","","","","","","","","","","","","","","","","","","","","","","","","","","","","","","","","","","","","","","","","","","","","","","","","","","","","","","","","","","","","","","","","","","","","","","","","","","","","","","","","",""
"","Level 7 :","Weapon Skill","Nimble","Level 22 :","Athletics","Death Whisper","Level 42 :","Elusive Shadow","Agility","","Accessory 1","Notes on Weakness","","Level 7 :","Weapon Skill","Nimble","Level 22 :","Athletics","Death Whisper","Level 42 :","Elusive Shadow","Agility","","Accessory 1","Notes on Weakness","","","","","","","","","","","","","","","","","","","","","","","","","","","","","","","","","","","","","","","","","","","","","","","","","","","","","","","","","","","","","","","","","","","","","","","","","","","","","","","","","","","","","","","","","","","","","","","","","","","","","","","","","","","","","","","","","","","","","","","","","","","","","","","","","",""
"","Level 8 :","Carouse","Rigorous Training","Level 23 :","Lethality Heightens","","Level 43 :","Morbid Pirouette","Mantle of Agony","","Accessory 2","Iron Cape","","Level 8 :","Carouse","Rigorous Training","Level 23 :","Lethality Heightens","","Level 43 :","Morbid Pirouette","Mantle of Agony","","Accessory 2","Iron Cape","","","","","","","","","","","","","","","","","","","","","","","","","","","","","","","","","","","","","","","","","","","","","","","","","","","","","","","","","","","","","","","","","","","","","","","","","","","","","","","","","","","","","","","","","","","","","","","","","","","","","","","","","","","","","","","","","","","","","","","","","","","","","","","","","",""
"","Level 9 :","Daring Breach I","","Level 24 :","Weapon Skill","Dual Weapon Combat","Level 44 :","Coercion","Malign influence","","Gloves","Undying Rage / Riposte Gloves / Claws of the Black Hunt","","Level 9 :","Daring Breach I","","Level 24 :","Weapon Skill","Dual Weapon Combat","Level 44 :","Demolition","Eager for Battle","","Gloves","Undying Rage / Riposte Gloves / Claws of the Black Hunt","","","","","","","","","","","","","","","","","","","","","","","","","","","","","","","","","","","","","","","","","","","","","","","","","","","","","","","","","","","","","","","","","","","","","","","","","","","","","","","","","","","","","","","","","","","","","","","","","","","","","","","","","","","","","","","","","","","","","","","","","","","","","","","","","",""
"","Level 10 :","Blade Flurry","Agility","Level 25 :","Deadly Calculations","","Level 45 :","AP + 1","","","Boots","Blitz Boots / Enforcer's Light Boots / Skirmisher Boots / Spiked Boots","","Level 10 :","Blade Flurry","Agility","Level 25 :","Deadly Calculations","","Level 45 :","AP + 1","","","Boots","Blitz Boots / Enforcer's Light Boots / Skirmisher Boots / Spiked Boots","","","","","","","","","","","","","","","","","","","","","","","","","","","","","","","","","","","","","","","","","","","","","","","","","","","","","","","","","","","","","","","","","","","","","","","","","","","","","","","","","","","","","","","","","","","","","","","","","","","","","","","","","","","","","","","","","","","","","","","","","","","","","","","","","",""
"","Level 11 :","Reckless Strike","Duelling Mastery","Level 26 :","Weapon Skill","Athletics","Level 46 :","Thick Skin","Coercion","","Weapon Set 1","Interrogator Knife / Serrated Glimmersteel Blade / Hekatarii Blade of Bloodthirst / Heart Piercer","","Level 11 :","Reckless Strike","Duelling Mastery","Level 26 :","Weapon Skill","Athletics","Level 46 :","Cautious Disengage","Demolition","","Weapon Set 1","Serrated Glimmersteel Blade / Hekatarii Blade of Bloodthirst / Heart Piercer","","","","","","","","","","","","","","","","","","","","","","","","","","","","","","","","","","","","","","","","","","","","","","","","","","","","","","","","","","","","","","","","","","","","","","","","","","","","","","","","","","","","","","","","","","","","","","","","","","","","","","","","","","","","","","","","","","","","","","","","","","","","","","","","","",""
"","Level 12 :","Agility","Carouse","Level 27 :","Dispatch II","","Level 47 :","Impetus","Coercion","","","Serrated Glimmersteel Blade / Heart Piercer / Blood Hunter","","Level 12 :","Agility","Carouse","Level 27 :","Dispatch II","","Level 47 :","Impetus","Demolition","","","Serrated Glimmersteel Blade / Heart Piercer / Blood Hunter","","","","","","","","","","","","","","","","","","","","","","","","","","","","","","","","","","","","","","","","","","","","","","","","","","","","","","","","","","","","","","","","","","","","","","","","","","","","","","","","","","","","","","","","","","","","","","","","","","","","","","","","","","","","","","","","","","","","","","","","","","","","","","","","","",""
"","Level 13 :","Desolation","Coercion","Level 28 :","Characteristic Training: AGL","Ambush","Level 48 :","Create an Opening","Agility","","Weapon Set 2","Bloodseeker Klaive / Carnivorous Blade / Suffering Collector","","Level 13 :","Desolation","Coercion","Level 28 :","Characteristic Training: AGL","Ambush","Level 48 :","Create an Opening","Agility","","Weapon Set 2","Bloodseeker Klaive / Carnivorous Blade / Suffering Collector","","","","","","","","","","","","","","","","","","","","","","","","","","","","","","","","","","","","","","","","","","","","","","","","","","","","","","","","","","","","","","","","","","","","","","","","","","","","","","","","","","","","","","","","","","","","","","","","","","","","","","","","","","","","","","","","","","","","","","","","","","","","","","","","","",""
"","Level 14 :","Strength","Combat Master","Level 29 :","Perception","Lore Xenos","Level 49 :","Perception","Athletics","","","Hekatarii Blade of Bloodthirst / Slithering Slaughter","","Level 14 :","Strength","Combat Master","Level 29 :","Perception","Lore Xenos","Level 49 :","Perception","Demolition","","","Hekatarii Blade of Bloodthirst / Slithering Slaughter","","","","","","","","","","","","","","","","","","","","","","","","","","","","","","","","","","","","","","","","","","","","","","","","","","","","","","","","","","","","","","","","","","","","","","","","","","","","","","","","","","","","","","","","","","","","","","","","","","","","","","","","","","","","","","","","","","","","","","","","","","","","","","","","","",""
"","Level 15 :","Daring Breach II","","Level 30 :","Killing Edge","","Level 50 :","Lethal Threat","Crowd Kill","","","","","Level 15 :","Daring Breach II","","Level 30 :","Killing Edge","","Level 50 :","Peak Condition","Crowd Kill","","","","","","","","","","","","","","","","","","","","","","","","","","","","","","","","","","","","","","","","","","","","","","","","","","","","","","","","","","","","","","","","","","","","","","","","","","","","","","","","","","","","","","","","","","","","","","","","","","","","","","","","","","","","","","","","","","","","","","","","","","","","","","","","","","","","",""
"","","","","Level 31 :","Finesse","Disarray","Level 51 :","Perfect Opening","Athletics","","","","","","","","Level 31 :","Finesse","Disarray","Level 51 :","Perfect Opening","Demolition","","","","","","","","","","","","","","","","","","","","","","","","","","","","","","","","","","","","","","","","","","","","","","","","","","","","","","","","","","","","","","","","","","","","","","","","","","","","","","","","","","","","","","","","","","","","","","","","","","","","","","","","","","","","","","","","","","","","","","","","","","","","","","","","","","","","",""
"","","","","Level 32 :","Medicae","","Level 52 :","Killing Spree","Emboldened by Bloodshed","","","","","","","","Level 32 :","Medicae","","Level 52 :","Killing Spree","Emboldened by Bloodshed","","","","","","","","","","","","","","","","","","","","","","","","","","","","","","","","","","","","","","","","","","","","","","","","","","","","","","","","","","","","","","","","","","","","","","","","","","","","","","","","","","","","","","","","","","","","","","","","","","","","","","","","","","","","","","","","","","","","","","","","","","","","","","","","","","","","",""
"","","","","Level 33 :","Seize the Advantage","Perception","Level 53 :","Sworn Enemy","Perception","","","","","","","","Level 33 :","Seize the Advantage","Perception","Level 53 :","","Perception","","","","","","","","","","","","","","","","","","","","","","","","","","","","","","","","","","","","","","","","","","","","","","","","","","","","","","","","","","","","","","","","","","","","","","","","","","","","","","","","","","","","","","","","","","","","","","","","","","","","","","","","","","","","","","","","","","","","","","","","","","","","","","","","","","","","",""
"","","","","Level 34 :","Trueborn Superiority","","Level 54 :","Eager for Battle *","Esquive","","","","","","","","Level 34 :","Trueborn Superiority","","Level 54 :","Extermination","Esquive","","","","","","","","","","","","","","","","","","","","","","","","","","","","","","","","","","","","","","","","","","","","","","","","","","","","","","","","","","","","","","","","","","","","","","","","","","","","","","","","","","","","","","","","","","","","","","","","","","","","","","","","","","","","","","","","","","","","","","","","","","","","","","","","","","","","",""
"","","","","Level 35 :","Dispatch III","","Level 55 :","AP + 1","","","","","","","","","Level 35 :","Dispatch III","","Level 55 :","AP + 1","","","","","","","","","","","","","","","","","","","","","","","","","","","","","","","","","","","","","","","","","","","","","","","","","","","","","","","","","","","","","","","","","","","","","","","","","","","","","","","","","","","","","","","","","","","","","","","","","","","","","","","","","","","","","","","","","","","","","","","","","","","","","","","","","","","","","",""
"","Kibellah the Dancer of Death https://youtu.be/k13f3JcB-_4 ","","","","","","","","","","Skill Options","","","Kibellah the Unrelenting","","","","","","","","","","Skill Options","","","Kibellah Emissary of Death","","","","","","","","","","Skill Options","","","","","","","","","","","","","","","","","","","","","","","","","","","","","","","","","","","","","","","","","","","","","","","","","","","","","","","","","","","","","","","","","","","","","","","","","","","","","","","","","","","","","","","","","","","","","","","","","","","","","","","","","","","","","","","","","","","","","",""
"","Bladedancer nerf hardly matters past rykad starport, finesse is a huge damage upgrade","","","","","","","","","","Medicae / Demolitions / Awareness / Athletics","","","","","","","","","","","","","Medicae / Demolitions / Awareness / Athletics","","","Trauma stack version of Kibellah's Executioner Build","","","","","","","","","","Medicae / Demolitions / Awareness / Athletics","","","","","","","","","","","","","","","","","","","","","","","","","","","","","","","","","","","","","","","","","","","","","","","","","","","","","","","","","","","","","","","","","","","","","","","","","","","","","","","","","","","","","","","","","","","","","","","","","","","","","","","","","","","","","","","","","","","","","",""
"","Blade Dancer","","","Executioner","","","Exemplar","","","","","","","Blade Dancer","","","Arch-Militant","","","Exemplar","","","","","","","Blade Dancer","","","Executioner","","","Exemplar","","","","","","","","","","","","","","","","","","","","","","","","","","","","","","","","","","","","","","","","","","","","","","","","","","","","","","","","","","","","","","","","","","","","","","","","","","","","","","","","","","","","","","","","","","","","","","","","","","","","","","","","","","","","","","","","","","","","","","","","","",""
"","Level 1 :","Blade Dance","","Level 16 :","Forced Repentance","Scourging Strike + 
  Where it hurts","Level 36 :","Eagar for Battle *","Sweeping Motions","","","","","Level 1 :","Blade Dance","","Level 16 :","Versitility","","Level 36 :","Eagar for Battle *","Blessed Scars","","","","","Level 1 :","Blade Dance","","Level 16 :","Forced Repentance","Scourging Strike + 
  Where it hurts","Level 36 :","Eagar for Battle *","Sweeping Motions / Guillotine","","","","","","","","","","","","","","","","","","","","","","","","","","","","","","","","","","","","","","","","","","","","","","","","","","","","","","","","","","","","","","","","","","","","","","","","","","","","","","","","","","","","","","","","","","","","","","","","","","","","","","","","","","","","","","","","","","","","","","","",""
"","Level 2 :","Medicae","","Level 17 :","Pain Resonance","","Level 37 :","Medicae","Perfect Anatomy","","Gear to consider","","","Level 2 :","Medicae","","Level 17 :","Reckless Rush","","Level 37 :","Medicae","Distract","","Gear to consider","","","Level 2 :","Medicae","","Level 17 :","Pain Resonance","","Level 37 :","Medicae","Racking Weakness","","Gear to consider","","","","","","","","","","","","","","","","","","","","","","","","","","","","","","","","","","","","","","","","","","","","","","","","","","","","","","","","","","","","","","","","","","","","","","","","","","","","","","","","","","","","","","","","","","","","","","","","","","","","","","","","","","","","","","","","","","","","","",""
"","Level 3 :","Death From Above","","Level 18 :","Anatomy Expert","","Level 38 :","Weapon Skill","Dance of Blood / Base Skill: Medicae","","Helm","Carmine Crown / Mechanicus Respirator","","Level 3 :","Death From Above","","Level 18 :","Allout","","Level 38 :","Weapon Skill","Dance of Blood / Base Skill: Medicae","","Helm","Carmine Crown / Mechanicus Respirator / Tactical Genius","","Level 3 :","Death From Above","","Level 18 :","Anatomy Expert","","Level 38 :","Weapon Skill","Dance of Blood / Base Skill: Medicae","","Helm","Carmine Crown / Mechanicus Respirator","","","","","","","","","","","","","","","","","","","","","","","","","","","","","","","","","","","","","","","","","","","","","","","","","","","","","","","","","","","","","","","","","","","","","","","","","","","","","","","","","","","","","","","","","","","","","","","","","","","","","","","","","","","","","","","","","","","","",""
"","Level 4 :","Death Waltz","Death Warden","Level 19 :","Carnival of Misery","","Level 39 :","Captive Audience","Medicae","","Armour","High Spinner Armour / Shadow of the undying One / Armour of Hidden Promise","","Level 4 :","Death Waltz","Death Warden","Level 19 :","Steady Superiority","","Level 39 :","Captive Audience","Medicae","","Armour","High Spinner Armour / Shadow of the undying One / Armour of Hidden Promise","","Level 4 :","Death Waltz","Death Warden","Level 19 :","Carnival of Misery","","Level 39 :","Captive Audience","Medicae","","Armour","High Spinner Armour / Shadow of the undying One / Armour of Hidden Promise","","","","","","","","","","","","","","","","","","","","","","","","","","","","","","","","","","","","","","","","","","","","","","","","","","","","","","","","","","","","","","","","","","","","","","","","","","","","","","","","","","","","","","","","","","","","","","","","","","","","","","","","","","","","","","","","","","","","",""
"","Level 5 :","Duelling Mastery","Weapon Skill","Level 20 :","AP +1","Weapon Skill","Level 40 :","Degraded Defence","All-Encompassing Agony","","Cloak","Swashbuckler Cloak / Malpain Shroud / Pack of Reagents / Blade Dancer's Mantle","","Level 5 :","Duelling Mastery","Weapon Skill","Level 20 :","AP +1","Weapon Skill","Level 40 :","Degraded Defence","Exploit Weakness","","Cloak","Blade Dancer's Mantle / Swiftshroud Cloak / Malpain Shroud","","Level 5 :","Duelling Mastery","Weapon Skill","Level 20 :","AP +1","Weapon Skill","Level 40 :","Degraded Defence","All-Encompassing Agony","","Cloak","Swashbuckler Cloak / Malpain Shroud / Pack of Reagents / Blade Dancer's Mantle","","","","","","","","","","","","","","","","","","","","","","","","","","","","","","","","","","","","","","","","","","","","","","","","","","","","","","","","","","","","","","","","","","","","","","","","","","","","","","","","","","","","","","","","","","","","","","","","","","","","","","","","","","","","","","","","","","","","",""
"","Level 6 :","Blood Oath","Medicae","Level 21 :","Weapon Skill","Does It Hurt?","Level 41 :","Weapon Skill","Grand Performance","","Neck","Anatomist's Amulet / The Vial of Falstow","","Level 6 :","Blood Oath","Medicae","Level 21 :","Always Ready","Weapon Skill","Level 41 :","Weapon Skill","Grand Performance","","Neck","The Vial of Falstow / Fury Incarnate / Flashlight Emitter / Invigorating Resolve","","Level 6 :","Blood Oath","Medicae","Level 21 :","Weapon Skill","Does It Hurt?","Level 41 :","Weapon Skill","Grand Performance","","Neck","Anatomist's Amulet / The Vial of Falstow","","","","","","","","","","","","","","","","","","","","","","","","","","","","","","","","","","","","","","","","","","","","","","","","","","","","","","","","","","","","","","","","","","","","","","","","","","","","","","","","","","","","","","","","","","","","","","","","","","","","","","","","","","","","","","","","","","","","",""
"","Level 7 :","Weapon Skill","Blood Rush","Level 22 :","Reckless Abandon","","Level 42 :","Terrifying Strike","Agility","","Accessory 1","Chirurgeon's Manual / Bead of might / book of war prayers / knuckle Guard","","Level 7 :","Weapon Skill","Blood Rush","Level 22 :","Wildfire","Drukhari Weapon Proficiency","Level 42 :","Confident Approach","Agility","","Accessory 1","Chirurgeon's Manual / Bead of might / book of war prayers / knuckle Guard / Bead of Might","","Level 7 :","Weapon Skill","Blood Rush","Level 22 :","Reckless Abandon","","Level 42 :","Terrifying Strike","Agility","","Accessory 1","Chirurgeon's Manual / Bead of might / book of war prayers / knuckle Guard","","","","","","","","","","","","","","","","","","","","","","","","","","","","","","","","","","","","","","","","","","","","","","","","","","","","","","","","","","","","","","","","","","","","","","","","","","","","","","","","","","","","","","","","","","","","","","","","","","","","","","","","","","","","","","","","","","","","",""
"","Level 8 :","Awareness","Jinx / Nimble / Bloody Mess","Level 23 :","Sower of Distress","Lore Xenos","Level 43 :","Unbearable Presence","Open the Veins / Advanced Skill: Medicae","","Accessory 2","Voidborn's pride / Diagnostor / Iron Cape","","Level 8 :","Demolition","Jinx","Level 23 :","Medicae","Flashfire","Level 43 :","Calm and Steady","Open the Veins / Advanced Skill: Medicae","","Accessory 2","Voidborn's pride / Diagnostor / Iron Cape","","Level 8 :","Awareness","Nimble / Jinx / Bloody Mess","Level 23 :","Sower of Distress","Lore Xenos","Level 43 :","Unbearable Presence","Open the Veins / Advanced Skill: Medicae","","Accessory 2","Voidborn's pride / Diagnostor / Iron Cape","","","","","","","","","","","","","","","","","","","","","","","","","","","","","","","","","","","","","","","","","","","","","","","","","","","","","","","","","","","","","","","","","","","","","","","","","","","","","","","","","","","","","","","","","","","","","","","","","","","","","","","","","","","","","","","","","","","","",""
"","Level 9 :","Death Waltz II","","Level 24 :","Agility","Drukhari Weapon Prof","Level 44 :","Awareness","Destroyer *","","Gloves","Crimson Oblivion / Augmented Gloves / Inevietable Demise / The Hand of Avolius / metal claw gloves","","Level 9 :","Death Waltz II","","Level 24 :","Agility","Finesse","Level 44 :","Demolition","Destroyer *","","Gloves","Crimson Oblivion / Augmented Gloves / Inevietable Demise / Metal Claw Gloves","","Level 9 :","Death Waltz II","","Level 24 :","Agility","Drukhari Weapon Prof","Level 44 :","Awareness","Destroyer *","","Gloves","Crimson Oblivion / Augmented Gloves / Inevietable Demise / The Hand of Avolius / metal claw gloves","","","","","","","","","","","","","","","","","","","","","","","","","","","","","","","","","","","","","","","","","","","","","","","","","","","","","","","","","","","","","","","","","","","","","","","","","","","","","","","","","","","","","","","","","","","","","","","","","","","","","","","","","","","","","","","","","","","","",""
"","Level 10 :","Escape Artist","Agility","Level 25 :","Master of Torture","","Level 45 :","AP +1","","","Boots","Fencing Boots / Sororitas Boots / Enforcers light boots","","Level 10 :","Escape Artist","Agility","Level 25 :","Adaptability","","Level 45 :","AP +1","","","Boots","Fencing Boots / Sororitas Boots / Enforcers light boots","","Level 10 :","Dance Partners","Agility","Level 25 :","Master of Torture","","Level 45 :","AP +1","","","Boots","Fencing Boots / Sororitas Boots / Enforcers light boots / Inertia Boots","","","","","","","","","","","","","","","","","","","","","","","","","","","","","","","","","","","","","","","","","","","","","","","","","","","","","","","","","","","","","","","","","","","","","","","","","","","","","","","","","","","","","","","","","","","","","","","","","","","","","","","","","","","","","","","","","","","","",""
"","Level 11 :","Acrobatic Artistry","Dance Partners","Level 26 :","Agility","Medicae","Level 46 :","Rising Tempo","Awareness","","Weapon Set 1","Symphony of Pain / Imminent Torment / Blood Hunter","","Level 11 :","Acrobatic Artistry","Guillotine","Level 26 :","Medicae","Agility","Level 46 :","Rising Tempo","Demolition","","Weapon Set 1","Woebringer / Thorn Klaive / Carnivorous Blade","","Level 11 :","Acrobatic Artistry","Facing the End","Level 26 :","Agility","Medicae","Level 46 :","Rising Tempo","Awareness","","Weapon Set 1","Symphony of Pain / Imminent Torment / Blood Hunter","","","","","","","","","","","","","","","","","","","","","","","","","","","","","","","","","","","","","","","","","","","","","","","","","","","","","","","","","","","","","","","","","","","","","","","","","","","","","","","","","","","","","","","","","","","","","","","","","","","","","","","","","","","","","","","","","","","","",""
"","Level 12 :","Agility","Awareness","Level 27 :","Carnival of Misery III","","Level 47 :","Duellist","Awareness","","","Symphony of Pain / Imminent Torment / Virulent Slicer","","Level 12 :","Agility","Demolition","Level 27 :","Steady Superiority IV","","Level 47 :","Duellist","Awareness","","","","","Level 12 :","Agility","Awareness","Level 27 :","Carnival of Misery III","","Level 47 :","Duellist","Awareness","","","Symphony of Pain / Imminent Torment / Virulent Slicer","","","","","","","","","","","","","","","","","","","","","","","","","","","","","","","","","","","","","","","","","","","","","","","","","","","","","","","","","","","","","","","","","","","","","","","","","","","","","","","","","","","","","","","","","","","","","","","","","","","","","","","","","","","","","","","","","","","","",""
"","Level 13 :","Characteristic Training: Per","Demolition","Level 28 :","Invigorating Screams / Perfect Anatomy","","Level 48 :","Deep Laceration","Agility","","Weapon Set 2","Djin Blade of Yremeryss / Well-Maintained Rocksaw","","Level 13 :","Base Skill: Lore (Xenos)","Awareness","Level 28 :","Demolition","Critical Versatility","Level 48 :","Preferred Targets","Agility","","Weapon Set 2","Djin Blade of Yremeryss","","Level 13 :","Characteristic Training: Per","Demolition","Level 28 :","Invigorating Screams / Perfect Anatomy","","Level 48 :","Maddening Flames","Agility","","Weapon Set 2","Djin Blade of Yremeryss / Well-Maintained Rocksaw","","","","","","","","","","","","","","","","","","","","","","","","","","","","","","","","","","","","","","","","","","","","","","","","","","","","","","","","","","","","","","","","","","","","","","","","","","","","","","","","","","","","","","","","","","","","","","","","","","","","","","","","","","","","","","","","","","","","",""
"","Level 14 :","Perception","Guillotine ","Level 29 :","Perception","Medicae","Level 49 :","Perception","Awareness","","","Insatiable Djin Blade","","Level 14 :","Toughness","Sweeping Motions","Level 29 :","Toughness","Characteristic Training: Per","Level 49 :","Perception","Awareness","","","Insatiable Djin Blade","","Level 14 :","Perception","Guillotine / Sweeping Motions","Level 29 :","Perception","Medicae","Level 49 :","Perception","Awareness","","","Insatiable Djin Blade","","","","","","","","","","","","","","","","","","","","","","","","","","","","","","","","","","","","","","","","","","","","","","","","","","","","","","","","","","","","","","","","","","","","","","","","","","","","","","","","","","","","","","","","","","","","","","","","","","","","","","","","","","","","","","","","","","","","",""
"","Level 15 :","Death Waltz III","","Level 30 :","Exsanguination","Finesse","Level 50 :","Peak Condition","Race Against Death","","","","","Level 15 :","Death Waltz III","","Level 30 :","Devastating Attack","","Level 50 :","Peak Condition","It Takes Two","","","","","Level 15 :","Death Waltz III","","Level 30 :","Exsanguination","Finesse","Level 50 :","Peak Condition ","Race Against Death","","","","","","","","","","","","","","","","","","","","","","","","","","","","","","","","","","","","","","","","","","","","","","","","","","","","","","","","","","","","","","","","","","","","","","","","","","","","","","","","","","","","","","","","","","","","","","","","","","","","","","","","","","","","","","","","","","","","","","","",""
"","","","","Level 31 :","Fragile Playthings","","Level 51 :","Sickening Pain","Demolition","","","","","","","","Level 31 :","Breaking Attack","","Level 51 :","Contempt for the Weak","Awareness","","","","","","","","Level 31 :","Deep Laceration","","Level 51 :","Sickening Pain","Demolition","","","","","","","","","","","","","","","","","","","","","","","","","","","","","","","","","","","","","","","","","","","","","","","","","","","","","","","","","","","","","","","","","","","","","","","","","","","","","","","","","","","","","","","","","","","","","","","","","","","","","","","","","","","","","","","","","","","","","","","",""
"","","","","Level 32 :","Perception","Demolition","Level 52 :","Bloody Requiem","Wounds Streaming Blood","","","","","","","","Level 32 :","Perception","Demolition","Level 52 :","Accustomed to Glory","Wounds Streaming Blood","","","","","","","","Level 32 :","Perception","Demolition","Level 52 :","Bloody Requiem","Wounds Streaming Blood","","","","","","","","","","","","","","","","","","","","","","","","","","","","","","","","","","","","","","","","","","","","","","","","","","","","","","","","","","","","","","","","","","","","","","","","","","","","","","","","","","","","","","","","","","","","","","","","","","","","","","","","","","","","","","","","","","","","","","","",""
"","","","","Level 33 :","Racking Weakness","","Level 53 :","Gift of Torment","Perception","","","","","","","","Level 33 :","Dismantle","Perception","Level 53 :","Cautious Approach","Perception","","","","","","","","Level 33 :","Fragile Playthings","","Level 53 :","Gift of Torment","Perception","","","","","","","","","","","","","","","","","","","","","","","","","","","","","","","","","","","","","","","","","","","","","","","","","","","","","","","","","","","","","","","","","","","","","","","","","","","","","","","","","","","","","","","","","","","","","","","","","","","","","","","","","","","","","","","","","","","","","","","",""
"","","","","Level 34 :","Perception","Dual Weapon Combat","Level 54 :","Extermination","Blade in His Hand","","","","","","","","Level 34 :","Perception","Bloody Mess","Level 54 :","Extermination","Survivor","","","","","","","","Level 34 :","Perception","Dual Weapon Combat","Level 54 :","Extermination","Blade in His Hand","","","","","","","","","","","","","","","","","","","","","","","","","","","","","","","","","","","","","","","","","","","","","","","","","","","","","","","","","","","","","","","","","","","","","","","","","","","","","","","","","","","","","","","","","","","","","","","","","","","","","","","","","","","","","","","","","","","","","","","",""
"","","","","Level 35 :","Carnival of Misery I","","Level 55 :","AP +1","","","","","","","","","Level 35 :","Steady Superiority II","","Level 55 :","AP +1","","","","","","","","","Level 35 :","Carnival of Misery I","","Level 55 :","AP +1","","","","","","","","","","","","","","","","","","","","","","","","","","","","","","","","","","","","","","","","","","","","","","","","","","","","","","","","","","","","","","","","","","","","","","","","","","","","","","","","","","","","","","","","","","","","","","","","","","","","","","","","","","","","","","","","","","","","","","","","",""
"","Solomorne the Pack Master https://youtu.be/l3AcHFfdokw ","","","","","","","","","","Skill Options","","","","","","","","","","","","","","","","","","","","","","","","","","","","","","","","","","","","","","","","","","","","","","","","","","","","","","","","","","","","","","","","","","","","","","","","","","","","","","","","","","","","","","","","","","","","","","","","","","","","","","","","","","","","","","","","","","","","","","","","","","","","","","","","","","","","","","","","","","","","","","","",""
"","level 19 start is huge (late game you can fix his build to include dash if you want to make the shotguns more usable or you can build for secondary burst fire weapons, in which case skip DWC)","","","","","","","","","","Demolitions / Awareness / Coercion","","","","","","","","","","","","","","","","","","","","","","","","","","","","","","","","","","","","","","","","","","","","","","","","","","","","","","","","","","","","","","","","","","","","","","","","","","","","","","","","","","","","","","","","","","","","","","","","","","","","","","","","","","","","","","","","","","","","","","","","","","","","","","","","","","","","","","","","","","","","","","","",""
"","Imminent Demise","","","Overseer","","","Exemplar","","","","","","","","","","","","","","","","","","","","","","","","","","","","","","","","","","","","","","","","","","","","","","","","","","","","","","","","","","","","","","","","","","","","","","","","","","","","","","","","","","","","","","","","","","","","","","","","","","","","","","","","","","","","","","","","","","","","","","","","","","","","","","","","","","","","","","","","","","","","","","","","","","","",""
"","Level 1 :","Run and Gun","","Level 16 :","Cyber-Mastiff Proficiency","","Level 36 :","Eager for Battle *","Swift Slaughter","","","","","","","","","","","","","","","","","","","","","","","","","","","","","","","","","","","","","","","","","","","","","","","","","","","","","","","","","","","","","","","","","","","","","","","","","","","","","","","","","","","","","","","","","","","","","","","","","","","","","","","","","","","","","","","","","","","","","","","","","","","","","","","","","","","","","","","","","","","","","","","","","",""
"","Level 2 :","Demolition","","Level 17 :","Advanced Tracking","","Level 37 :","Demolition","Automatic Protection","","Gear to consider","","","","","","","","","","","","","","","","","","","","","","","","","","","","","","","","","","","","","","","","","","","","","","","","","","","","","","","","","","","","","","","","","","","","","","","","","","","","","","","","","","","","","","","","","","","","","","","","","","","","","","","","","","","","","","","","","","","","","","","","","","","","","","","","","","","","","","","","","","","","","","","",""
"","Level 3 :","Revel in Slaughter","","Level 18 :","Relentless Pursuit","","Level 38 :","Ballistic Skill","Grenadier","","Helm","Steel guidance / Arbites helmet / Commissar Cap","","","","","","","","","","","","","","","","","","","","","","","","","","","","","","","","","","","","","","","","","","","","","","","","","","","","","","","","","","","","","","","","","","","","","","","","","","","","","","","","","","","","","","","","","","","","","","","","","","","","","","","","","","","","","","","","","","","","","","","","","","","","","","","","","","","","","","","","","","","","","","",""
"","Level 4 :","Firearm Mastery","Rack and Ruin","Level 19 :","Overcharge","","Level 39 :","Dash / Rapid Fire","Demolition","","Armour","[Hive world Origin] Voidsmen Armour / Warrior Armour","","","","","","","","","","","","","","","","","","","","","","","","","","","","","","","","","","","","","","","","","","","","","","","","","","","","","","","","","","","","","","","","","","","","","","","","","","","","","","","","","","","","","","","","","","","","","","","","","","","","","","","","","","","","","","","","","","","","","","","","","","","","","","","","","","","","","","","","","","","","","","",""
"","Level 5 :","Ballistic Skill","Demolition Engineer","Level 20 :","Ap +1","Ballistic Skill","Level 40 :","Degraded Defence","Suppression Factor","","Cloak","Cloak of Hatred / Sensory-motor Modulator / Tempestus Elite Carapace","","","","","","","","","","","","","","","","","","","","","","","","","","","","","","","","","","","","","","","","","","","","","","","","","","","","","","","","","","","","","","","","","","","","","","","","","","","","","","","","","","","","","","","","","","","","","","","","","","","","","","","","","","","","","","","","","","","","","","","","","","","","","","","","","","","","","","","","","","","","","","",""
"","Level 6 :","Ballistic Skill","Grisly Adjudication","Level 21 :","Rite of Calibration","Ballistic Skill","Level 41 :","Ballistic Skill","Fired Up","","Neck","Vial of Falstow / Ironclad Argument","","","","","","","","","","","","","","","","","","","","","","","","","","","","","","","","","","","","","","","","","","","","","","","","","","","","","","","","","","","","","","","","","","","","","","","","","","","","","","","","","","","","","","","","","","","","","","","","","","","","","","","","","","","","","","","","","","","","","","","","","","","","","","","","","","","","","","","","","","","","","","",""
"","Level 7 :","Agility","Lawful Intervention","Level 22 :","Consolidation","Coercion","Level 42 :","Bite!","Agility","","Accessory 1","Demolition Instructions / Bayonet Chain Knife","","","","","","","","","","","","","","","","","","","","","","","","","","","","","","","","","","","","","","","","","","","","","","","","","","","","","","","","","","","","","","","","","","","","","","","","","","","","","","","","","","","","","","","","","","","","","","","","","","","","","","","","","","","","","","","","","","","","","","","","","","","","","","","","","","","","","","","","","","","","","","",""
"","Level 8 :","Second Skin","Demolition","Level 23 :","Enhanced Augmetics","","Level 43 :","Brother-In-Arms","Know No Heresy","","Accessory 2","Bead of Might / Portable Motive Force Storage / Seal of the Purifier / Iron Cape","","","","","","","","","","","","","","","","","","","","","","","","","","","","","","","","","","","","","","","","","","","","","","","","","","","","","","","","","","","","","","","","","","","","","","","","","","","","","","","","","","","","","","","","","","","","","","","","","","","","","","","","","","","","","","","","","","","","","","","","","","","","","","","","","","","","","","","","","","","","","","",""
"","Level 9 :","Firearm Mastery III","","Level 24 :","Agility","Law and Order","Level 44 :","Coercion","Extermination / Eager Subordinates *","","Gloves","Elastic Gloves / Inevietable Demise / Marksman Bracers / Compensator Gloves","","","","","","","","","","","","","","","","","","","","","","","","","","","","","","","","","","","","","","","","","","","","","","","","","","","","","","","","","","","","","","","","","","","","","","","","","","","","","","","","","","","","","","","","","","","","","","","","","","","","","","","","","","","","","","","","","","","","","","","","","","","","","","","","","","","","","","","","","","","","","","",""
"","Level 10 :","Point-Blank","Agility","Level 25 :","Chain-Maw","","Level 45 :","AP +1","","","Boots","Navy Breacher Boots / Heavy Breacher Boots / Inertia Boots (still bugged for range)","","","","","","","","","","","","","","","","","","","","","","","","","","","","","","","","","","","","","","","","","","","","","","","","","","","","","","","","","","","","","","","","","","","","","","","","","","","","","","","","","","","","","","","","","","","","","","","","","","","","","","","","","","","","","","","","","","","","","","","","","","","","","","","","","","","","","","","","","","","","","","",""
"","Level 11 :","Concentrated Fire","Coercion","Level 26 :","Agility","Demolition","Level 46 :","Tenderise / Unfaltering Fire","Coercion","","Weapon Set 1","Double-Barreled Shotgun","","","","","","","","","","","","","","","","","","","","","","","","","","","","","","","","","","","","","","","","","","","","","","","","","","","","","","","","","","","","","","","","","","","","","","","","","","","","","","","","","","","","","","","","","","","","","","","","","","","","","","","","","","","","","","","","","","","","","","","","","","","","","","","","","","","","","","","","","","","","","","",""
"","Level 12 :","Perception","Armour-Piercing","Level 27 :","Overcharge II","","Level 47 :","Enough Bullets for Everyone","Medicae","","","Gunnery Shield","","","","","","","","","","","","","","","","","","","","","","","","","","","","","","","","","","","","","","","","","","","","","","","","","","","","","","","","","","","","","","","","","","","","","","","","","","","","","","","","","","","","","","","","","","","","","","","","","","","","","","","","","","","","","","","","","","","","","","","","","","","","","","","","","","","","","","","","","","","","","","",""
"","Level 13 :","Camaraderie","Prepared Prosecution","Level 28 :","Shotgun Mastery","Dual-Weapon Combat","Level 48 :","Dependable Ally","Agility","","Weapon Set 2","Scoped Shotgun / [Sol-Pattern] Shotgun / The Rack / Necrontech Lasgun","","","","","","","","","","","","","","","","","","","","","","","","","","","","","","","","","","","","","","","","","","","","","","","","","","","","","","","","","","","","","","","","","","","","","","","","","","","","","","","","","","","","","","","","","","","","","","","","","","","","","","","","","","","","","","","","","","","","","","","","","","","","","","","","","","","","","","","","","","","","","","",""
"","Level 14 :","Pillar of the Law","Coercion","Level 29 :","Perception","Demolition","Level 49 :","Perception","Awareness","","","Crescendo / The Ruin","","","","","","","","","","","","","","","","","","","","","","","","","","","","","","","","","","","","","","","","","","","","","","","","","","","","","","","","","","","","","","","","","","","","","","","","","","","","","","","","","","","","","","","","","","","","","","","","","","","","","","","","","","","","","","","","","","","","","","","","","","","","","","","","","","","","","","","","","","","","","","",""
"","Level 15 :","Firearm Mastery IV","","Level 30 :","Strategic Adaptation","","Level 50 :","Adamantium Alloys","Integrity / Alacrity","","Pet","Pack Hunting / Heel! Protocol","","","","","","","","","","","","","","","","","","","","","","","","","","","","","","","","","","","","","","","","","","","","","","","","","","","","","","","","","","","","","","","","","","","","","","","","","","","","","","","","","","","","","","","","","","","","","","","","","","","","","","","","","","","","","","","","","","","","","","","","","","","","","","","","","","","","","","","","","","","","","","",""
"","","","","Level 31 :","Perimeter Defence","Public Sentencing","Level 51 :","Battle Mode: Terror","Awareness","","","","","","","","","","","","","","","","","","","","","","","","","","","","","","","","","","","","","","","","","","","","","","","","","","","","","","","","","","","","","","","","","","","","","","","","","","","","","","","","","","","","","","","","","","","","","","","","","","","","","","","","","","","","","","","","","","","","","","","","","","","","","","","","","","","","","","","","","","","","","","","","","",""
"","","","","Level 32 :","Perception","Coercion","Level 52 :","Cohesion / Master's Patronage","Solid Projectile Weapon Expert","","","","","","","","","","","","","","","","","","","","","","","","","","","","","","","","","","","","","","","","","","","","","","","","","","","","","","","","","","","","","","","","","","","","","","","","","","","","","","","","","","","","","","","","","","","","","","","","","","","","","","","","","","","","","","","","","","","","","","","","","","","","","","","","","","","","","","","","","","","","","","","","","",""
"","","","","Level 33 :","Side by Side","","Level 53 :","Entrench / Dash","Perception","","","","","","","","","","","","","","","","","","","","","","","","","","","","","","","","","","","","","","","","","","","","","","","","","","","","","","","","","","","","","","","","","","","","","","","","","","","","","","","","","","","","","","","","","","","","","","","","","","","","","","","","","","","","","","","","","","","","","","","","","","","","","","","","","","","","","","","","","","","","","","","","","",""
"","","","","Level 34 :","Mob Justice","","Level 54 :","Deadly Aim / Vital Points","On the Double","","","","","","","","","","","","","","","","","","","","","","","","","","","","","","","","","","","","","","","","","","","","","","","","","","","","","","","","","","","","","","","","","","","","","","","","","","","","","","","","","","","","","","","","","","","","","","","","","","","","","","","","","","","","","","","","","","","","","","","","","","","","","","","","","","","","","","","","","","","","","","","","","",""
"","","","","Level 35 :","Overcharge I","","Level 55 :","AP +1","","","","","","","","","","","","","","","","","","","","","","","","","","","","","","","","","","","","","","","","","","","","","","","","","","","","","","","","","","","","","","","","","","","","","","","","","","","","","","","","","","","","","","","","","","","","","","","","","","","","","","","","","","","","","","","","","","","","","","","","","","","","","","","","","","","","","","","","","","","","","","","","","","",""
"","Incendia Chorda - Double Pistol Priest","","","","","","","","","","Skill Options","","","","","","","","","","","","","","","","","","","","","","","","","","","","","","","","","","","","","","","","","","","","","","","","","","","","","","","","","","","","","","","","","","","","","","","","","","","","","","","","","","","","","","","","","","","","","","","","","","","","","","","","","","","","","","","","","","","","","","","","","","","","","","","","","","","","","","","","","","","","","","","",""
"","Very powerful thanks to the new priest update. Can pair foehammers with melta pistols for obscene damage. Add in high rof pistols to the secondary set","","","","","","","","","","Demolition / Awareness / Coercion / Commerce / Persuasion","","","","","","","","","","","","","","","","","","","","","","","","","","","","","","","","","","","","","","","","","","","","","","","","","","","","","","","","","","","","","","","","","","","","","","","","","","","","","","","","","","","","","","","","","","","","","","","","","","","","","","","","","","","","","","","","","","","","","","","","","","","","","","","","","","","","","","","","","","","","","","","",""
"","Soldier","","","Master Tactician","","","Exemplar","","","","","","","","","","","","","","","","","","","","","","","","","","","","","","","","","","","","","","","","","","","","","","","","","","","","","","","","","","","","","","","","","","","","","","","","","","","","","","","","","","","","","","","","","","","","","","","","","","","","","","","","","","","","","","","","","","","","","","","","","","","","","","","","","","","","","","","","","","","","","","","","","","","",""
"","Level 1 :","Run and Gun","","Level 16 :","Tactical Advantage","Press The Advantage","Level 36 :","Eager for Battle","Demolition Engineer","","","","","","","","","","","","","","","","","","","","","","","","","","","","","","","","","","","","","","","","","","","","","","","","","","","","","","","","","","","","","","","","","","","","","","","","","","","","","","","","","","","","","","","","","","","","","","","","","","","","","","","","","","","","","","","","","","","","","","","","","","","","","","","","","","","","","","","","","","","","","","","","","",""
"","Level 2 :","Demolition","","Level 17 :","Inspire","","Level 37 :","Demolition","Reliance","","Gear to consider","","","","","","","","","","","","","","","","","","","","","","","","","","","","","","","","","","","","","","","","","","","","","","","","","","","","","","","","","","","","","","","","","","","","","","","","","","","","","","","","","","","","","","","","","","","","","","","","","","","","","","","","","","","","","","","","","","","","","","","","","","","","","","","","","","","","","","","","","","","","","","","",""
"","Level 3 :","Revel in Slaughter","","Level 18 :","In The Hero's Footsteps","","Level 38 :","Ballistic Skill","Litany of Hatred","","Helm","Peripheral Visor / Lingering Whisper","","","","","","","","","","","","","","","","","","","","","","","","","","","","","","","","","","","","","","","","","","","","","","","","","","","","","","","","","","","","","","","","","","","","","","","","","","","","","","","","","","","","","","","","","","","","","","","","","","","","","","","","","","","","","","","","","","","","","","","","","","","","","","","","","","","","","","","","","","","","","","",""
"","Level 4 :","Firearm Mastery","Point-Blank","Level 19 :","Orchestrated Firestorm","","Level 39 :","Rapid Fire","Demolition","","Armour","Duellist Uniform / [Hive World Origin] Voidsmen Armour","","","","","","","","","","","","","","","","","","","","","","","","","","","","","","","","","","","","","","","","","","","","","","","","","","","","","","","","","","","","","","","","","","","","","","","","","","","","","","","","","","","","","","","","","","","","","","","","","","","","","","","","","","","","","","","","","","","","","","","","","","","","","","","","","","","","","","","","","","","","","","",""
"","Level 5 :","Ballistic Score","Tenderise","Level 20 :","Ap +1","Ballistic Score","Level 40 :","Degraded Defence","Unwavering Motivation","","Cloak","Cape of Reckoning / Cloak of Hatred / Tactical Backpack","","","","","","","","","","","","","","","","","","","","","","","","","","","","","","","","","","","","","","","","","","","","","","","","","","","","","","","","","","","","","","","","","","","","","","","","","","","","","","","","","","","","","","","","","","","","","","","","","","","","","","","","","","","","","","","","","","","","","","","","","","","","","","","","","","","","","","","","","","","","","","",""
"","Level 6 :","Ballistic Score","Concentrated Fire","Level 21 :","Ballistic Score","Joint Offensive","Level 41 :","Ballistic Skill","Swift Slaughter","","Neck","Burning Faith Insignia / Onslaught Amulet / The Vial of Foulstow","","","","","","","","","","","","","","","","","","","","","","","","","","","","","","","","","","","","","","","","","","","","","","","","","","","","","","","","","","","","","","","","","","","","","","","","","","","","","","","","","","","","","","","","","","","","","","","","","","","","","","","","","","","","","","","","","","","","","","","","","","","","","","","","","","","","","","","","","","","","","","",""
"","Level 7 :","Willpower","Know No Heresy","Level 22 :","Fervour","","Level 42 :","Strongpoint","Willpower","","Accessory 1","Demolition Instructions / Chains of Domination / Battle Plan","","","","","","","","","","","","","","","","","","","","","","","","","","","","","","","","","","","","","","","","","","","","","","","","","","","","","","","","","","","","","","","","","","","","","","","","","","","","","","","","","","","","","","","","","","","","","","","","","","","","","","","","","","","","","","","","","","","","","","","","","","","","","","","","","","","","","","","","","","","","","","",""
"","Level 8 :","Integrity / Alacrity","Demolition","Level 23 :","Nerves of Steel","Persuasion","Level 43 :","Stronghold","Grenadier","","Accessory 2","Pair Holster / Echo of Victory / Bead of Might / Seal of the Purifier","","","","","","","","","","","","","","","","","","","","","","","","","","","","","","","","","","","","","","","","","","","","","","","","","","","","","","","","","","","","","","","","","","","","","","","","","","","","","","","","","","","","","","","","","","","","","","","","","","","","","","","","","","","","","","","","","","","","","","","","","","","","","","","","","","","","","","","","","","","","","","",""
"","Level 9 :","Firearm Mastery IV","","Level 24 :","Willpower","Litany of Purification","Level 44 :","Demolition","Extermination","","Gloves","Marksman Bracers / Inevitable Demise","","","","","","","","","","","","","","","","","","","","","","","","","","","","","","","","","","","","","","","","","","","","","","","","","","","","","","","","","","","","","","","","","","","","","","","","","","","","","","","","","","","","","","","","","","","","","","","","","","","","","","","","","","","","","","","","","","","","","","","","","","","","","","","","","","","","","","","","","","","","","","",""
"","Level 10 :","Rapid Reload","Willpower","Level 25 :","Stand Resolute","","Level 45 :","AP +1","","","Boots","Heavy Breacher Boots / Navy Breacher Boots / Caligae of Saint Keefe / Blitz Boots / recoil warboots","","","","","","","","","","","","","","","","","","","","","","","","","","","","","","","","","","","","","","","","","","","","","","","","","","","","","","","","","","","","","","","","","","","","","","","","","","","","","","","","","","","","","","","","","","","","","","","","","","","","","","","","","","","","","","","","","","","","","","","","","","","","","","","","","","","","","","","","","","","","","","",""
"","Level 11 :","Dash","Medicae","Level 26 :","Persuasion","Willpower","Level 46 :","Unfaltering Fire","Demolition","","Weapon Set 1","Bone-Shatterer","","","","","","","","","","","","","","","","","","","","","","","","","","","","","","","","","","","","","","","","","","","","","","","","","","","","","","","","","","","","","","","","","","","","","","","","","","","","","","","","","","","","","","","","","","","","","","","","","","","","","","","","","","","","","","","","","","","","","","","","","","","","","","","","","","","","","","","","","","","","","","",""
"","Level 12 :","Perception","Stronger Together","Level 27 :","Orchestrated Firestorm II","","Level 47 :","Fired Up","Commerce","","","[Mezoa-Pattern] Inferno Pistol / Virtuous Vindication","","","","","","","","","","","","","","","","","","","","","","","","","","","","","","","","","","","","","","","","","","","","","","","","","","","","","","","","","","","","","","","","","","","","","","","","","","","","","","","","","","","","","","","","","","","","","","","","","","","","","","","","","","","","","","","","","","","","","","","","","","","","","","","","","","","","","","","","","","","","","","",""
"","Level 13 :","Tactical Disengage","The Emperor Protects","Level 28 :","Support the Advance","","Level 48 :","Against all odds","Willpower","","Weapon Set 2","Blessed Lamp of Petrakara / The Rack","","","","","","","","","","","","","","","","","","","","","","","","","","","","","","","","","","","","","","","","","","","","","","","","","","","","","","","","","","","","","","","","","","","","","","","","","","","","","","","","","","","","","","","","","","","","","","","","","","","","","","","","","","","","","","","","","","","","","","","","","","","","","","","","","","","","","","","","","","","","","","",""
"","Level 14 :","Nimble","Medicae","Level 29 :","Persuasion","Agility","Level 49 :","Perception","Commerce","","","Anti-Vehicle Revolver / The Ruin","","","","","","","","","","","","","","","","","","","","","","","","","","","","","","","","","","","","","","","","","","","","","","","","","","","","","","","","","","","","","","","","","","","","","","","","","","","","","","","","","","","","","","","","","","","","","","","","","","","","","","","","","","","","","","","","","","","","","","","","","","","","","","","","","","","","","","","","","","","","","","",""
"","Level 15 :","Firearm Mastery I","","Level 30 :","Tenets of Retribution","Linchpin","Level 50 :","Deadly Aim","Rack and Ruin","","","","","","","","","","","","","","","","","","","","","","","","","","","","","","","","","","","","","","","","","","","","","","","","","","","","","","","","","","","","","","","","","","","","","","","","","","","","","","","","","","","","","","","","","","","","","","","","","","","","","","","","","","","","","","","","","","","","","","","","","","","","","","","","","","","","","","","","","","","","","","","","","",""
"","","","","Level 31 :","Ally Coordination","","Level 51 :","Stacking the Deck","Commerce","","","","","","","","","","","","","","","","","","","","","","","","","","","","","","","","","","","","","","","","","","","","","","","","","","","","","","","","","","","","","","","","","","","","","","","","","","","","","","","","","","","","","","","","","","","","","","","","","","","","","","","","","","","","","","","","","","","","","","","","","","","","","","","","","","","","","","","","","","","","","","","","","",""
"","","","","Level 32 :","Agility","Persuasion","Level 52 :","Hidden Advantage","Characteristic Training: PER","","","","","","","","","","","","","","","","","","","","","","","","","","","","","","","","","","","","","","","","","","","","","","","","","","","","","","","","","","","","","","","","","","","","","","","","","","","","","","","","","","","","","","","","","","","","","","","","","","","","","","","","","","","","","","","","","","","","","","","","","","","","","","","","","","","","","","","","","","","","","","","","","",""
"","","","","Level 33 :","Comfort in Conformity","","Level 53 :","Entrench / Finish the Job","Perception","","","","","","","","","","","","","","","","","","","","","","","","","","","","","","","","","","","","","","","","","","","","","","","","","","","","","","","","","","","","","","","","","","","","","","","","","","","","","","","","","","","","","","","","","","","","","","","","","","","","","","","","","","","","","","","","","","","","","","","","","","","","","","","","","","","","","","","","","","","","","","","","","",""
"","","","","Level 34 :","Agility","Flensing Faith","Level 54 :","Pinpoint Accuracy / Vital Points","Undisputed Advantage","","","","","","","","","","","","","","","","","","","","","","","","","","","","","","","","","","","","","","","","","","","","","","","","","","","","","","","","","","","","","","","","","","","","","","","","","","","","","","","","","","","","","","","","","","","","","","","","","","","","","","","","","","","","","","","","","","","","","","","","","","","","","","","","","","","","","","","","","","","","","","","","","",""
"","","","","Level 35 :","Orchestrated Firestorm IV","","Level 55 :","AP +1","","","","","","","","","","","","","","","","","","","","","","","","","","","","","","","","","","","","","","","","","","","","","","","","","","","","","","","","","","","","","","","","","","","","","","","","","","","","","","","","","","","","","","","","","","","","","","","","","","","","","","","","","","","","","","","","","","","","","","","","","","","","","","","","","","","","","","","","","","","","","","","","","","",""
"","Calligos Winterscale - Arch-Militant's Cape Enjoyer","","","","","","","","","","Skill Options","","","","","","","","","","","","","","","","","","","","","","","","","","","","","","","","","","","","","","","","","","","","","","","","","","","","","","","","","","","","","","","","","","","","","","","","","","","","","","","","","","","","","","","","","","","","","","","","","","","","","","","","","","","","","","","","","","","","","","","","","","","","","","","","","","","","","","","","","","","","","","","",""
"","Melee & Gun Imperial World Arch-Militant - can work chain axe, power axe or my favourite mauls. Very strong with AM cape","","","","","","","","","","Athletics / Carouse","","","","","","","","","","","","","","","","","","","","","","","","","","","","","","","","","","","","","","","","","","","","","","","","","","","","","","","","","","","","","","","","","","","","","","","","","","","","","","","","","","","","","","","","","","","","","","","","","","","","","","","","","","","","","","","","","","","","","","","","","","","","","","","","","","","","","","","","","","","","","","","",""
"","Warrior","","","Arch-Militant","","","Exemplar","","","","","","","","","","","","","","","","","","","","","","","","","","","","","","","","","","","","","","","","","","","","","","","","","","","","","","","","","","","","","","","","","","","","","","","","","","","","","","","","","","","","","","","","","","","","","","","","","","","","","","","","","","","","","","","","","","","","","","","","","","","","","","","","","","","","","","","","","","","","","","","","","","","",""
"","Level 1 :","Charge","","Level 16 :","Versatility","","Level 36 :","Eager for Battle *","Impetus","","","","","","","","","","","","","","","","","","","","","","","","","","","","","","","","","","","","","","","","","","","","","","","","","","","","","","","","","","","","","","","","","","","","","","","","","","","","","","","","","","","","","","","","","","","","","","","","","","","","","","","","","","","","","","","","","","","","","","","","","","","","","","","","","","","","","","","","","","","","","","","","","",""
"","Level 2 :","Athletics","","Level 17 :","Kick","","Level 37 :","Athletics","Always Ready","","Gear to consider","","","","","","","","","","","","","","","","","","","","","","","","","","","","","","","","","","","","","","","","","","","","","","","","","","","","","","","","","","","","","","","","","","","","","","","","","","","","","","","","","","","","","","","","","","","","","","","","","","","","","","","","","","","","","","","","","","","","","","","","","","","","","","","","","","","","","","","","","","","","","","","",""
"","Level 3 :","Endure","","Level 18 :","Martial Art","","Level 38 :","Weapon Skill","Dual-Weapon Combat","","Helm","The Guardian Crown / Tactical Genius","","","","","","","","","","","","","","","","","","","","","","","","","","","","","","","","","","","","","","","","","","","","","","","","","","","","","","","","","","","","","","","","","","","","","","","","","","","","","","","","","","","","","","","","","","","","","","","","","","","","","","","","","","","","","","","","","","","","","","","","","","","","","","","","","","","","","","","","","","","","","","",""
"","Level 4 :","Daring Breach","Contempt","Level 19 :","Steady Superiority","","Level 39 :","Sworn Enemy","Athletics","","Armour","[War World Origin] Tempestus Elite Carapace","","","","","","","","","","","","","","","","","","","","","","","","","","","","","","","","","","","","","","","","","","","","","","","","","","","","","","","","","","","","","","","","","","","","","","","","","","","","","","","","","","","","","","","","","","","","","","","","","","","","","","","","","","","","","","","","","","","","","","","","","","","","","","","","","","","","","","","","","","","","","","",""
"","Level 5 :","Enrage","Weapon Skill","Level 20 :","Ap +1","Weapon Skill","Level 40 :","Degraded Defence","Broad Expertise","","Cloak","Malpain Shroud / Swashbuckler Cloak","","","","","","","","","","","","","","","","","","","","","","","","","","","","","","","","","","","","","","","","","","","","","","","","","","","","","","","","","","","","","","","","","","","","","","","","","","","","","","","","","","","","","","","","","","","","","","","","","","","","","","","","","","","","","","","","","","","","","","","","","","","","","","","","","","","","","","","","","","","","","","",""
"","Level 6 :","Reckless Strike","Athletics","Level 21 :","Exploit Weakness","Weapon Skill","Level 41 :","Weapon Skill","Opening Strike","","Neck","Dog tags / Fury Incarnate","","","","","","","","","","","","","","","","","","","","","","","","","","","","","","","","","","","","","","","","","","","","","","","","","","","","","","","","","","","","","","","","","","","","","","","","","","","","","","","","","","","","","","","","","","","","","","","","","","","","","","","","","","","","","","","","","","","","","","","","","","","","","","","","","","","","","","","","","","","","","","",""
"","Level 7 :","Weapon Skill","Combat Master","Level 22 :","Devastating Attack","Heavy Armour proficiency","Level 42 :","Wild Fire","Toughness","","Accessory 1","Bead of Might","","","","","","","","","","","","","","","","","","","","","","","","","","","","","","","","","","","","","","","","","","","","","","","","","","","","","","","","","","","","","","","","","","","","","","","","","","","","","","","","","","","","","","","","","","","","","","","","","","","","","","","","","","","","","","","","","","","","","","","","","","","","","","","","","","","","","","","","","","","","","","",""
"","Level 8 :","Carouse","Reckless Fury","Level 23 :","Athletics","Breaking Attack","Level 43 :","Armsmaster","Melee Weapon Specialist","","Accessory 2","Hellbrute Horn Trophy","","","","","","","","","","","","","","","","","","","","","","","","","","","","","","","","","","","","","","","","","","","","","","","","","","","","","","","","","","","","","","","","","","","","","","","","","","","","","","","","","","","","","","","","","","","","","","","","","","","","","","","","","","","","","","","","","","","","","","","","","","","","","","","","","","","","","","","","","","","","","","",""
"","Level 9 :","Daring breach I","","Level 24 :","Strength","Swift Movements","Level 44 :","Carouse","Destroyer *","","Gloves","Augmented Gloves / Adaptive Gloves / Metal Claw Gloves","","","","","","","","","","","","","","","","","","","","","","","","","","","","","","","","","","","","","","","","","","","","","","","","","","","","","","","","","","","","","","","","","","","","","","","","","","","","","","","","","","","","","","","","","","","","","","","","","","","","","","","","","","","","","","","","","","","","","","","","","","","","","","","","","","","","","","","","","","","","","","",""
"","Level 10 :","Clentched Teeth","Strength","Level 25 :","Blood Haze","","Level 45 :","AP +1","","","Boots","Inertia Boots / Pneumo Boots / Void Veteran Boots / Enforcer's Light Boots","","","","","","","","","","","","","","","","","","","","","","","","","","","","","","","","","","","","","","","","","","","","","","","","","","","","","","","","","","","","","","","","","","","","","","","","","","","","","","","","","","","","","","","","","","","","","","","","","","","","","","","","","","","","","","","","","","","","","","","","","","","","","","","","","","","","","","","","","","","","","","",""
"","Level 11 :","Forceful Strike","It Will Not Die","Level 26 :","Athletics","Strength","Level 46 :","Easy Target","Carouse","","Weapon Set 1","Tearing Vengence","","","","","","","","","","","","","","","","","","","","","","","","","","","","","","","","","","","","","","","","","","","","","","","","","","","","","","","","","","","","","","","","","","","","","","","","","","","","","","","","","","","","","","","","","","","","","","","","","","","","","","","","","","","","","","","","","","","","","","","","","","","","","","","","","","","","","","","","","","","","","","",""
"","Level 12 :","Strength","Carouse","Level 27 :","Steady Superiority I","","Level 47 :","Desolation","Carouse","","","Carnage","","","","","","","","","","","","","","","","","","","","","","","","","","","","","","","","","","","","","","","","","","","","","","","","","","","","","","","","","","","","","","","","","","","","","","","","","","","","","","","","","","","","","","","","","","","","","","","","","","","","","","","","","","","","","","","","","","","","","","","","","","","","","","","","","","","","","","","","","","","","","","",""
"","Level 13 :","Open Engagement","Coercion","Level 28 :","Demolition","Critical Versatility","Level 48 :","Flashfire","Toughness","","Weapon Set 2","Well-Maintained Heavy Rock saw","","","","","","","","","","","","","","","","","","","","","","","","","","","","","","","","","","","","","","","","","","","","","","","","","","","","","","","","","","","","","","","","","","","","","","","","","","","","","","","","","","","","","","","","","","","","","","","","","","","","","","","","","","","","","","","","","","","","","","","","","","","","","","","","","","","","","","","","","","","","","","",""
"","Level 14 :","Toughness","You. Kill It.","Level 29 :","Toughness","Chain Weapon Expert","Level 49 :","Perception","Carouse","","","","","","","","","","","","","","","","","","","","","","","","","","","","","","","","","","","","","","","","","","","","","","","","","","","","","","","","","","","","","","","","","","","","","","","","","","","","","","","","","","","","","","","","","","","","","","","","","","","","","","","","","","","","","","","","","","","","","","","","","","","","","","","","","","","","","","","","","","","","","","","","","",""
"","Level 15 :","Daring Breach II","","Level 30 :","Reckless Rush","","Level 50 :","Peak Condition","Ramming Speed","","","","","","","","","","","","","","","","","","","","","","","","","","","","","","","","","","","","","","","","","","","","","","","","","","","","","","","","","","","","","","","","","","","","","","","","","","","","","","","","","","","","","","","","","","","","","","","","","","","","","","","","","","","","","","","","","","","","","","","","","","","","","","","","","","","","","","","","","","","","","","","","","",""
"","","","","Level 31 :","All Out","","Level 51 :","Adaptability","Medicae","","","","","","","","","","","","","","","","","","","","","","","","","","","","","","","","","","","","","","","","","","","","","","","","","","","","","","","","","","","","","","","","","","","","","","","","","","","","","","","","","","","","","","","","","","","","","","","","","","","","","","","","","","","","","","","","","","","","","","","","","","","","","","","","","","","","","","","","","","","","","","","","","",""
"","","","","Level 32 :","Toughness","Demolition","Level 52 :","Preferred Targets","Dual-Weapon Specialist","","","","","","","","","","","","","","","","","","","","","","","","","","","","","","","","","","","","","","","","","","","","","","","","","","","","","","","","","","","","","","","","","","","","","","","","","","","","","","","","","","","","","","","","","","","","","","","","","","","","","","","","","","","","","","","","","","","","","","","","","","","","","","","","","","","","","","","","","","","","","","","","","",""
"","","","","Level 33 :","Contempt for the Weak","Toughness","Level 53 :","Taunting Scream","Perception","","","","","","","","","","","","","","","","","","","","","","","","","","","","","","","","","","","","","","","","","","","","","","","","","","","","","","","","","","","","","","","","","","","","","","","","","","","","","","","","","","","","","","","","","","","","","","","","","","","","","","","","","","","","","","","","","","","","","","","","","","","","","","","","","","","","","","","","","","","","","","","","","",""
"","","","","Level 34 :","Agility","Dueling Mastery","Level 54 :","Extermination","Accustomed to Glory","","","","","","","","","","","","","","","","","","","","","","","","","","","","","","","","","","","","","","","","","","","","","","","","","","","","","","","","","","","","","","","","","","","","","","","","","","","","","","","","","","","","","","","","","","","","","","","","","","","","","","","","","","","","","","","","","","","","","","","","","","","","","","","","","","","","","","","","","","","","","","","","","",""
"","","","","Level 35 :","Steady Superiority II","","Level 55 :","AP +1","","","","","","","","","","","","","","","","","","","","","","","","","","","","","","","","","","","","","","","","","","","","","","","","","","","","","","","","","","","","","","","","","","","","","","","","","","","","","","","","","","","","","","","","","","","","","","","","","","","","","","","","","","","","","","","","","","","","","","","","","","","","","","","","","","","","","","","","","","","","","","","","","","",""
"","Uralon","","","","","","","","","","Skill Options","","","","","","","","","","","","","","","","","","","","","","","","","","","","","","","","","","","","","","","","","","","","","","","","","","","","","","","","","","","","","","","","","","","","","","","","","","","","","","","","","","","","","","","","","","","","","","","","","","","","","","","","","","","","","","","","","","","","","","","","","","","","","","","","","","","","","","","","","","","","","","","",""
"","Removed terrible talents but still no usable act 5 gear. Pls owlcat","","","","","","","","","","Persuasion / Coercion / Commerce","","","","","","","","","","","","","","","","","","","","","","","","","","","","","","","","","","","","","","","","","","","","","","","","","","","","","","","","","","","","","","","","","","","","","","","","","","","","","","","","","","","","","","","","","","","","","","","","","","","","","","","","","","","","","","","","","","","","","","","","","","","","","","","","","","","","","","","","","","","","","","","",""
"","Officer","","","Master Tactician","","","Exemplar","","","","","","","","","","","","","","","","","","","","","","","","","","","","","","","","","","","","","","","","","","","","","","","","","","","","","","","","","","","","","","","","","","","","","","","","","","","","","","","","","","","","","","","","","","","","","","","","","","","","","","","","","","","","","","","","","","","","","","","","","","","","","","","","","","","","","","","","","","","","","","","","","","","",""
"","Level 1 :","Voice Of Command","","Level 16 :","Tactical Advantage","Press The Advantage","Level 36 :","Eagle For Battle","","","","","","","","","","","","","","","","","","","","","","","","","","","","","","","","","","","","","","","","","","","","","","","","","","","","","","","","","","","","","","","","","","","","","","","","","","","","","","","","","","","","","","","","","","","","","","","","","","","","","","","","","","","","","","","","","","","","","","","","","","","","","","","","","","","","","","","","","","","","","","","","","","",""
"","Level 2 :","Coercion","","Level 17 :","Fervour","","Level 37 :","","","","Gear to consider","","","","","","","","","","","","","","","","","","","","","","","","","","","","","","","","","","","","","","","","","","","","","","","","","","","","","","","","","","","","","","","","","","","","","","","","","","","","","","","","","","","","","","","","","","","","","","","","","","","","","","","","","","","","","","","","","","","","","","","","","","","","","","","","","","","","","","","","","","","","","","","",""
"","Level 3 :","Bring it Down !","","Level 18 :","Personal Involvement","","Level 38 :","","Grenadier","","Helm","N/A","","","","","","","","","","","","","","","","","","","","","","","","","","","","","","","","","","","","","","","","","","","","","","","","","","","","","","","","","","","","","","","","","","","","","","","","","","","","","","","","","","","","","","","","","","","","","","","","","","","","","","","","","","","","","","","","","","","","","","","","","","","","","","","","","","","","","","","","","","","","","","",""
"","Level 4 :","Finest Hour","Leader's Assault","Level 19 :","Orchestrated Firestorm","","Level 39 :","","","","Armour","Bloody Retribution","","","","","","","","","","","","","","","","","","","","","","","","","","","","","","","","","","","","","","","","","","","","","","","","","","","","","","","","","","","","","","","","","","","","","","","","","","","","","","","","","","","","","","","","","","","","","","","","","","","","","","","","","","","","","","","","","","","","","","","","","","","","","","","","","","","","","","","","","","","","","","",""
"","Level 5 :","Fellowship","Bolt Weapon Expert","Level 20 :","Ap +1","Fellowship","Level 40 :","Firebrand","","","Cloak","N/A","","","","","","","","","","","","","","","","","","","","","","","","","","","","","","","","","","","","","","","","","","","","","","","","","","","","","","","","","","","","","","","","","","","","","","","","","","","","","","","","","","","","","","","","","","","","","","","","","","","","","","","","","","","","","","","","","","","","","","","","","","","","","","","","","","","","","","","","","","","","","","",""
"","Level 6 :","Lead by Example","Fellowship","Level 21 :","Fellowship","Against All Odds","Level 41 :","","","","Neck","Medal of Alacrity / Invigorating Resolve / Onslaught Amulet","","","","","","","","","","","","","","","","","","","","","","","","","","","","","","","","","","","","","","","","","","","","","","","","","","","","","","","","","","","","","","","","","","","","","","","","","","","","","","","","","","","","","","","","","","","","","","","","","","","","","","","","","","","","","","","","","","","","","","","","","","","","","","","","","","","","","","","","","","","","","","",""
"","Level 7 :","Break Their Ranks!","Swift Movements","Level 22 :","Linchpin","","Level 42 :","","","","Accessory 1","Pair Holster / Precinct Vox-Relay","","","","","","","","","","","","","","","","","","","","","","","","","","","","","","","","","","","","","","","","","","","","","","","","","","","","","","","","","","","","","","","","","","","","","","","","","","","","","","","","","","","","","","","","","","","","","","","","","","","","","","","","","","","","","","","","","","","","","","","","","","","","","","","","","","","","","","","","","","","","","","",""
"","Level 8 :","Prepare for an Assault!","Coercion","Level 23 :","Reliance","Persuasion","Level 43 :","","","","Accessory 2","Commander's Chrono / Battle Plan","","","","","","","","","","","","","","","","","","","","","","","","","","","","","","","","","","","","","","","","","","","","","","","","","","","","","","","","","","","","","","","","","","","","","","","","","","","","","","","","","","","","","","","","","","","","","","","","","","","","","","","","","","","","","","","","","","","","","","","","","","","","","","","","","","","","","","","","","","","","","","",""
"","Level 9 :","Finest Hour IV","","Level 24 :","Willpower","Power Weapon Expert","Level 44 :","","Eager Subordinates","","Gloves","Astartes Power Gloves","","","","","","","","","","","","","","","","","","","","","","","","","","","","","","","","","","","","","","","","","","","","","","","","","","","","","","","","","","","","","","","","","","","","","","","","","","","","","","","","","","","","","","","","","","","","","","","","","","","","","","","","","","","","","","","","","","","","","","","","","","","","","","","","","","","","","","","","","","","","","","",""
"","Level 10 :","Persuasion","Willpower","Level 25 :","Brink Of Death","","Level 45 :","AP +1","","","Boots","N/A","","","","","","","","","","","","","","","","","","","","","","","","","","","","","","","","","","","","","","","","","","","","","","","","","","","","","","","","","","","","","","","","","","","","","","","","","","","","","","","","","","","","","","","","","","","","","","","","","","","","","","","","","","","","","","","","","","","","","","","","","","","","","","","","","","","","","","","","","","","","","","",""
"","Level 11 :","Lasting Impression","Willpower","Level 26 :","Persuasion","Willpower","Level 46 :","","","","Weapon Set 1","Inherent Blasphemy","","","","","","","","","","","","","","","","","","","","","","","","","","","","","","","","","","","","","","","","","","","","","","","","","","","","","","","","","","","","","","","","","","","","","","","","","","","","","","","","","","","","","","","","","","","","","","","","","","","","","","","","","","","","","","","","","","","","","","","","","","","","","","","","","","","","","","","","","","","","","","",""
"","Level 12 :","Air of Authority","Combat Master","Level 27 :","Orchestrated Firestorm I","","Level 47 :","","","","","Uralon's Accursed Crozius","","","","","","","","","","","","","","","","","","","","","","","","","","","","","","","","","","","","","","","","","","","","","","","","","","","","","","","","","","","","","","","","","","","","","","","","","","","","","","","","","","","","","","","","","","","","","","","","","","","","","","","","","","","","","","","","","","","","","","","","","","","","","","","","","","","","","","","","","","","","","","",""
"","Level 13 :","Inspiring Speech","Persuasion","Level 28 :","Support the Advance","","Level 48 :","","","","Weapon Set 2","N/A","","","","","","","","","","","","","","","","","","","","","","","","","","","","","","","","","","","","","","","","","","","","","","","","","","","","","","","","","","","","","","","","","","","","","","","","","","","","","","","","","","","","","","","","","","","","","","","","","","","","","","","","","","","","","","","","","","","","","","","","","","","","","","","","","","","","","","","","","","","","","","",""
"","Level 14 :","Weapon Skill","It Will Not Die","Level 29 :","Medicae","Weapon Skill","Level 49 :","","","","","N/A","","","","","","","","","","","","","","","","","","","","","","","","","","","","","","","","","","","","","","","","","","","","","","","","","","","","","","","","","","","","","","","","","","","","","","","","","","","","","","","","","","","","","","","","","","","","","","","","","","","","","","","","","","","","","","","","","","","","","","","","","","","","","","","","","","","","","","","","","","","","","","",""
"","Level 15 :","Finest Hour I","","Level 30 :","Nimble","Inspire","Level 50 :","Degraded Defence","","","","","","","","","","","","","","","","","","","","","","","","","","","","","","","","","","","","","","","","","","","","","","","","","","","","","","","","","","","","","","","","","","","","","","","","","","","","","","","","","","","","","","","","","","","","","","","","","","","","","","","","","","","","","","","","","","","","","","","","","","","","","","","","","","","","","","","","","","","","","","","","","","",""
"","","","","Level 31 :","Unwavering Motivation","","Level 51 :","","","","","","","","","","","","","","","","","","","","","","","","","","","","","","","","","","","","","","","","","","","","","","","","","","","","","","","","","","","","","","","","","","","","","","","","","","","","","","","","","","","","","","","","","","","","","","","","","","","","","","","","","","","","","","","","","","","","","","","","","","","","","","","","","","","","","","","","","","","","","","","","","","","",""
"","","","","Level 32 :","Weapon Skill","Medicae","Level 52 :","","","","","","","","","","","","","","","","","","","","","","","","","","","","","","","","","","","","","","","","","","","","","","","","","","","","","","","","","","","","","","","","","","","","","","","","","","","","","","","","","","","","","","","","","","","","","","","","","","","","","","","","","","","","","","","","","","","","","","","","","","","","","","","","","","","","","","","","","","","","","","","","","","","",""
"","","","","Level 33 :","Hidden Advantage","","Level 53 :","","","","","","","","","","","","","","","","","","","","","","","","","","","","","","","","","","","","","","","","","","","","","","","","","","","","","","","","","","","","","","","","","","","","","","","","","","","","","","","","","","","","","","","","","","","","","","","","","","","","","","","","","","","","","","","","","","","","","","","","","","","","","","","","","","","","","","","","","","","","","","","","","","","",""
"","","","","Level 34 :","Weapon Skill","Characteristic Training: Fellowship","Level 54 :","Attention!","","","","","","","","","","","","","","","","","","","","","","","","","","","","","","","","","","","","","","","","","","","","","","","","","","","","","","","","","","","","","","","","","","","","","","","","","","","","","","","","","","","","","","","","","","","","","","","","","","","","","","","","","","","","","","","","","","","","","","","","","","","","","","","","","","","","","","","","","","","","","","","","","","",""
"","","","","Level 35 :","Orchestrated Firestorm II","","Level 55 :","AP +1","","","","","","","","","","","","","","","","","","","","","","","","","","","","","","","","","","","","","","","","","","","","","","","","","","","","","","","","","","","","","","","","","","","","","","","","","","","","","","","","","","","","","","","","","","","","","","","","","","","","","","","","","","","","","","","","","","","","","","","","","","","","","","","","","","","","","","","","","","","","","","","","","","",""