"Scroll Right for more variant builds","","","Item Locations:","","https://roguetrader.wh40k.wiki/Warhammer_40,000_Rogue_Trader_Wiki","","","","","","","","","","","","","","","","","","","","","","","","","","","","","","","","","","","","","","","","","","","","","","","","","","","","","","","","","","","","","","","","","","","","","","","","","","","","","","","","","","","","","","","","","","","","","","","",""
"New Lex videos will be posted to https://youtube.com/@revan619?si=Wc7XVjvFc0LjebGD","","","","","","","","","","","Gear suggestions are complicated as you will constantly move gear between allies so below will be what to aim for end of the act.","","","","","","","","","","","","","","","","","","","","","","","","","","","","","","","","","","","","","","","","","","","","","","","","","","","","","","","","","","","","","","","","","","","","","","","","","","","","","","","","","","","","","","","","","",""
"Live Stream Playlist: https://youtube.com/playlist?list=PLrqfcSvSc1aXg0fklgBBfe3oPevNWfDbJ&si=jpco7lfWQO3S05CN","","","","","","","","","","","","","","","","","","","","","","","","","","","","","","","","","","","","","","","","","","","","","","","","","","","","","","","","","","","","","","","","","","","","","","","","","","","","","","","","","","","","","","","","","","","","","","","","","","","","",""
"Ability","Abelard Werserian - Imperial Navy Breacher","","","","","","","","","","Skill Options","","","","","","","Abelard - 40k Icon","","","","","","","","","","Skill Options","","","","","","","Abelard the Defender","","","","","","","","","","Skill Options","","","","","","","","","","","","","","","","","","","","","","","","","","","","","","","","","","","","","","","","","","","","","","","","","","","","","","","",""
"Skill","Using augments to one hand two handed weapons. More tankier than vanguard and far more mobility and damage. This Abelard goes in and announces you with much gusto","","","","","","","","","","Athletics / Carouse","","","","","","","Slightly gimmicky setup but usable with a foehammer into stuff like boneshatterer late game which when you get to arch-militant cape you will swap to quick-shot las pistol ect","","","","","","","","","","Athletics / Carouse","","","","","","","People really do marry this setup despite the lack of support - Vanguard shield Abelard","","","","","","","","","","Athletics / Carouse","","","","","","","","","","","","","","","","","","","","","","","","","","","","","","","","","","","","","","","","","","","","","","","","","","","","","","","",""
"Talent","Warrior","","","Arch-Militant","","","Exemplar","","","","","","","","","","","Warrior","","","Arch-Militant","","","Exemplar","","","","","","","","","","","Warrior","","","Vanguard","","","Exemplar","","","","","","","","","","","","","","","","","","","","","","","","","","","","","","","","","","","","","","","","","","","","","","","","","","","","","","","","","","","",""
"Common Talent","Level 1 :","Charge","","Level 16 :","Versitility","","Level 36 :","Peak Condition","Easy Target","","Gear to consider","Act 1","Act 2","Act 3","Act 4","Act 5","","Level 1 :","Charge","","Level 16 :","Versitility","","Level 36 :","Peak Condition","Opening Strike","","Gear to consider","Act 1","Act 2","Act 3","Act 4","Act 5","","Level 1 :","Charge","","Level 16 :","Unyelding Beacon","","Level 36 :","Peak Condition","Rigorous Training","","Gear to consider","Act 1","Act 2","Act 3","Act 4","Act 5","","","","","","","","","","","","","","","","","","","","","","","","","","","","","","","","","","","","","","","","","","","","","","","","","","",""
"Heroic Action","Level 2 :","Athletics","","Level 17 :","Reckless Rush","","Level 37 :","Athletics","Contempt for the weak","","Helm","Helm of Determination","The Guardian Crown","The Guardian Crown","The Guardian Crown","","","Level 2 :","Medicae","","Level 17 :","Reckless Rush","","Level 37 :","Athletics","Dismantle","","Helm","Helm of Determination","The Guardian Crown","The Guardian Crown","The Guardian Crown","","","Level 2 :","Medicae","","Level 17 :","Defensive Stance","Instant Retribution","Level 37 :","Athletics","Offensive Follow","","Helm","Helm of Determination","The Guardian Crown","The Guardian Crown","The Guardian Crown","","","","","","","","","","","","","","","","","","","","","","","","","","","","","","","","","","","","","","","","","","","","","","","","","","","",""
"Stats","Level 3 :","Endure","","Level 18 :","Always Ready","","Level 38 :","Weapon Skill","Lethal Precision","","Armour","Ceramite Storm Trooper","Fortress World Tempestus Carapace","Adherent of Mankind","Sanguine Judgement","","","Level 3 :","Endure","","Level 18 :","Always Ready","","Level 38 :","Weapon Skill","Lethal Precision","","Armour","Ceramite Storm Trooper","Fortress World Tempestus Carapace","Adherent of Mankind","Adherent of Mankind","","","Level 3 :","Endure","","Level 18 :","Counter Attack Stance","","Level 38 :","Weapon Skill","Shield Mastery","","Armour","Ceramite Storm Trooper","Fortress World Tempestus Carapace","Adherent of Mankind","Sanguine Judgement","","","","","","","","","","","","","","","","","","","","","","","","","","","","","","","","","","","","","","","","","","","","","","","","","","","",""
"Ideal Talents To Swap with this border","Level 4 :","Daring Breach","Thick Skin","Level 19 :","Steady Superiority","","Level 39 :","Sworn Enemy","Athletics","","Cloak","Xenopelt Cloak","Malpian Shroud","Malpian Shroud","Malpian Shroud","","","Level 4 :","Daring Breach","Thick skin","Level 19 :","Steady Superiority","","Level 39 :","Sworn Enemy","Athletics","","Cloak","Xenopelt Cloak","Malpian Shroud","Malpian Shroud","Arch-Militant's Cape","","","Level 4 :","Daring Breach","Thick Skin","Level 19 :","Unyelding Guard","","Level 39 :","Sworn Enemy","Athletics","","Cloak","Xenopelt Cloak","Malpian Shroud","Malpian Shroud","Malpian Shroud","","","","","","","","","","","","","","","","","","","","","","","","","","","","","","","","","","","","","","","","","","","","","","","","","","","",""
"","Level 5 :","Ramming Speed","Weapon Skill","Level 20 :","AP +1","Weapon Skill","Level 40 :","Destroyer","Focal Point","","Neck","Grace of the Oblivious","Invigorating Resolve","Invigorating Resolve","Invigorating Resolve","","","Level 5 :","Ramming Speed","Weapon Skill","Level 20 :","AP +1","Weapon Skill","Level 40 :","Destroyer","Contempt for the weak","","Neck","Grace of the Oblivious","Invigorating Resolve","Invigorating Resolve","Wolf Tooth Necklace","","","Level 5 :","Ramming Speed","Weapon Skill","Level 20 :","AP +1","Weapon Skill","Level 40 :","Destroyer","Punish The Imprudent","","Neck","Grace of the Oblivious","Invigorating Resolve","Invigorating Resolve","Invigorating Resolve","","","","","","","","","","","","","","","","","","","","","","","","","","","","","","","","","","","","","","","","","","","","","","","","","","","",""
"","Level 6 :","Taunting Scream","Athletics","Level 21 :","Dependable","Weapon Skill","Level 41 :","Weapon Skill","Crowd Kill","","Accessory 1","First Aid Manual","First Aid Manual","First Aid Manual","Blades Clone Field","","","Level 6 :","Taunting Scream","Athletics","Level 21 :","Allout","Weapon Skill","Level 41 :","Weapon Skill","Easy Target","","Accessory 1","First Aid Manual","Pair Holster","Pair Holster","Pair Holster","","","Level 6 :","Taunting Scream","Athletics","Level 21 :","Weapon Skill","Enduring Shield","Level 41 :","Weapon Skill","Easy Target","","Accessory 1","First Aid Manual","Peculiar Trinket","Peculiar Trinket","Peculiar Trinket","","","","","","","","","","","","","","","","","","","","","","","","","","","","","","","","","","","","","","","","","","","","","","","","","","","",""
"","Level 7 :","Weapon Skill","Fleet Combat Training","Level 22 :","Wildfire","Dual-Weapon Combat","Level 42 :","Devastating Attack","Toughness","","Accessory 2","","Combat Manipulator","Combat Manipulator","Hellbrute Horn Trophy / Military Combi-Tool","","","Level 7 :","Weapon Skill","Fleet Combat Training","Level 22 :","Wildfire","Doing My Part","Level 42 :","Devastating Attack","Toughness","","Accessory 2","","Combat Manipulator","Combat Manipulator","Echo of Victory / Military Combi-Tool","","","Level 7 :","Weapon Skill","Fleet Combat Training","Level 22 :","Follow my lead","Athletics","Level 42 :","Wall of Rockcrete","Toughness","","Accessory 2","","Empyrean Transceiver","Empyrean Transceiver","Empyrean Transceiver","","","","","","","","","","","","","","","","","","","","","","","","","","","","","","","","","","","","","","","","","","","","","","","","","","","",""
"","Level 8 :","Carouse","Impetus","Level 23 :","Athletics","Allout","Level 43 :","Breaking Attack","Calculated Resolve","","Gloves","Relished Anguish","Adaptive Gloves","Adaptive Gloves","Adaptive Gloves","","","Level 8 :","Athletics","Crowd Kill","Level 23 :","Athletics","Flashfire","Level 43 :","Breaking Attack","Residual Power","","Gloves","Relished Anguish","Augmented Gloves / Adaptive Gloves","Augmented Gloves / Adaptive Gloves","Compensator Gloves","","","Level 8 :","Athletics","Impetus","Level 23 :","Beacon of Might","Dual-Weapon Combat","Level 43 :","Wall Of Ferrocrete","Lethal Precision","","Gloves","Relished Anguish","Adaptive Gloves","Adaptive Gloves","Adaptive Gloves","","","","","","","","","","","","","","","","","","","","","","","","","","","","","","","","","","","","","","","","","","","","","","","","","","","",""
"","Level 9 :","Daring Breach II","","Level 24 :","Toughness","Melee Weapon Spec / Instant Retribution","Level 44 :","Carouse","Degraded Defence","","Boots","Pneumo Boots","Pneumo Boots","Pneumo Boots","Void Veteran Boots","","","Level 9 :","Daring Breach II","","Level 24 :","Toughness","Dual Weapon Combat","Level 44 :","Carouse","Degraded Defence","","Boots","Pneumo Boots","Pneumo Boots","Pneumo Boots","Void Veteran Boots","","","Level 9 :","Daring Breach II","","Level 24 :","Toughness","Stentorian Voice","Level 44 :","Carouse","Degraded Defence","","Boots","Pneumo Boots","Pneumo Boots","Pneumo Boots","Void Veteran Boots","","","","","","","","","","","","","","","","","","","","","","","","","","","","","","","","","","","","","","","","","","","","","","","","","","","",""
"","Level 10 :","Open Engagement","Perception","Level 25 :","Flashfire","","Level 45 :","AP +1","","","Weapon Set 1","Sol Pattern Chainsword","Carnage","Carnage","Tearing Vengence","","","Level 10 :","Open Engagement","Toughness","Level 25 :","Broad Expertise","","Level 45 :","AP +1","","","Weapon Set 1","Sol Pattern Chainsword","Epiphany","Epiphany","Tearing Vengeance / Bonecracker","","","Level 10 :","Open Engagement","Toughness","Level 25 :","Renitent beacon","","Level 45 :","AP +1","","","Weapon Set 1","Sol Pattern Chainsword","Heavy Maul","Heavy Maul","Tearing Vengence / Heavy Maul","","","","","","","","","","","","","","","","","","","","","","","","","","","","","","","","","","","","","","","","","","","","","","","","","","","",""
"","Level 11 :","Reckless Strike","Get off me!","Level 26 :","Athletics","Strength","Level 46 :","Defensive Stance","Carouse","","","Balanced Maul / Power Pick","Epiphany","Epiphany","Carnage / Bonecracker","","","Level 11 :","Reckless Strike","Get off Me!","Level 26 :","Athletics","Toughness","Level 46 :","Contempt","Carouse","","","Foehammer","Ryza-Pattern Foehammer","Bloody Vigil","Sol Pattern Laspistol","","","Level 11 :","Reckless Strike","Melee Weapon Specialist","Level 26 :","Athletics","Toughness","Level 46 :","Contempt","Carouse","","","Stronghold","Radiant Shield","Heavy Shield","Advanced Shield","","","","","","","","","","","","","","","","","","","","","","","","","","","","","","","","","","","","","","","","","","","","","","","","","","","",""
"","Level 12 :","Toughness","Carouse","Level 27 :","Steady Superiority IV","","Level 47 :","Desolation","Medicae","","Weapon Set 2","Retobi-Pattern Greatsword","Wrath of the Vile Rabble / Heavy Maul","Wrath of the Vile Rabble / Heavy Maul","Well-Maintained Rocksaw / Heavy Maul","","","Level 12 :","Toughness","Carouse","Level 27 :","Steady Superiority IV","","Level 47 :","Desolation","Medicae","","Weapon Set 2","Retobi-Pattern Greatsword","Wrath of the Vile Rabble","Wrath of the Vile Rabble","","","","Level 12 :","Toughness","Carouse","Level 27 :","Unyelding Guard II","","Level 47 :","Crowd Kill","Medicae","","Weapon Set 2","Balanced Maul","Epiphany","Emergency Cutter","Well Maintained Rocksaw","","","","","","","","","","","","","","","","","","","","","","","","","","","","","","","","","","","","","","","","","","","","","","","","","","","",""
"","Level 13 :","Reckless Fury (can respec)","Medicae","Level 28 :","Carouse","Adaptability","Level 48 :","Exploit Weakness","Toughness","","","","Blade of Sorrow / Shield","Blade of Sorrow / Shield","/ Shield","","","Level 13 :","Impetus","Carouse","Level 28 :","Carouse","Adaptability","Level 48 :","Exploit Weakness","Toughness","","","","Blade of Sorrow","Blade of Sorrow","","","","Level 13 :","Defensive Stance","Carouse","Level 28 :","Resilient beacon","","Level 48 :","Unyielding Resolve","Toughness","","","Stronghold","Radiant Shield","","","","","","","","","","","","","","","","","","","","","","","","","","","","","","","","","","","","","","","","","","","","","","","","","","","","","",""
"","Level 14 :","Toughness","Duelling Mastery","Level 29 :","Toughness","Dual-Weapon Spec / Shield Mastery","Level 49 :","Strength","Medicae","","","","","","","","","Level 14 :","Perception","Duelling Mastery","Level 29 :","Perception","Stentorian Voice","Level 49 :","Strength","Medicae","","","","","","","","","Level 14 :","Strength","Get off Me!","Level 29 :","Carouse","Perception","Level 49 :","Strength","Medicae","","","","","","","","","","","","","","","","","","","","","","","","","","","","","","","","","","","","","","","","","","","","","","","","","","","","","","","","","",""
"","Level 15 :","Daring Breach IV","","Level 30 :","Kick","","Level 50 :","Extermination","Stentorian Voice","","Optical Insertion","Somatic Insertion","Cortical Insertion","Sinistral Insertion","Dextral Insertion","Musculoskeletal Insertion","","Level 15 :","Daring Breach IV","","Level 30 :","Kick","","Level 50 :","Extermination","Interception","","Optical Insertion","Somatic Insertion","Cortical Insertion","Sinistral Insertion","Dextral Insertion","Musculoskeletal Insertion","","Level 15 :","Daring Breach IV","","Level 30 :","Forced Distraction","","Level 50 :","Extermination","Hardened Scars","","Optical Insertion","Somatic Insertion","Cortical Insertion","Sinistral Insertion","Dextral Insertion","Musculoskeletal Insertion","","","","","","","","","","","","","","","","","","","","","","","","","","","","","","","","","","","","","","","","","","","","","","","","","","",""
"","","","","Level 31 :","Martial Art","","Level 51 :","Distract","Medicae","","Focal Emitter MK-I","","","","","","Act 2","","","","Level 31 :","Armsmaster","","Level 51 :","Martial Art","Medicae","","Focal Emitter MK-I","","","","","","Act 2","","","","Level 31 :","Taunting Opportunity","","Level 51 :","Defensive Comrade","Medicae","","Focal Emitter MK-I","","","","","","Act 2","","","","","","","","","","","","","","","","","","","","","","","","","","","","","","","","","","","","","","","","","","","","","","","","","",""
"","","","","Level 32 :","Perception","Carouse","Level 52 :","Preferred Targets","Power Weapon Expert","","Focal Emitter MK-I","","","","","","Act 3","","","","Level 32 :","Perception","Carouse","Level 52 :","Preferred Targets","Power Weapon Expert","","Focal Emitter MK-I","","","","","","Act 3","","","","Level 32 :","Perception","Carouse","Level 52 :","Cautious Disengage","Calculated Resolve","","Focal Emitter MK-I","","","","","","Act 3","","","","","","","","","","","","","","","","","","","","","","","","","","","","","","","","","","","","","","","","","","","","","","","","","",""
"","","","","Level 33 :","Critical Versatility","Perception","Level 53 :","Forceful Strike","Strength","","Focal Emitter MKII","Galvanic Carapace","Telemetric Logis Analyser MKII","Ogryn Grip MK-II Left *optional*","","Reinforced Phase Oscillator","Act 4","","","","Level 33 :","Critical Versatility","Perception","Level 53 :","Forceful Strike","Strength","","Focal Emitter MKII","Galvanic Carapace","","","","Reinforced Phase Oscillator","Act 4","","","","Level 33 :","Taunting Defence","","Level 53 :","Bulwark","Strength","","Focal Emitter MKII","Subdermal Compensator MK 'Vanguard'","Telemetric Logis Analyser MKII","","","Kinetic Reflector","Act 4","","","","","","","","","","","","","","","","","","","","","","","","","","","","","","","","","","","","","","","","","","","","","","","","","",""
"","","","","Level 34 :","Perception","Power Armour Proficiency","Level 54 :","Eagar for battle ","Accustomed to Glory","","","","","","","","Act 5","","","","Level 34 :","Strength","Power Armour Proficiency","Level 54 :","Eager for battle","Accustomed to Glory","","","","","","","","Act 5","","","","Level 34 :","Power Armour Proficiency","","Level 54 :","Eager for battle","On your feet!","","","","","","","","Act 5","","","","","","","","","","","","","","","","","","","","","","","","","","","","","","","","","","","","","","","","","","","","","","","","","",""
"","","","","Level 35 :","Steady Superiority II","","Level 55 :","AP +1","","","","","","","","","","","","","Level 35 :","Steady Superiority II","","Level 55 :","AP +1","","","","","","","","","","","","","Level 35 :","Unyelding Guard III","","Level 55 :","AP +1","","","","","","","","","","","","","","","","","","","","","","","","","","","","","","","","","","","","","","","","","","","","","","","","","","","","","","","","","","",""
"","Idira Tlass - Primaris-rogue Witch","","","","","","","","","","Skill Options","","","","","","","Idira Promise of Lightning ","","","","","","","","","","Skill Options","","","","","","","Idira Chaos Witch ","","","","","","","","","","Skill Options","","","","","","","Idira Tlass - Stanctified Staff build","","","","","","","","","","Skill Options","","","","","","","Idira Divined Shots","","","","","","","","","","Skill Options","","","","","","","","","","","","","","","","","","","","","",""
"","New augments reduce chance of instant perils but do not remove it. Use at your own risk for an aggressive buffer and range damage dealer","","","","","","","","","","Awareness / Lore Xenos / Lore Warp","","","","","","","some weird gimmicks happening with the act 2 dlc 1 pistols and arc rifles with assassin + malign influence","","","","","","","","","","Awareness / Lore Xenos / Lore Warp","","","","","","","Offensive Assassin Idira full on power build","","","","","","","","","","Intelligence Skills","","","","","","","Look we all know sanctic staff is OP and the cheap way to make end game damage screen shots by stacking resolve with the build being less useful than AoE buffs but it is what it is","","","","","","","","","","Awareness / Lore Xenos / Lore Warp","","","","","","","Ricochet Sniper Idira with Secondary Staff Support using more diviner powers than usual","","","","","","","","","","Awareness / Lore Xenos / Lore Warp","","","","","","","","","","","","","","","","","","","","","",""
"","Operative","","","Overseer","","","Exemplar","","","","","","","","","","","Operative","","","Assassin","","","Exemplar","","","","","","","","","","","Operative","","","Assassin","","","Exemplar","","","","","","","","","","","Operative","","","Overseer","","","Exemplar","","","","","","","","","","","Operative","","","Bounty Hunter","","","Exemplar","","","","","","","","","","","","","","","","","","","","","","","","","",""
"","Level 1 :","Analyse Enemies","","Level 16 :","Psyber-Raven Proficiency","","Level 36 :","Degraded Defence","Continuous Analysis","","Gear to consider","Act 1","Act 2","Act 3","Act 4","Act 5","","Level 1 :","Analyse Enemies","","Level 16 :","Seek the Opening","","Level 36 :","Malign Influence","Weak Body, Weak Soul","","Gear to consider","Act 1","Act 2","Act 3","Act 4","Act 5","","Level 1 :","Analyse Enemies","","Level 16 :","Seek the Opening","","Level 36 :","Malign Influence","Continuous Analysis","","Gear to consider","Act 1","Act 2","Act 3","Act 4","Act 5","","Level 1 :","Analyse Enemies","","Level 16 :","Psyber-Raven Proficiency","","Level 36 :","Degraded Defence","Continuous Analysis","","Gear to consider","Act 1","Act 2","Act 3","Act 4","Act 5","","Level 1 :","Analyse Enemies","","Level 16 :","Hunt Down The Prey","","Level 36 :","Masterful Display","Continuous Analysis","","Gear to consider","Act 1","Act 2","Act 3","Act 4","Act 5","","","","","","","","","","","","","","","","",""
"","Level 2 :","Awareness","","Level 17 :","Strategic Adaptation","","Level 37 :","Awareness / Lore Warp","Enhanced Augmetics","","Helm","Analyst's Hemet","Dark Visionary Hood / Thassertium Mask","Dark Visionary Hood / Thassertium Mask","Ghost Helm / Thassertium Mask","","","Level 2 :","Awareness","","Level 17 :","Death Whisper","","Level 37 :","Awareness","Lethal Concentration","","Helm","","Self-Calibrating Goggles","Self-Calibrating Goggles","Self-Calibrating Helm","","","Level 2 :","Awareness","","Level 17 :","Firestorm","","Level 37 :","Awareness","Lethal Concentration","","Helm","","Thassertium Mask","Thassertium Mask","Ghost Helm / Ethereal Visor / Eyes of Joyeuse","","","Level 2 :","Awareness","","Level 17 :","Strategic Adaptation","","Level 37 :","Awareness / Lore Warp","Enhanced Augmetics","","Helm","Analyst's Hemet","Dark Visionary Hood / Thassertium Mask","Dark Visionary Hood / Thassertium Mask","Ghost Helm / Thassertium Mask","","","Level 2 :","Awareness","","Level 17 :","Claim the Bounty","","Level 37 :","Awareness","Withdraw","","Helm","Analyst's Hemet","Self-Calibrating Goggles","Self-Calibrating Goggles","Self-Calibrating Helm","","","","","","","","","","","","","","","","","",""
"","Level 3 :","Expose Weakness","","Level 18 :","Warp Buffer","","Level 38 :","Willpower","Weak Hearts","","Armour","Psychic Bodyglove","Headhunter Light Carapace","Headhunter Light Carapace","Chaos Bodyglove","","","Level 3 :","Expose Weakness","","Level 18 :","Deadly Calculation","","Level 38 :","Ballistic Skill","Lethal Precision","","Armour","Death World Light Flak Armour","Death World Enforcer's Light carapace","Death World Enforcer's Light carapace","Death World Enforcer's Light carapace","","","Level 3 :","Expose Weakness","","Level 18 :","Deadly Calculation","","Level 38 :","Willpower","Burning Blood","","Armour","Psychic Bodyglove","Headhunter Light Carapace","Headhunter Light Carapace","Cultist Armour Plates / Chaos Bodyglove","","","Level 3 :","Expose Weakness","","Level 18 :","Warp Buffer","","Level 38 :","Willpower","Weak Hearts","","Armour","Psychic Bodyglove","Headhunter Light Carapace","Headhunter Light Carapace","Cultist Armour Plates / Chaos Bodyglove","","","Level 3 :","Expose Weakness","","Level 18 :","Hunting Surge","","Level 38 :","Ballistic Skill","Melting Armour","","Armour","Death World Light Flak Armour","Headhunter Light Carapace","Ceramite Xenochestplate","Hive World Origin Voidsmen Armour","","","","","","","","","","","","","","","","","",""
"","Level 4 :","Dismantling Attack","Tide of Excellence","Level 19 :","Overcharge","","Level 39 :","Sensory Deprivation","Awareness / Lore Warp","","Cloak","Phantom Cloak","Singed Cape","Singed Cape","Singed Cape","","","Level 4 :","Dismantling Attack","Tide of Excellence","Level 19 :","Dispatch","","Level 39 :","Intimidation","Awareness","","Cloak","","","","","","","Level 4 :","Dismantling Attack","Tide of Excellence","Level 19 :","Dispatch","","Level 39 :","Santic Powers","Awareness","","Cloak","Phantom Cloak","Dimensional Traveller Cloak / Malpian Shroud","Dimensional Traveller Cloak / Malpian Shroud","Singed Cloak / Malpian Shroud","","","Level 4 :","Dismantling Attack","Tide of Excellence","Level 19 :","Overcharge","","Level 39 :","Sensory Deprivation","Awareness / Lore Warp","","Cloak","Phantom Cloak","Singed Cape","Singed Cape","Singed Cape","","","Level 4 :","Dismantling Attack","Tide of Excellence","Level 19 :","Wild Hunt","","Level 39 :","Perfect Timing","Awareness","","Cloak","Von Valacius Cloak","Cape of righteous fury","Cape of righteous fury","Cape of righteous fury","","","","","","","","","","","","","","","","","",""
"","Level 5 :","Perception","Second Sight","Level 20 :","Ap +1","Willpower","Level 40 :","Malign Influence","Psyker Extremis","","Neck","Missionary Oath","Vortex Pendant","Vortex Pendant","Vortex Pendant","","","Level 5 :","Ballistic Skill","Overclocking Module","Level 20 :","AP +1","Ballistic Skill","Level 40 :","Contagion","An eye for the unscathed","","Neck","Hypnotising Pendant","Hypnotising Pendant","Hypnotising Pendant","Synpatic Coagulator","","","Level 5 :","Perception","Second Sight","Level 20 :","AP +1","Willpower","Level 40 :","Contagion","Psyker Extremis","","Neck","Gem of Dark Vitality","Chain of Crystals / Invigorating Resolve","Chain of Crystals / Invigorating Resolve","Starmist Scarf / Invigorating Resolve","","","Level 5 :","Perception","Second Sight","Level 20 :","Ap +1","Willpower","Level 40 :","Malign Influence","Psyker Extremis","","Neck","Missionary Oath","Vortex Pendant","Vortex Pendant","Vortex Pendant","","","Level 5 :","Ballistic Skill","Second Sight","Level 20 :","AP +1 - Ballistic Skill","Psyker Majoris","Level 40 :","Masterful Precision","Pierce the armour","","Neck","Hypnotising Pendant","Dog Tag","Dog Tag","Synaptic Coagulator / Starmist Staff","","","","","","","","","","","","","","","","","",""
"","Level 6 :","Uncanny Sight","Willpower","Level 21 :","Psyker Majoris","Willpower","Level 41 :","Willpower","Comprehensive Analysis","","Accessory 1","","Spirit Drape","Spirit Drape / Warp Reflex Ring","Spirit Drape / Warp Reflex Ring","","","Level 6 :","Uncanny Sight","Ballistic Skill","Level 21 :","Imminent Demise","Ballistic Skill","Level 41 :","Ballistic Skill","Continuous Analysis","","Accessory 1","Metronome","Pair Holster / Warp Surge Brooch","Pair Holster / Warp Surge brooch","Pair Holster / Warp Surge Brooch","","","Level 6 :","Uncanny Sight","Willpower","Level 21 :","Psyker Majoris","Willpower","Level 41 :","Willpower","Comprehensive Analysis","","Accessory 1","","Warp Surge Brooch","Warp Surge Brooch","Warp Surge Brooch","","","Level 6 :","Uncanny Sight","Willpower","Level 21 :","Psyker Majoris","Willpower","Level 41 :","Willpower","Comprehensive Analysis","","Accessory 1","","Spirit Drape","Spirit Drape / Hand of Offence","Spirit Drape / Hand of Offence","","","Level 6 :","Uncanny Sight","Ballistic Skill","Level 21 :","Ballistic Skill","Heightened Concentration","Level 41 :","Ballistic Skill","Comprehensive Analysis","","Accessory 1","Metronome","Target Designator / Spirit Drape","Litany of Exhausion / Spirit Drape","Litany of Exhausion / Spirit Drape","","","","","","","","","","","","","","","","","",""
"","Level 7 :","Pyromancy","Medicae / Lore Warp","Level 22 :","Enfeeble","Awareness / Lore Warp","Level 42 :","Psychic Assault","Intelligence","","Accessory 2","","Warp Surge Brooch / Experimental Psy-Amplifier","Warp Surge Brooch / Hand of Offence","Warp Surge Brooch / Hand of Offence","","","Level 7 :","Perfect Spot","Medicae","Level 22 :","Awareness","Killing Edge","Level 42 :","Elusive Shadow","Perception","","Accessory 2","","Enemy Finder ","Iron Cape","Notes on weaknesses","","","Level 7 :","Pyromancy","Medicae","Level 22 :","Awareness","Psychic Assault","Level 42 :","Shield of the Emperor","Intelligence","","Accessory 2","","Spirit Drape / Saint Cognacius's Scriptures","Spirit Drape / Saint Cognacius's Scriptures","Notes On Weaknesses (DT cloak will kill you)","","","Level 7 :","Pyromancy","Medicae / Lore Warp","Level 22 :","Shield of the Emperor","Awareness / Lore Warp","Level 42 :","Psychic Assault","Intelligence","","Accessory 2","","Warp Surge Brooch / Grimoire of the Void","Warp Surge Brooch / Grimoire of the Void","Warp Surge Brooch / Grimoire of the Void","","","Level 7 :","Pyromancy","Medicae","Level 22 :","Cull the Bold","","Level 42 :","Piercing Shot","Willpower","","Accessory 2","Book of War prayers","Portative Manipulator / Warp Surge Brooch","Prey Scanner / Warp Surge Brooch","Prey Scanner / Warp Surge Brooch","","","","","","","","","","","","","","","","","",""
"","Level 8 :","Pain Channelling","Backdraft","Level 23 :","Psy-Resonator","","Level 43 :","Sacrificial Penance","Mind Siege","","Gloves","Stalker Gloves","Warp Conductor Gloves","Warp Conductor Gloves","Warp Conductor Gloves","","","Level 8 :","Fresh Target","Staggering Jolt","Level 23 :","Lethality Heightens","","Level 43 :","Lone Killer","Calculated Resolve","","Gloves","Stalker Gloves","Marksman Bracers","Marksman Bracers","Marksman Bracers","","","Level 8 :","Pain Channelling","Backdraft","Level 23 :","Lethality Heightens","","Level 43 :","Mind Thief","Calculated Resolve","","Gloves","Stalker Gloves","Warp Conductor's Gloves","Warp Conductor's Gloves","Warp Conductor's Gloves","","","Level 8 :","Pain Channelling","Backdraft","Level 23 :","Psy-Resonator","","Level 43 :","Sacrificial Penance","Aftershock","","Gloves","Stalker Gloves","Warp Conductor Gloves","Warp Conductor Gloves","Warp Conductor Gloves","","","Level 8 :","Pain Channelling","Backdraft","Level 23 :","Hunter's Ambush","Lore Xenos","Level 43 :","Expert Finesse","Psyker Extremis","","Gloves","Stalker Gloves","Kasrkin Gauntlets / Marksman Bracers","Marksman Bracers","Marksman Bracers","","","","","","","","","","","","","","","","","",""
"","Level 9 :","Dismantling Attack III","Awareness / Lore Warp","Level 24 :","Perception","Melting Armour","Level 44 :","Lore Xenos","Contagion","","Boots","","Psyker's Footware","Psyker's Footware","Boots of Decay","","","Level 9 :","Dismantling Attack III","Awareness","Level 24 :","Perception","Liturgy of Insulation","Level 44 :","Lore Xenos","Degraded Defence","","Boots","Warmonger Boots","Warmonger Boots","Sharpshooter's Boots","Sharpshooter's Boots","","","Level 9 :","Dismantling Attack III","Awareness","Level 24 :","Perception","Aftershock","Level 44 :","Lore Xenos","Degraded Defence","","Boots","","Psyker's Footwear","","Boots of Decay","","","Level 9 :","Dismantling Attack III","Awareness / Lore Warp","Level 24 :","Perception","Melting Armour","Level 44 :","Lore Xenos","Contagion","","Boots","","Psyker's Footware","Psyker's Footware","Boots of Decay","","","Level 9 :","Dismantling Attack III","Awareness","Level 24 :","Willpower","Psychic Barrage","Level 44 :","Lore Xenos","Degraded Defence","","Boots","Warmonger Boots","","Sharpshooter Boots","Sharpshooter Boots","","","","","","","","","","","","","","","","","",""
"","Level 10 :","Lore Xenos","Willpower","Level 25 :","Fatebringer","","Level 45 :","Ap +1","","","Weapon Set 1","Psychic Staff / Charged Staff","Charged Staff","Bloodrinker Staff","Bloodrinker Staff","","","Level 10 :","Lore Xenos","Intelligence","Level 25 :","Create an opening","","Level 45 :","Ap +1","","","Weapon Set 1","Arc Rifle","Alpha's Arc Rifle","Alpha's Arc Rifle","Corpuscarii Oath","","","Level 10 :","Lore Xenos","Willpower","Level 25 :","Blazing Inferno","","Level 45 :","Ap +1","","","Weapon Set 1","Charged Staff","Charged Staff","Charged Staff","Solar Staff / Staff of Shock and Awe","","","Level 10 :","Lore Xenos","Willpower","Level 25 :","Fatebringer","","Level 45 :","Ap +1","","","Weapon Set 1","Psychic Staff / Charged Staff","Charged Staff","Bloodrinker Staff","Bloodrinker Staff","","","Level 10 :","Lore Xenos","Intelligence","Level 25 :","Inspiring Trophy","","Level 45 :","Ap +1","","","Weapon Set 1","Longlas","Curel Fate","Curel Fate","Curel Fate","","","","","","","","","","","","","","","","","",""
"","Level 11 :","Ballistics Calculation","Lore Xenos","Level 26 :","Perception","Awareness / Lore Warp","Level 46 :","Weak Body, Weak Soul","Lore Xenos","","","","","","","","","Level 11 :","Ballistics Calculation","Lore Xenos","Level 26 :","Perception","Awareness","Level 46 :","Comprehensive Analysis","Lore Xenos","","","","","","","","","Level 11 :","Ballistics Calculation","Lore Xenos","Level 26 :","Perception","Awareness","Level 46 :","Weak Body, Weak Soul","Lore Xenos","","","","","","","","","Level 11 :","Ballistics Calculation","Lore Xenos","Level 26 :","Perception","Awareness / Lore Warp","Level 46 :","Weak Body, Weak Soul","Lore Xenos","","","","","","","","","Level 11 :","Ballistics Calculation","Lore Xenos","Level 26 :","Lore Xenos","Willpower","Level 46 :","Sniper Expertise","Lore Xenos","","","","","","","","","","","","","","","","","","","","","","","",""
"","Level 12 :","Biomancy","Psyker Minoris","Level 27 :","Overcharge II","","Level 47 :","Instant Exposure","Medicae / Lore Warp","","Weapon Set 2","Long-las","Staff of Blood","Charged Staff","Staff of Shock and Awe","","","Level 12 :","Tactical Knowledge","Echopulse","Level 27 :","Dispatch II","","Level 47 :","Sniper Expertise","Lore Warp","","Weapon Set 2","Blast Wave","Promise of Retribution","Promise of Retribution","Promise of Retribution","","","Level 12 :","Sensory Deprivation","Psyker Minoris","Level 27 :","Dispatch II","","Level 47 :","Psalms of Heroes","Lore Warp","","Weapon Set 2","Long Las","Staff of Endless Flame","Staff of Endless Flame","Sanctified Staff","","","Level 12 :","Sanctic Powers","Psyker Minoris","Level 27 :","Overcharge II","","Level 47 :","Subtle Manipulation","Medicae / Lore Warp","","Weapon Set 2","Long-las","Sanctified Staff","Sanctified Staff","Sanctified Staff","","","Level 12 :","Perfect Spot","Psyker Minoris","Level 27 :","Wild Hunt II","","Level 47 :","Sharpshooter","Lore Warp","","Weapon Set 2","Charged Staff","Charged Staff","Charged Staff","Staff of Shock and Awe","","","","","","","","","","","","","","","","","",""
"","Level 13 :","Fresh Target","Intelligence","Level 28 :","Rite of Calibration","Thriving in Peril","Level 48 :","Enforce Reality","Intelligence","","","","","","","","","Level 13 :","Improved Tactics","Intelligence","Level 28 :","Doing My Part","Perfect Opening","Level 48 :","Bringer of Doom","Perception","","","","Promise of Freedom","Promise of Freedom","Promise of Freedom","","","Level 13 :","Fresh Target","Intelligence","Level 28 :","Thirving In Peril","Dissary","Level 48 :","Killing Spree","Intelligence","","","","","","","","","Level 13 :","Fresh Target","Intelligence","Level 28 :","Rite of Calibration","Thriving in Peril","Level 48 :","Enforce Reality","Intelligence","","","","","","","","","Level 13 :","Fresh Target","Intelligence","Level 28 :","Blazing Inferno","","Level 48 :","Pierce and Ruin","Willpower","","","","","","","","","","","","","","","","","","","","","","","",""
"","Level 14 :","Intelligence","Fire Within","Level 29 :","Intelligence","Lore Xenos","Level 49 :","Perception","Medicae / Lore Warp","","Pet Protocol","","Synergy","Warp Conductive Frame","Ether Wind","","","Level 14 :","Perception","Residual Charge","Level 29 :","Intelligence","Lore Xenos","Level 49 :","Intelligence","Lore Warp","","","","","","","","","Level 14 :","Intelligence","Fire Within","Level 29 :","Intelligence","Lore Xenos","Level 49 :","Perception","Lore Warp","","","","","","","","","Level 14 :","Intelligence","Fire Within","Level 29 :","Intelligence","Lore Xenos","Level 49 :","Perception","Medicae / Lore Warp","","Pet Protocol","","Synergy","Warp Conductive Frame","Ether Wind","","","Level 14 :","Perception","Fire Within","Level 29 :","Awareness","Perception","Level 49 :","Perception","Lore Warp","","Pet Protocol","","","","","","","","","","","","","","","","","","","","","",""
"","Level 15 :","Dismantling II","","Level 30 :","Warp Speed ","","Level 50 :","Extermination","Warp Minds","","","","","","","","","Level 15 :","Dismantling II","","Level 30 :","Danse Macabre","","Level 50 :","Extermination","Weak Hearts","","","","","","","","","Level 15 :","Dismantling II","","Level 30 :","Molten Beam","","Level 50 :","Extermination","Hymns of Hatred","","Optical Insertion","Somatic Insertion","Cortical Insertion","Sinistral Insertion","Dextral Insertion","Musculoskeletal Insertion","","Level 15 :","Dismantling II","","Level 30 :","Hammer of the Emperor","","Level 50 :","Extermination","Warp Minds","","","","","","","","","Level 15 :","Dismantling II","","Level 30 :","Psyker Terminus","Prescience","Level 50 :","Extermination","Weak Body, Weak Soul","","","","","","","","","","","","","","","","","","","","","","","",""
"","","","","Level 31 :","Castigating Echoes","Psyker Terminus","Level 51 :","Brother-In-Arms","Medicae","","Optical Insertion","Somatic Insertion","Cortical Insertion","Sinistral Insertion","Dextral Insertion","Musculoskeletal Insertion","","","","","Level 31 :","Grenadier","Dissary","Level 51 :","Killing Spree","Lore Warp","","Optical Insertion","Somatic Insertion","Cortical Insertion","Sinistral Insertion","Dextral Insertion","Musculoskeletal Insertion","","","","","Level 31 :","Psyker Terminus","Seize the advantage","Level 51 :","Edge of Dawn","Lore Warp","","","","","","","","","","","","Level 31 :","Castigating Echoes","Psyker Terminus","Level 51 :","Brother-In-Arms","Medicae","","Optical Insertion","Somatic Insertion","Cortical Insertion","Sinistral Insertion","Dextral Insertion","Musculoskeletal Insertion","","","","","Level 31 :","Share the Spoils","","Level 51 :","Flay the Bold","Lore Warp","","Optical Insertion","Somatic Insertion","Cortical Insertion","Sinistral Insertion","Dextral Insertion","Musculoskeletal Insertion","","","","","","","","","","","","","","","","",""
"","","","","Level 32 :","Intelligence","Lore Xenos","Level 52 :","Passive Learning","Motive-Force Overload","","Cerebral Holo-Ocular MK 'Operative'","Weapon Optimiser MKI","Grey Hood","","","","Act 2","","","","Level 32 :","Lore Xenos","","Level 52 :","Combat Insight","Residual Power","","Cerebral Holo-Ocular MK 'Operative'","Weapon Optimiser MKI","Telemetric Logis-Analyser MK-I","","","Adaptive Servo-Struts MK 'Operative'","Act 2","","","","Level 32 :","Lore Xenos","","Level 52 :","Sanctified Slayer	","Power Conduit","","","","","","","","","","","","Level 32 :","Intelligence","Lore Xenos","Level 52 :","Eternal Glory","Edge of Dawn","","Cerebral Holo-Ocular MK 'Operative'","Weapon Optimiser MKI","Grey Hood","","","","","","","","Level 32 :","Perception","Awareness","Level 52 :","Passive Learning","Lethal Precision","","Ballistic Calculator","Weapon Optimiser MKI","Grey Hood","","","Adaptive Servo-Struts MK Operative","","","","","","","","","","","","","","","","",""
"","","","","Level 33 :","Warp Saturation","","Level 53 :","Metabolic Overcharge","Perception","i","Cerebral Holo-Ocular MK 'Operative'","Weapon Optimiser MKI","Grey Hood","","","","Act 3","","","","Level 33 :","Seize the advantage","Intelligence","Level 53 :","Precise Attack","Intelligence","","Cerebral Holo-Ocular MK 'Operative'","Weapon Optimiser MKI","Telemetric Logis-Analyser MK-I","","","Adaptive Servo-Struts MK 'Operative'","Act 3","","","","Level 33 :","Mind Siege","Intelligence","Level 53 :","Hammer of the Emperor","Perception","","Cerebral Holo-Ocular MK 'Operative'","Neural System Graft MK 'Assassin'","Cerebral Inverter MK 'Operative'","","","Phase Oscillator MK-II","","","","","Level 33 :","Psalms of Heroes","","Level 53 :","Evil Eye","Perception","i","Cerebral Holo-Ocular MK 'Operative'","Weapon Optimiser MKI","Grey Hood","","","","","","","","Level 33 :","Savour the Kill","","Level 53 :","Precognition","Perception","","Ballistic Calculator","Weapon Optimiser MKI","Grey Hood","","","Adaptive Servo-Struts MK Operative","","","","","","","","","","","","","","","","",""
"","","","","Level 34 :","Aftershock","","Level 54 :","Eager for Battle","Combat Insight","","Cerebral Holo-Ocular MK 'Operative'","Weapon Optimiser MKII","Grey Hood","","","","Act 4","","","","Level 34 :","Psyker Minoris","","Level 54 :","Vital Points / Deadly Aim","Insightful Precision","","Cerebral Holo-Ocular MK 'Operative'","Weapon Optimiser MKII","Telemetric Logis-Analyser MK-II","","","Adaptive Servo-Struts MK 'Operative'","Act 4","","","","Level 34 :","Weak Hearts","","Level 54 :","Eager for Battle","Eternal Glory","","","","","","","","","","","","Level 34 :","Mind Siege","","Level 54 :","Eager for Battle","Mind Thief","","Cerebral Holo-Ocular MK 'Operative'","Weapon Optimiser MKII","Grey Hood","","","","","","","","Level 34 :","Thriving In Peril","","Level 54 :","Deadly Aim","Combat Insight","","Ballistic Calculator","Weapon Optimiser MKII","Grey Hood","","","Adaptive Servo-Struts MK Operative","","","","","","","","","","","","","","","","",""
"","","","","Level 35 :","Overcharge I","","Level 55 :","Ap +1","","","","","","","","","Act 5","","","","Level 35 :","Dispatch I","","Level 55 :","Ap +1","","","","","","","","","Act 5","","","","Level 35 :","Dispatch III","","Level 55 :","Ap +1","","","","","","","","","","","","","Level 35 :","Overcharge I","","Level 55 :","Ap +1","","","","","","","","","","","","","Level 35 :","Wild Hunt III","","Level 55 :","Ap +1","","","","","","","","","","","","","","","","","","","","","","","","",""
"","Sister Argenta - Retributor","","","","","","","","","","Skill Options","","","","","","","Argenta the Inspiring Saint","","","","","","","","","","Skill Options","","","","","","","Argenta The Pious Hunter","","","","","","","","","","Skill Options","","","","","","","Argenta Blessed Motive Force","","","","","","","","","","Skill Options","","","","","","","","","","","","","","","","","","","","","","","","","","","","","","","","","","","","","","",""
"","Litany of hatred has been reworked but her heavy gun damage build is still unmatched. Swap to heavy bolter around 21 from regular bolt rifles. - if using multiple of the same archetype swap doing my part for genadier","","","","","","","","","","Demolition / Awareness / Lore Imperium","","","","","","","Variant for those that don’t want to use heavy guns","","","","","","","","","","Demolition / Awareness / Lore Imperium","","","","","","","Bounty hunter variant to abuse Hymn of Vehemence","","","","","","","","","","Demolition / Awareness","","","","","","","Variant for those that don’t want to use heavy guns","","","","","","","","","","Demolition / Awareness / Lore Imperium","","","","","","","","","","","","","","","","","","","","","","","","","","","","","","","","","","","","","","",""
"","Soldier","","","Arch-Militant","","","Exemplar","","","","","","","","","","","Soldier","","","Master Tactician","","","Exemplar","","","","","","","","","","","Soldier","","","Bounty Hunter","","","Exemplar","","","","","","","","","","","Soldier","","","Master Tactician","","","Exemplar","","","","","","","","","","","","","","","","","","","","","","","","","","","","","","","","","","","","","","","","","","",""
"","Level 1 :","Run and Gun","","Level 16 :","Versatility","","Level 36 :","Degraded Defence ","Rack and Ruin","","Gear to consider","Act 1","Act 2","Act 3","Act 4","Act 5","","Level 1 :","Run and Gun","","Level 16 :","Tactical Advantage","Press The Advantage","Level 36 :","Degraded Defence","Rack and Ruin","","Gear to consider","Act 1","Act 2","Act 3","Act 4","Act 5","","Level 1 :","Run and Gun","","Level 16 :","Hunt Down The Prey","","Level 36 :","Degraded Defence","Alacrity","","Gear to consider","Act 1","Act 2","Act 3","Act 4","Act 5","","Level 1 :","Run and Gun","","Level 16 :","Tactical Advantage","Press The Advantage","Level 36 :","Degraded Defence","Rack and Ruin","","Gear to consider","Act 1","Act 2","Act 3","Act 4","Act 5","","","","","","","","","","","","","","","","","","","","","","","","","","","","","","","","","",""
"","Level 2 :","Demolition","","Level 17 :","Reckless Rush","","Level 37 :","Demolition","Distract","","Helm","Pinpointing Visor","Gunslinger's Helm","Corruption Eradicator Helmet","Corruption Eradicator Helmet","","","Level 2 :","Demolition","","Level 17 :","Linchpin","","Level 37 :","Demolition","Undisputed Advantage","","Helm","Pinpointing Visor","Gunslinger's Helm","Corruption Eradicator Helmet","Corruption Eradicator Helmet","","","Level 2 :","Demolition","","Level 17 :","Claim the Bounty","","Level 37 :","Awareness","Withdraw","","Helm","Pinpointing Visor","Gunslinger's Helm","Corruption Eradicator Helmet","Corruption Eradicator Helmet","","","Level 2 :","Demolition","","Level 17 :","Linchpin","","Level 37 :","Demolition","Undisputed Advantage","","Helm","Pinpointing Visor","Gunslinger's Helm","Corruption Eradicator Helmet","Corruption Eradicator Helmet","","","","","","","","","","","","","","","","","","","","","","","","","","","","","","","","","","",""
"","Level 3 :","Revel in Slaughter","","Level 18 :","Always Ready","","Level 38 :","Ballistic Skill","Bolt Weapon Expert ","","Armour","Synskin","Death World Enforcer Light Carapace","Death World Enforcer Light Carapace","One Star Power Armour","","","Level 3 :","Revel in Slaughter","","Level 18 :","Reliance","","Level 38 :","Ballistic Skill","Residual Power","","Armour","Synskin","Death World Enforcer Light Carapace","Death World Enforcer Light Carapace","One Star Power Armour","","","Level 3 :","Revel in Slaughter","","Level 18 :","Hunting Surge","","Level 38 :","Ballistic Skill","Lethal Precision","","Armour","Death World Light Flak Armour","Death World Enforcer's Light Carapace","Death World Enforcer's Light Carapace","One Star Power Armour","","","Level 3 :","Revel in Slaughter","","Level 18 :","Reliance","","Level 38 :","Ballistic Skill","Lethal Precision","","Armour","Synskin","Death World Enforcer Light Carapace","Death World Enforcer Light Carapace","One Star Power Armour","","","","","","","","","","","","","","","","","","","","","","","","","","","","","","","","","","",""
"","Level 4 :","Firearm Mastery","Point-Blank / Muzzle Velocity","Level 19 :","Steady Superiority","","Level 39 :","Entrench","Demolition","","Cloak","Camouflage Robe","Cape of Righteous Fury","Tactical Backpack","Tactical Backpack","","","Level 4 :","Firearm Mastery","Point-Blank / Muzzle Velocity","Level 19 :","Orchestrated Firestorm","","Level 39 :","Entrench","Demolition","","Cloak","Camouflage Robe","Cape of Righteous Fury","Tactical Backpack","Tactical Backpack","","","Level 4 :","Firearm Mastery","Muzzle Velocity","Level 19 :","Wild Hunt","","Level 39 :","Dash / Entrench","Awareness","","Cloak","Camouflage Robe","Tactical Backpack","Tactical Backpack","Tepestus Elite Carapace Backpack","","","Level 4 :","Firearm Mastery","Muzzle Velocity","Level 19 :","Orchestrated Firestorm","","Level 39 :","Dash","Demolition","","Cloak","Camouflage Robe","Cape of Righteous Fury","Tactical Backpack","Tactical Backpack","","","","","","","","","","","","","","","","","","","","","","","","","","","","","","","","","","",""
"","Level 5 :","Ballistic Skill","Rapid Reload","Level 20 :","Ap +1","Ballistic Skill","Level 40 :","Deadly Aim","Preferred targets","","Neck","","Blessed Bolter Casing","Blessed Bolter Casing","Blessed Bolter Casing","","","Level 5 :","Ballistic Skill","Rapid Reload","Level 20 :","Ap +1","Ballistic Skill","Level 40 :","Extermination","Dawn of Victory","","Neck","","Blessed Bolter Casing","Blessed Bolter Casing","Blessed Bolter Casing","","","Level 5 :","Ballistic Skill","Rapid Reload","Level 20 :","AP +1 - Ballistic Skill","Bolt Weapon Expert","Level 40 :","Deadly Aim","Hunter's Ambush","","Neck","","Blessed Bolter Casing / Dog tags","Blessed Bolter Casing / Dog tags","Blessed Bolter Casing / Dog tags","","","Level 5 :","Ballistic Skill","Rapid Reload","Level 20 :","Ap +1","Ballistic Skill","Level 40 :","Extermination","Dawn of Victory","","Neck","","Blessed Bolter Casing","Blessed Bolter Casing","Blessed Bolter Casing","","","","","","","","","","","","","","","","","","","","","","","","","","","","","","","","","","",""
"","Level 6 :","Ballistic Skill","Rapid Fire","Level 21 :","Heavy Gunner","Ballistic Skill","Level 41 :","Ballistic Skill","Demolition Engineer","","Accessory 1","Mark of the Ruler","Chains of Domination","Chains of Domination","Chains of Domination","","","Level 6 :","Ballistic Skill","Rapid Fire","Level 21 :","Ballistic Skill","Joint Offensive","Level 41 :","Ballistic Skill","Demolition Engineer","","Accessory 1","Mark of the Ruler","Chains of Domination","Chains of Domination","Chains of Domination","","","Level 6 :","Ballistic Skill","Rapid Fire","Level 21 :","Ballistic Skill","Heightened Concentration","Level 41 :","Ballistic Skill","Point-Blank","","Accessory 1","","Chains of Domination","Chains of Domination","Chains of Domination","","","Level 6 :","Ballistic Skill","Rapid Fire","Level 21 :","Ballistic Skill","Joint Offensive","Level 41 :","Ballistic Skill","Enough Bullets for Everyone","","Accessory 1","Mark of the Ruler","Chains of Domination","Chains of Domination","Chains of Domination","","","","","","","","","","","","","","","","","","","","","","","","","","","","","","","","","","",""
"","Level 7 :","Agility","Litany of Hatred","Level 22 :","Wild Fire","Breaking Point","Level 42 :","Kick","Agility","","Accessory 2","Book of war prayers ","Enemy Finder / Saint Cognacius's Scriptures","Enemy Finder / Saint Cognacius's Scriptures","Bead of Might","","","Level 7 :","Agility","Litany of Hatred","Level 22 :","Inspire","","Level 42 :","Finish the Job","Agility","","Accessory 2","Book of war prayers","Enemy Finder","Enemy Finder","Bead of Might","","","Level 7 :","Agility","Litany of Hatred","Level 22 :","Cull the bold","","Level 42 :","Piercing Shot","Agility","","Accessory 2","","Enemy Finder","Enemy Finder / Prey Scanner","Enemy Finder / Prey Scanner","","","Level 7 :","Agility","Litany of Hatred","Level 22 :","Inspire","","Level 42 :","Finish the Job","Agility","","Accessory 2","Book of war prayers","Enemy Finder","Enemy Finder","Bead of Might","","","","","","","","","","","","","","","","","","","","","","","","","","","","","","","","","","",""
"","Level 8 :","Unfaltering Fire","Demolition","Level 23 :","Demolition","All out","Level 43 :","Ingenious","Grenadier / Lethal Precision","","Gloves","Stabilising Bracers / Relished Anguish","Recoil Gloves","Recoil Gloves","Compensator Gloves","","","Level 8 :","Unfaltering Fire","Awareness","Level 23 :","Unwavering Motivation","Demolition","Level 43 :","Logistical Superiority","Motive Force Overload","","Gloves","Stabilising Bracers / Relished Anguish","Recoil Gloves","Recoil Gloves","Compensator Gloves","","","Level 8 :","Unfaltering Fire","Demolition","Level 23 :","Flay the bold","Awareness","Level 43 :","Pierce and Ruin","Calculated Resolve","","Gloves","Stabilising Bracers","Recoil Gloves","Gloves of rapid desolation","Compensator Gloves","","","Level 8 :","Unfaltering Fire","Awareness","Level 23 :","Unwavering Motivation","Demolition","Level 43 :","Logistical Superiority","Calculated Resolve","","Gloves","Stabilising Bracers","Recoil Gloves","Recoil Gloves","Compensator Gloves","","","","","","","","","","","","","","","","","","","","","","","","","","","","","","","","","","",""
"","Level 9 :","Firearm Mastery II","","Level 24 :","Agility","Overpower","Level 44 :","Awareness / Lore Imperium","Vital Points","","Boots","Warmonger Boots","Breezecatcher boots","Recoil War boots","Caligae of Saint Keefe","","","Level 9 :","Firearm Mastery II","","Level 24 :","Agility","Bolt Weapon Expert","Level 44 :","Awareness / Lore Imperium","Deadly Aim","","Boots","Warmonger Boots","Breezecatcher boots","Recoil War boots","Caligae of Saint Keefe","","","Level 9 :","Firearm Mastery II","","Level 24 :","Agility","Grenadier","Level 44 :","Demolition","Extermination","","Boots","Warmonger Boots","Warmonger Boots","Recoil War boots","Caligae of Saint Keefe","","","Level 9 :","Firearm Mastery II","","Level 24 :","Agility","Doing My Part","Level 44 :","Awareness","Know-It-All","","Boots","Warmonger Boots","Breezecatcher boots","Recoil War boots","Caligae of Saint Keefe","","","","","","","","","","","","","","","","","","","","","","","","","","","","","","","","","","",""
"","Level 10 :","Fired Up","Agility","Level 25 :","Flashfire","","Level 45 :","AP +1","","","Weapon Set 1","Modified Bolter","Heavy Bolter","Heavy Bolter","Improved Heavy Bolter","","","Level 10 :","Fired Up","Agility","Level 25 :","Against All Odds","","Level 45 :","AP +1","","","Weapon Set 1","Modified Bolter","Storm Bolter","Storm Bolter","Hymn of Vehemence","","","Level 10 :","Demolition Engineer","Agility","Level 25 :","Cut to the Chase","","Level 45 :","AP +1","","","Weapon Set 1","Modified Bolter","Storm Bolter / Precise Bolter","Storm Bolter","Hymn of Vehemence","","","Level 10 :","Fired Up","Agility","Level 25 :","Against All Odds","","Level 45 :","AP +1","","","Weapon Set 1","Modified Bolter","Storm Bolter","Storm Bolter","Hymn of Vehemence","","","","","","","","","","","","","","","","","","","","","","","","","","","","","","","","","","",""
"","Level 11 :","Concentrated Fire","Awareness / Lore Imperium","Level 26 :","Demolition","Agility","Level 46 :","Muzzle Velocity","Awareness / Lore Imperium","","","","","","","","","Level 11 :","Concentrated Fire","Awareness","Level 26 :","Demolition","Agility","Level 46 :","Tenderise","Awareness / Lore Imperium","","","","","","","","","Level 11 :","Concentrated Fire","Awareness","Level 26 :","Awareness","Agility","Level 46 :","Rack and Ruin","Demolition","","","","","","","","","Level 11 :","Concentrated Fire","Awareness","Level 26 :","Demolition","Agility","Level 46 :","Camraderie","Awareness","","","","","","","","","","","","","","","","","","","","","","","","","","","","","","","","","","","","","","","","",""
"","Level 12 :","Strength","Tenets of Retribution","Level 27 :","Steady Superiority IV","","Level 47 :","Enough Bullets for everyone","Medicae / Awareness","","Weapon Set 2","Blast wave / Flamer","Fiery Retribution","Fiery Retribution","Judex","","","Level 12 :","Perception","Tenets of Retribution","Level 27 :","Orchestrated Firestorm III","","Level 47 :","Enough Bullets for Everyone","Medicae","","Weapon Set 2","Flamer","Infernical","","Mars-Pattern Flamer / Toxic Flamer","","","Level 12 :","Perception","Tenets of Retribution","Level 27 :","Wild Hunt II","","Level 47 :","Enough Bullets for Everyone","Medicae","","Weapon Set 2","Blast Wave","Infernical","","Mars-Pattern Flamer","","","Level 12 :","Perception","Tenets of Retribution","Level 27 :","Orchestrated Firestorm III","","Level 47 :","Intergrity","Medicae","","Weapon Set 2","Arc Rifle","Alpha's Arc Rifle","Alpha's Arc Rifle","Arc Rifle Mindstorm","","","","","","","","","","","","","","","","","","","","","","","","","","","","","","","","","","",""
"","Level 13 :","Alacrity / Swift Slaughter","Doing my part","Level 28 :","Awareness / Lore Imperium","Adaptability","Level 48 :","Exploit Weakness","Agility","","","","","","","","","Level 13 :","Alacrity / Swift Slaughter","Doing My Part","Level 28 :","Personal Involvement","","Level 48 :","Tactical Respite","Agility","","","","","","","","","Level 13 :","Fired Up","Doing My Part","Level 28 :","Inspiring Trophy","","Level 48 :","Gruesome Kill","Agility","","","","","","","","","Level 13 :","Alacrity","Liturgy Of Insulation","Level 28 :","Personal Involvement","","Level 48 :","Tactical Respite","Agility","","","","","","","","","","","","","","","","","","","","","","","","","","","","","","","","","","","","","","","","",""
"","Level 14 :","Heavy Weapon Profeciency","Awareness / Lore Imperium","Level 29 :","Perception","Flame Weapon Expert","Level 49 :","Perception","Medicae / Awareness","","","","","","","","","Level 14 :","Flame Weapon Expert","Demolition","Level 29 :","Awareness / Lore Imperium","Perception","Level 49 :","Perception","Medicae","","","","","","","","","Level 14 :","Flame Weapon Expert","Awareness","Level 29 :","Demolition","Perception","Level 49 :","Perception","Medicae","","","","","","","","","Level 14 :","Overclocking Module","Demolition","Level 29 :","Awareness","Perception","Level 49 :","Perception","Medicae","","","","","","","","","","","","","","","","","","","","","","","","","","","","","","","","","","","","","","","","",""
"","Level 15 :","Firearm Mastery III","","Level 30 :","Devastating Attack","","Level 50 :","Extermination","Intergrity","","Optical Insertion","Somatic Insertion","Cortical Insertion","Sinistral Insertion","Dextral Insertion","Musculoskeletal Insertion","","Level 15 :","Firearm Mastery I","","Level 30 :","Grenadier","Fervour","Level 50 :","Vital Points","Camraderie","","Optical Insertion","Somatic Insertion","Cortical Insertion","Sinistral Insertion","Dextral Insertion","Musculoskeletal Insertion","","Level 15 :","Firearm Mastery I","","Level 30 :","Know No Heresy","Ensnare the Prey","Level 50 :","Vital Points","Fortress","","Optical Insertion","Somatic Insertion","Cortical Insertion","Sinistral Insertion","Dextral Insertion","Musculoskeletal Insertion","","Level 15 :","Firearm Mastery I","","Level 30 :","Residual Charge","Fervour","Level 50 :","Vital Points","Fortress","","Optical Insertion","Somatic Insertion","Cortical Insertion","Sinistral Insertion","Dextral Insertion","Musculoskeletal Insertion","","","","","","","","","","","","","","","","","","","","","","","","","","","","","","","","","",""
"","","","","Level 31 :","Breaking Attack","","Level 51 :","Contempt for the weak","Medicae / Awareness","","Focal Emitter MK Soldier","Weapon Optimiser MKI","","","Hand of the Righteous","","Act 2","","","","Level 31 :","Stacking the Deck","","Level 51 :","Heroic Inspiration","Medicae","","Focal Emitter MK Soldier","Weapon Optimiser MKI","","","Hand of the Righteous","","Act 2","","","","Level 31 :","Pierce the Armour","","Level 51 :","Share the Spoils","Medicae","","","Weapon Optimiser MK-I","","","Hand of the Righteous","","","","","","Level 31 :","Stacking the Deck","","Level 51 :","Heroic Inspiration","Medicae","","Focal Emitter MK Soldier","Weapon Optimiser MKI","","","Hand of the Righteous","","","","","","","","","","","","","","","","","","","","","","","","","","","","","","","","","","",""
"","","","","Level 32 :","Perception","Awareness / Lore Imperium","Level 52 :","Dismantle","Residual Power","","Focal Emitter MK Soldier","Weapon Optimiser MKI","","","Hand of the Righteous","","Act 3","","","","Level 32 :","Perception","Awareness / Lore Imperium","Level 52 :","Integrity / Alacrity","High Resistance","","Focal Emitter MK Soldier","Weapon Optimiser MKI","","","Hand of the Righteous","","Act 3","","","","Level 32 :","Perception","Demolition","Level 52 :","Savour the Kill","Motive-Force Overload","","","Weapon Optimiser MK-I","","","Hand of the Righteous","","","","","","Level 32 :","Perception","Awareness","Level 52 :","Support the Advance","Motive-Force Overload","","Focal Emitter MK Soldier","Weapon Optimiser MKI","Cerebral Inverter MK 'Tactician'","","Hand of the Righteous","","","","","","","","","","","","","","","","","","","","","","","","","","","","","","","","","","",""
"","","","","Level 33 :","Critical Versatility","Perception","Level 53 :","Controlled Shot","Perception","","Focal Emitter MK Soldier","Weapon Optimiser MK AM","","","Hand of the Righteous","","Act 4","","","","Level 33 :","Brink of Death","","Level 53 :","Controlled Shot","Perception","","Focal Emitter MK Soldier","Weapon Optimiser MKII","","","Hand of the Righteous","","Act 4","","","","Level 33 :","Expert Finesse","","Level 53 :","Controlled Shot","Perception","","Focal Emitter MK Soldier","Weapon Optimiser MK-II","Telemetric Logis-Analyser MK-II","","Hand of the Righteous","","","","","","Level 33 :","Brink of Death","","Level 53 :","Controlled Shot","Perception","","Focal Emitter MK Soldier","Weapon Optimiser MKII","Cerebral Inverter MK 'Tactician'","","Hand of the Righteous","","","","","","","","","","","","","","","","","","","","","","","","","","","","","","","","","","",""
"","","","","Level 34 :","Perception","Litany of Purification","Level 54 :","Eagar for Battle","Accustomed to Glory","","","","","","","","Act 5","","","","Level 34 :","Perception","Litany of Purification","Level 54 :","Eagar for Battle","Forewarning","","","","","","","","Act 5","","","","Level 34 :","Litany of Purification","","Level 54 :","Eager for Battle","Integrity","","","","","","","","","","","","Level 34 :","Perception","Staggering Jolt","Level 54 :","Deadly Aim","Forewarning","","","","","","","","","","","","","","","","","","","","","","","","","","","","","","","","","","","","","","","","",""
"","","","","Level 35 :","Steady Superiority II","","Level 55 :","AP +1","","","","","","","","","","","","","Level 35 :","Orchestrated Firestorm II","","Level 55 :","AP +1","","","","","","","","","","","","","Level 35 :","Wild Hunt I","","Level 55 :","AP +1","","","","","","","","","","","","","Level 35 :","Orchestrated Firestorm II","","Level 55 :","AP +1","","","","","","","","","","","","","","","","","","","","","","","","","","","","","","","","","","","","","","","","","",""
"","Cassia Orsellio - Novator","","","","","","","","","","Skill Options","","","","","","","Cassia the Gaze","","","","","","","","","","Skill Options","","","","","","","","","","","","","","","","","","","","","","","","","","","","","","","","","","","","","","","","","","","","","","","","","","","","","","","","","","","","","","","","","","","","","","","","",""
"","Reoptimised to abuse Grand Strategist more. Simply having this setup in the party makes the game easier","","","","","","","","","","Lore Warp / Persuasion / Coercion / Commerce / Awareness","","","","","","","Hipster damage variant for when you have a grand strategist officer Rogue Trader","","","","","","","","","","Lore Warp / Persuasion / Coercion / Commerce / Awareness","","","","","","","","","","","","","","","","","","","","","","","","","","","","","","","","","","","","","","","","","","","","","","","","","","","","","","","","","","","","","","","","","","","","","","","","",""
"","Officer","","","Grand Strategist","","","Exemplar","","","","","","","","","","","Officer","","","Master Tactician","","","Exemplar","","","","","","","","","","","","","","","","","","","","","","","","","","","","","","","","","","","","","","","","","","","","","","","","","","","","","","","","","","","","","","","","","","","","","","","","","","","","",""
"","Level 1 :","Voice Of Command","","Level 16 :","Combat Tactics","","Level 36 :","Firebrand","Seize the Initiative","","Gear to consider","Act 1","Act 2","Act 3","Act 4","Act 5","","Level 1 :","Voice Of Command","","Level 16 :","Tactical Advantage","Press The Advantage","Level 36 :","Degraded Defence","Personal Oversight","","Gear to consider","Act 1","Act 2","Act 3","Act 4","Act 5","","","","","","","","","","","","","","","","","","","","","","","","","","","","","","","","","","","","","","","","","","","","","","","","","","","","","","","","","","","","","","","","","","","",""
"","Level 2 :","Persuasion","","Level 17 :","Combat Locus Stratagem","","Level 37 :","Lore Warp / Awareness","Personal Combat Zone","","Helm","Helmet of the devoted protector","Commander's Monocle","Commander's Monocle","Commander's Monocle","","","Level 2 :","Persuasion","","Level 17 :","Linchpin","","Level 37 :","Lore Warp / Awareness","Tonicity","","Helm","Helmet of the devoted protector","Commander's Monocle","Commander's Monocle","Commander's Monocle","","","","","","","","","","","","","","","","","","","","","","","","","","","","","","","","","","","","","","","","","","","","","","","","","","","","","","","","","","","","","","","","","","","","",""
"","Level 3 :","Bring it Down !","","Level 18 :","Blurred Locus","","Level 38 :","Willpower","Base Skill: Lore Warp","","Armour","Improved armoured bodyglove","Slick Bodyglove","Slick Bodyglove","Slick Bodyglove","","","Level 3 :","Bring it Down !","","Level 18 :","Reliance","","Level 38 :","Willpower","Ebb and Flow","","Armour","Improved armoured bodyglove","Slick Bodyglove","Slick Bodyglove","Slick Bodyglove","","","","","","","","","","","","","","","","","","","","","","","","","","","","","","","","","","","","","","","","","","","","","","","","","","","","","","","","","","","","","","","","","","","","",""
"","Level 4 :","Finest Hour","Lasting Impression","Level 19 :","Take and Hold","","Level 39 :","Air of authority","Lore Warp / Awareness","","Cloak","Commander Cloak","Mercy's Gift","Mercy's Gift","Mercy's Gift","","","Level 4 :","Finest Hour","Lasting Impression","Level 19 :","Orchestrated Firestorm","","Level 39 :","Reveal the Light","Lore Warp / Awareness","","Cloak","Commander Cloak","Mercy's Gift","Mercy's Gift","Mercy's Gift","","","","","","","","","","","","","","","","","","","","","","","","","","","","","","","","","","","","","","","","","","","","","","","","","","","","","","","","","","","","","","","","","","","","",""
"","Level 5 :","Willpower","Mastery of Time","Level 20 :","Ap +1","Willpower","Level 40 :","Degraded Defence","Blood Augury","","Neck","Daemon Tool / Medal Of Alacrity","Medal Of Alacrity / Chain of Crystals","Medal Of Alacrity / Chain of Crystals","Medal Of Alacrity / Chain of Crystals","","","Level 5 :","Willpower","Mastery of Time","Level 20 :","Ap +1","Willpower","Level 40 :","Firebrand","Veil of Protection","","Neck","Daemon Tool / Medal Of Alacrity","Chain of Crystals","Chain of Crystals","Onslaught Amulet","","","","","","","","","","","","","","","","","","","","","","","","","","","","","","","","","","","","","","","","","","","","","","","","","","","","","","","","","","","","","","","","","","","","",""
"","Level 6 :","Decisive Response","Fellowship","Level 21 :","Improvised Strategy","Willpower","Level 41 :","Willpower","Inspiring speech","","Accessory 1","","Emerald Cherub Ring","Commander's Notes","Commander's Notes","","","Level 6 :","Decisive Response","Fellowship","Level 21 :","Willpower","Personal Involvement","Level 41 :","Willpower","Be Vigilant!","","Accessory 1","","Emerald Cherub Ring","Battle Plan","Commander's Chrono","","","","","","","","","","","","","","","","","","","","","","","","","","","","","","","","","","","","","","","","","","","","","","","","","","","","","","","","","","","","","","","","","","","","",""
"","Level 7 :","Reveal the light","Eye of Oblivion","Level 22 :","Point of Curiosity","","Level 42 :","Held In My Gaze / Show the Path","Willpower","","Accessory 2","","Black Ring of the inquisition","Black Ring of the inquisition","Black Ring of the inquisition","","","Level 7 :","Held in my Gaze","Blood Augury","Level 22 :","Inspire","","Level 42 :","Mend Reality","Fellowship","","Accessory 2","","Black Ring of the inquisition","Black Ring of the inquisition","Black Ring of the inquisition","","","","","","","","","","","","","","","","","","","","","","","","","","","","","","","","","","","","","","","","","","","","","","","","","","","","","","","","","","","","","","","","","","","","",""
"","Level 8 :","Focus! / Personal Oversight","Persuasion","Level 23 :","Lore Warp","Unnatural Allure","Level 43 :","Tonicity","Advanced Skill: Lore Warp","","Gloves","Noble Silk Gloves","Thrice Pioneer's Bracers","Thrice Pioneer's Bracers","Thrice Pioneer's Bracers","","","Level 8 :","Pass Unscathed","Persuasion","Level 23 :","Unwavering Motivation","Persuasion","Level 43 :","Guide of Souls","Grenadier","","Gloves","Noble Silk Gloves","Thrice Pioneer's Bracers","Thrice Pioneer's Bracers","Thrice Pioneer's Bracers","","","","","","","","","","","","","","","","","","","","","","","","","","","","","","","","","","","","","","","","","","","","","","","","","","","","","","","","","","","","","","","","","","","","",""
"","Level 9 :","Finest Hour IV","","Level 24 :","Perception","Veil of Protection","Level 44 :","Persuasion","Eager Subordanates","","Boots","","Soriritas Boots / Adrenaline Warboots","Soriritas Boots / Adrenaline Warboots","Soriritas Boots / Adrenaline Warboots","","","Level 9 :","Finest Hour IV","","Level 24 :","Fellowship","Undam the Sea of Souls","Level 44 :","Persuasion","Extermination","","Boots","","Soriritas Boots","Soriritas Boots","Soriritas Boots","","","","","","","","","","","","","","","","","","","","","","","","","","","","","","","","","","","","","","","","","","","","","","","","","","","","","","","","","","","","","","","","","","","","",""
"","Level 10 :","Lore Warp","Fellowship","Level 25 :","Fire at Will","","Level 45 :","AP +1","","","Weapon Set 1","Staff Orsellio Guardian","Warp Guide Staff","Warp Guide Staff","Astronomican Regalia","","","Level 10 :","Lore Warp / Awareness","Fellowship","Level 25 :","Hidden Advantage","","Level 45 :","AP +1","","","Weapon Set 1","Staff Orsellio Guardian","Warp Guide Staff","Warp Guide Staff","Astronomican Regalia","","","","","","","","","","","","","","","","","","","","","","","","","","","","","","","","","","","","","","","","","","","","","","","","","","","","","","","","","","","","","","","","","","","","",""
"","Level 11 :","Mind over Matter","Perception","Level 26 :","Perception","Lore Warp","Level 46 :","Personal Oversight / Focus!","Persuasion","","","","","","","","","Level 11 :","Focus!","Perception","Level 26 :","Persuasion","Fellowship","Level 46 :","Steel Resolve","Persuasion","","","","","","","","","","","","","","","","","","","","","","","","","","","","","","","","","","","","","","","","","","","","","","","","","","","","","","","","","","","","","","","","","","","","","","","","","","",""
"","Level 12 :","Zone of Fear","Strange Vitality","Level 27 :","Take and Hold IV","","Level 47 :","Steel Resolve","Lore Warp / Awareness","","Weapon Set 2","Staff House Orsellio","Red Crystal Staff","Red Crystal Staff","Benetek's Rest","","","Level 12 :","Air of Authority","Strange Vitality","Level 27 :","Orchestrated Firestorm II","","Level 47 :","Leader's Assault","Lore Warp / Awareness","","Weapon Set 2","Staff House Orsellio","Red Crystal Staff","Red Crystal Staff","Benetek's Rest","","","","","","","","","","","","","","","","","","","","","","","","","","","","","","","","","","","","","","","","","","","","","","","","","","","","","","","","","","","","","","","","","","","","",""
"","Level 13 :","Undam The Sea of Souls","Lore Warp","Level 28 :","Ebb and Flow","Fellowship","Level 48 :","Strategic Offensive","Fellowship","","","","","","","","","Level 13 :","Inspiring Speech","Lore Warp / Awareness","Level 28 :","Against All Odds","","Level 48 :","Comfort in Conformity","Fellowship","","","","","","","","","","","","","","","","","","","","","","","","","","","","","","","","","","","","","","","","","","","","","","","","","","","","","","","","","","","","","","","","","","","","","","","","","","",""
"","Level 14 :","Perception","Pass Unscathed","Level 29 :","Fellowship","Persuasion","Level 49 :","Fellowship","Lore Warp / Awareness","","","","","","","","","Level 14 :","Perception","Eye of Oblivion","Level 29 :","Lore Warp / Awareness","Perception","Level 49 :","Perception","Lore Warp / Awareness","","","","","","","","","","","","","","","","","","","","","","","","","","","","","","","","","","","","","","","","","","","","","","","","","","","","","","","","","","","","","","","","","","","","","","","","","","",""
"","Level 15 :","Finest Hour I","","Level 30 :","Mend Reality","","Level 50 :","Eager for Battle","Be Vigilant!","","","","","","","","","Level 15 :","Finest Hour I","","Level 30 :","Mind Over Matter","Fervour","Level 50 :","Eager Subordanates","Armour of Contempt","","","","","","","","","","","","","","","","","","","","","","","","","","","","","","","","","","","","","","","","","","","","","","","","","","","","","","","","","","","","","","","","","","","","","","","","","","",""
"","","","","Level 31 :","Guide of Souls","Threads and Faults","Level 51 :","Personal Zone","Awareness / Lore Warp","","","","","","","","","","","","Level 31 :","Brink of Death","","Level 51 :","Stand Resolute","Lore Warp / Awareness","","","","","","","","","","","","","","","","","","","","","","","","","","","","","","","","","","","","","","","","","","","","","","","","","","","","","","","","","","","","","","","","","","","","","","","","","","",""
"","","","","Level 32 :","Persuasion","Intelligence","Level 52 :","Stable Routes","Open to the warp","","","","","","","","","","","","Level 32 :","Perception","Lore Warp / Awareness","Level 52 :","Seize the initiative","Stable Routes","","","","","","","","","","","","","","","","","","","","","","","","","","","","","","","","","","","","","","","","","","","","","","","","","","","","","","","","","","","","","","","","","","","","","","","","","","",""
"","","","","Level 33 :","Intelligence","The Course Untravelled","Level 53 :","Warp Curse Unleashed","Perception","","","","","","","","","","","","Level 33 :","In The Hero's Footsteps","","Level 53 :","Immolate the Soul","Perception","","","","","","","","","","","","","","","","","","","","","","","","","","","","","","","","","","","","","","","","","","","","","","","","","","","","","","","","","","","","","","","","","","","","","","","","","","",""
"","","","","Level 34 :","Grenadier","","Level 54 :","Combat Meditation","Unblinking Stare","","","","","","","","","","","","Level 34 :","Willpower","Unnatural Allure","Level 54 :","Eager for battle","Unblinking Stare","","","","","","","","","","","","","","","","","","","","","","","","","","","","","","","","","","","","","","","","","","","","","","","","","","","","","","","","","","","","","","","","","","","","","","","","","","",""
"","","","","Level 35 :","Take and Hold III","","Level 55 :","AP +1","","","","","","","","","","","","","Level 35 :","Orchestrated Firestorm III","","Level 55 :","AP +1","","","","","","","","","","","","","","","","","","","","","","","","","","","","","","","","","","","","","","","","","","","","","","","","","","","","","","","","","","","","","","","","","","","","","","","","","","","",""
"","Pasqal Haneumann - Dominus","","","","","","","","","","Skill Options","","","","","","","Pasqal Haneumann - Motive Force Assassin","","","","","","","","","","Skill Options","","","","","","","","","","","","","","","","","","","","","","","","","","","","","","","","","","","","","","","","","","","","","","","","","","","","","","","","","","","","","","","","","","","","","","","","",""
"","With the operative buffs, plasma buffs and correct use of overcharge protocols this build is now obscenely powerful. MSSP: Machine Spirit Scan Protocols","","","","","","","","","","Tech-Use / Logic / Lore Imperium / Lore Xenos / Medicae / Awareness","","","","","","","With the operative buffs, plasma buffs and correct use of overcharge protocols this build is now obscenely powerful. If only a player could use overcharge protocols for a MC build.","","","","","","","","","","Tech-Use / Logic / Lore Imperium / Lore Xenos / Medicae / Awareness","","","","","","","","","","","","","","","","","","","","","","","","","","","","","","","","","","","","","","","","","","","","","","","","","","","","","","","","","","","","","","","","","","","","","","","","",""
"","Operative","","","Bounty Hunter","","","Exemplar","","","","","","","","","","","Operative","","","Assassin","","","Exemplar","","","","","","","","","","","","","","","","","","","","","","","","","","","","","","","","","","","","","","","","","","","","","","","","","","","","","","","","","","","","","","","","","","","","","","","","","","","","",""
"","Level 1 :","Analyse Enemies","","Level 16 :","Hunt Down The Prey","","Level 36 :","Deathdealer","Fresh Target","","Gear to consider","Act 1","Act 2","Act 3","Act 4","Act 5","","Level 1 :","Analyse Enemies","","Level 16 :","Seek the Opening","","Level 36 :","Malign Influence","Fresh Target","","Gear to consider","Act 1","Act 2","Act 3","Act 4","Act 5","","","","","","","","","","","","","","","","","","","","","","","","","","","","","","","","","","","","","","","","","","","","","","","","","","","","","","","","","","","","","","","","","","","",""
"","Level 2 :","Tech-Use","","Level 17 :","Claim the Bounty","","Level 37 :","Tech-Use ","Share the Spoils","","Helm","Deck Officer's Helmet","Self-Calibrating goggles","Analyst Helmet","Self-Calibrating Helm","","","Level 2 :","Tech-Use","","Level 17 :","Death Whisper","","Level 37 :","Tech-Use / Awareness","Lethal Concentration","","Helm","Deck Officer's Helmet","Self-Calibrating goggles","Analyst Helmet","Self-Calibrating Helm","","","","","","","","","","","","","","","","","","","","","","","","","","","","","","","","","","","","","","","","","","","","","","","","","","","","","","","","","","","","","","","","","","","","",""
"","Level 3 :","Expose Weakness","","Level 18 :","Hunting Surge","","Level 38 :","Ballistic Skill","Lethal Precision","","Armour","War World Flak Chestplate","Adaptive Flak Vest","Adaptive Flak Vest","[Hive world Origin] Voidsmen Armour","","","Level 3 :","Expose Weakness","","Level 18 :","Deadly Calculation","","Level 38 :","Ballistic Skill","Lethal Precision","","Armour","War World Flak Chestplate","Adaptive Flak Vest","Adaptive Flak Vest","Forge World Origin Skiitari Ranger Armour","","","","","","","","","","","","","","","","","","","","","","","","","","","","","","","","","","","","","","","","","","","","","","","","","","","","","","","","","","","","","","","","","","","","",""
"","Level 4 :","Dismantling","Passive learning","Level 19 :","Wild Hunt","","Level 39 :","Joint Analysis","Tech-Use ","","Cloak","Emergency Injector","Zealot Cloak","Xeno Emitter","Xeno Emitter","","","Level 4 :","Dismantling","Passive learning","Level 19 :","Dispatch","","Level 39 :","Precise Attack","Tech-Use / Awareness","","Cloak","Emergency Injector","Zealot Cloak","Xeno Emitter","Xeno Emitter","","","","","","","","","","","","","","","","","","","","","","","","","","","","","","","","","","","","","","","","","","","","","","","","","","","","","","","","","","","","","","","","","","","","",""
"","Level 5 :","Ballistic Skill","Aiming Protocols","Level 20 :","AP +1 - Ballistic Skill","Safety Training / MSSP","Level 40 :","Extermination","Flay the bold","","Neck","Hypnotising Pendant","Tarnished Breacher's Aquila","Sage Necklace","Synpatic Coagulator","","","Level 5 :","Ballistic Skill","Aiming Protocols","Level 20 :","AP +1","Ballistic Skill","Level 40 :","Deathdealer","Bringer of Doom","","Neck","Hypnotising Pendant","Tarnished Breacher's Aquila","Sage Necklace","Synpatic Coagulator","","","","","","","","","","","","","","","","","","","","","","","","","","","","","","","","","","","","","","","","","","","","","","","","","","","","","","","","","","","","","","","","","","","","",""
"","Level 6 :","Uncanny Sight","Intelligence","Level 21 :","Ballistic Skill","Hunter's Ambush","Level 41 :","Ballistic Skill","Continuous Analysis","","Accessory 1","Metronome","Metronome","Metronome","Vid-Capture Relay","","","Level 6 :","Uncanny Sight","Intelligence","Level 21 :","Imminent Demise","Ballistic Skill","Level 41 :","Ballistic Skill","Continuous Analysis","","Accessory 1","Metronome","Metronome","Metronome","Notes On Weaknesses","","","","","","","","","","","","","","","","","","","","","","","","","","","","","","","","","","","","","","","","","","","","","","","","","","","","","","","","","","","","","","","","","","","","",""
"","Level 7 :","Tactical Knowledge","Tech-Use","Level 22 :","Cull the bold","","Level 42 :","Piercing Shot","Intelligence","","Accessory 2","","Shifting Combi-Tool","Long-Range Aim Lens","Long-Range Aim Lens","","","Level 7 :","Tactical Knowledge","Tech-Use","Level 22 :","Tech-Use / Awareness","Killing Edge","Level 42 :","Poised to Strike","Intelligence","","Accessory 2","","Shifting Combi-Tool","Long-Range Aim Lens","Long-Range Aim Lens","","","","","","","","","","","","","","","","","","","","","","","","","","","","","","","","","","","","","","","","","","","","","","","","","","","","","","","","","","","","","","","","","","","","",""
"","Level 8 :","Improved Tactics","External Power Block","Level 23 :","Heightened Concentration","Tech-Use ","Level 43 :","Pierce and Ruin","Calculated Resolve","","Gloves","","Plasmashaper Gloves","Plasmashaper Gloves","Plasmashaper Gloves","","","Level 8 :","Improved Tactics","Overclocking Module","Level 23 :","Lethality Heightens","","Level 43 :","Flawless Lunge","Exposing Communion","","Gloves","","Plasmashaper Gloves","Plasmashaper Gloves","Plasmashaper Gloves","","","","","","","","","","","","","","","","","","","","","","","","","","","","","","","","","","","","","","","","","","","","","","","","","","","","","","","","","","","","","","","","","","","","",""
"","Level 9 :","Dismantling III","Medicae","Level 24 :","Intelligence","Scanner Mechadendrite","Level 44 :","Logic / Lore Xenos","Degraded Defence","","Boots","","Sororitas Boots","Sororitas Boots / Sharpshooter Boots","Sororitas Boots / Sharpshooter Boots","","","Level 9 :","Dismantling III","Medicae","Level 24 :","Perception","Scanner Mechadendrite","Level 44 :","Logic / Lore Xenos","Masterful Precision","","Boots","","Sororitas Boots","Sororitas Boots / Sharpshooter Boots","Sororitas Boots / Sharpshooter Boots","","","","","","","","","","","","","","","","","","","","","","","","","","","","","","","","","","","","","","","","","","","","","","","","","","","","","","","","","","","","","","","","","","","","",""
"","Level 10 :","Logic / Lore Xenos","Perception","Level 25 :","Savour the kill","","Level 45 :","AP +1","","","Weapon Set 1","Omnissian Axe","C-Delphin Pattern Omnissian Axe","C-Delphin Pattern Omnissian Axe","Omnissiah's Providence","","","Level 10 :","Logic / Lore Xenos","Perception","Level 25 :","Create an opening","","Level 45 :","AP +1","","","Weapon Set 1","Omnissian Axe","C-Delphin Pattern Omnissian Axe","C-Delphin Pattern Omnissian Axe","Omnissiah's Providence","","","","","","","","","","","","","","","","","","","","","","","","","","","","","","","","","","","","","","","","","","","","","","","","","","","","","","","","","","","","","","","","","","","","",""
"","Level 11 :","Tide of Excellence","Logic / Lore Xenos","Level 26 :","Tech-Use ","Perception","Level 46 :","Comprehensive Analysis","Logic / Lore Xenos","","","","","","","","","Level 11 :","Tide of Excellence","Logic / Lore Xenos","Level 26 :","Perception","Tech-Use / Awareness","Level 46 :","Comprehensive Analysis","Logic / Lore Xenos","","","","","","","","","","","","","","","","","","","","","","","","","","","","","","","","","","","","","","","","","","","","","","","","","","","","","","","","","","","","","","","","","","","","","","","","","","",""
"","Level 12 :","Perfect Spot","Plasma Bank","Level 27 :","Wild Hunt II","","Level 47 :","Sniper Expertise","Lore Xenos / Logic","","Weapon Set 2","Plasma Gun / Sniper Rifle","The glow of the dead stars","Stella Neutrona","Ragefire Plasma Gun","","","Level 12 :","Perfect Spot","Staggering Jolt","Level 27 :","Dispatch II","","Level 47 :","Insightful Percision","Medicae","","Weapon Set 2","Arc Rifle","Alpha's Arc Rifle","Alpha's Arc Rifle","Arc Rifle Mindstorm / Corpuscarii Oath","","","","","","","","","","","","","","","","","","","","","","","","","","","","","","","","","","","","","","","","","","","","","","","","","","","","","","","","","","","","","","","","","","","","",""
"","Level 13 :","Ballistic Calculations","Perception","Level 28 :","Expert Finesse (party deadly)","","Level 48 :","Pierce the Armour","Intelligence","","","","","","","","","Level 13 :","Ballistic Calculations","Perception","Level 28 :","Pulse Amplifier","Perfect Opening","Level 48 :","An Eye for the unscathed ","Intelligence","","","","","","","","","","","","","","","","","","","","","","","","","","","","","","","","","","","","","","","","","","","","","","","","","","","","","","","","","","","","","","","","","","","","","","","","","","",""
"","Level 14 :","Intelligence","Overcharge Protocols","Level 29 :","Logic / Lore Xenos","Perception","Level 49 :","Perception","Lore Xenos / Logic","","","","","","","","","Level 14 :","Intelligence","Residual Charge","Level 29 :","Intelligence","Logic / Lore Xenos","Level 49 :","Perception","Medicae","","","","","","","","","","","","","","","","","","","","","","","","","","","","","","","","","","","","","","","","","","","","","","","","","","","","","","","","","","","","","","","","","","","","","","","","","","",""
"","Level 15 :","Dismantling II","","Level 30 :","Filtering Protocols","Hot on the trail","Level 50 :","Deadly Aim","Weak Body, Weak Soul","","Optical Insertion","Somatic Insertion","Cortical Insertion","Sinistral Insertion","Dextral Insertion","Musculoskeletal Insertion","","Level 15 :","Dismantling II","","Level 30 :","Danse Macabre","","Level 50 :","Extermination / Degraded Defence","Weak Body, Weak Soul","","Optical Insertion","Somatic Insertion","Cortical Insertion","Sinistral Insertion","Dextral Insertion","Musculoskeletal Insertion","","","","","","","","","","","","","","","","","","","","","","","","","","","","","","","","","","","","","","","","","","","","","","","","","","","","","","","","","","","","","","","","","","","",""
"","","","","Level 31 :","Inspiring Trophy","","Level 51 :","Exposing Communion","Lore Xenos / Logic","","Ballistic Calculator (can kill allies)","Accumulator Node","Cerebral Inverter MK-I","","","Adaptive Servo-Struts MK Operative","Act 2","","","","Level 31 :","Echopulse","Dissary","Level 51 :","Lone Killer","Medicae","","Ballistic Calculator (can kill allies)","Accumulator Node","Cerebral Inverter MK-I","","","Adaptive Servo-Struts MK Operative","Act 2","","","","","","","","","","","","","","","","","","","","","","","","","","","","","","","","","","","","","","","","","","","","","","","","","","","","","","","","","","","","","","","","","","",""
"","","","","Level 32 :","Intelligence","Logic / Lore Xenos","Level 52 :","Sharpshooter","Residual Power","","","Neural System Graft MK-I","","","","Adaptive Servo-Struts MK Operative","Act 3","","","","Level 32 :","Logic / Lore Xenos","","Level 52 :","Sharpshooter","Residual Power","","","Neural System Graft MK-I","","","","Adaptive Servo-Struts MK Operative","Act 3","","","","","","","","","","","","","","","","","","","","","","","","","","","","","","","","","","","","","","","","","","","","","","","","","","","","","","","","","","","","","","","","","","",""
"","","","","Level 33 :","Trail and Shatter","","Level 53 :","Precise Attack","Perception","","Focal Emitter MK Soldier","Regeneration Matrix","Cerebral Inverter MK Hunter","Remote revitaliser mk II","Chymist combat infuser mk hunter","Adaptive Servo-Struts MK Operative","Act 4","","","","Level 33 :","Seize the advantage","Intelligence","Level 53 :","Joint Analysis","Perception","","Focal Emitter MK Soldier","Regeneration Matrix","Cerebral Inverter MK Hunter","Remote revitaliser mk II","Chymist combat infuser mk hunter","Adaptive Servo-Struts MK Operative","Act 4","","","","","","","","","","","","","","","","","","","","","","","","","","","","","","","","","","","","","","","","","","","","","","","","","","","","","","","","","","","","","","","","","","",""
"","","","","Level 34 :","Pinnacle of Weaponry","","Level 54 :","Eager for Battle","Insightful Percision","","","","","","","","Act 5","","","","Level 34 :","Liturgy of Insulation","","Level 54 :","Vital Points","Sniper Expertise","","","","","","","","Act 5","","","","","","","","","","","","","","","","","","","","","","","","","","","","","","","","","","","","","","","","","","","","","","","","","","","","","","","","","","","","","","","","","","",""
"","","","","Level 35 :","Wild Hunt III","","Level 55 :","AP +1","","","","","","","","","","","","","Level 35 :","Dispatch I","","Level 55 :","AP +1","","","","","","","","","","","","","","","","","","","","","","","","","","","","","","","","","","","","","","","","","","","","","","","","","","","","","","","","","","","","","","","","","","","","","","","","","","","",""
"","Heinrix van Calox - Inquisition Interrogator","","","","","","","","","","Skill Options","","","","","","","Heinrix Inquisition Assassin","","","","","","","","","","Skill Options","","","","","","","Heinrix the Channeller of the Golden Throne","","","","","","","","","","Skill Options","","","","","","","Heinrix van Calox - Hammer of the Inquisition","","","","","","","","","","Skill Options","","","","","","","Heinrix the Psi-Assassin","","","","","","","","","","Skill Options","","","","","","","Heinrix van Calox - Force Sword Duellist","","","","","","","","","","Skill Options","","","","",""
"","Respec heavy armour to power armour when available in act 3/4 - less buff intensive than the previous heinrix to benefit from the change of augments, swap to fire storm with power armour","","","","","","","","","","Athletics / Carouse / Medicae / Demolitions / Lore Xenos","","","","","","","Non Pyromancy, Non Sword of Faith Assassin Build","","","","","","","","","","Athletics / Carouse / Medicae / Demolitions / Lore Xenos","","","","","","","More Buffer focused Heinrix - You can change tier 3 to pick up Divination to then get prescience and drop the pyromancy talents if you want to focus even more on buffing","","","","","","","","","","Athletics / Carouse / Medicae / Demolitions / Lore Xenos","","","","","","","Basic 2h Henrix Arch-Militant build for frontline play","","","","","","","","","","Athletics / Carouse","","","","","","","Sword of Faith Build - Have fun with Shimmering Emulsion - Unironically buffed by degraded defence nerf","","","","","","","","","","Athletics / Carouse / Medicae / Demolitions / Lore Xenos","","","","","","","For those that really just want to stack raw damage onto force swords whilst playing arch-militant & not worry about how psy powers work","","","","","","","","","","Athletics / Carouse","","","","",""
"","Warrior","","","Executioner","","","Exemplar","","","","","","","","","","","Warrior","","","Assassin","","","Exemplar","","","","","","","","","","","Warrior","","","Overseer","","","Exemplar","","","","","","","","","","","Warrior","","","Arch-Militant","","","Exemplar","","","","","","","","","","","Warrior","","","Assassin","","","Exemplar","","","","","","","","","","","Warrior","","","Arch-Militant","","","Exemplar","","","","","","","","",""
"","Level 1 :","Charge","","Level 16 :","Forced Repentance","Scourging Strike + Where it hurts","Level 36 :","Peak Condition","Easy Target","","Gear to consider","Act 1","Act 2","Act 3","Act 4","Act 5","","Level 1 :","Charge","","Level 16 :","Seek the Opening","","Level 36 :","Malign Influence","Ramming Speed","","Gear to consider","Act 1","Act 2","Act 3","Act 4","Act 5","","Level 1 :","Charge","","Level 16 :","Psyber-Raven Proficiency","","Level 36 :","Peak Condition","Easy Target","","Gear to consider","Act 1","Act 2","Act 3","Act 4","Act 5","","Level 1 :","Charge","","Level 16 :","Versitility","","Level 36 :","Peak Condition","Easy Target","","Gear to consider","Act 1","Act 2","Act 3","Act 4","Act 5","","Level 1 :","Charge","","Level 16 :","Seek the Opening","","Level 36 :","Malign Influence","Crowd Kill","","Gear to consider","Act 1","Act 2","Act 3","Act 4","Act 5","","Level 1 :","Charge","","Level 16 :","Versitility","","Level 36 :","Peak Condition","Easy Target","","Gear to consider","Act 1","Act 2","Act 3","Act 4","Act 5"
"","Level 2 :","Coercion","","Level 17 :","Orchestrate Flame","","Level 37 :","Medicae","Fragile Playthings","","Helm","Tactical Goggles","Mechanicus Respirator","Mechanicus Respirator","Eyes of Joyeuse","","","Level 2 :","Coercion","","Level 17 :","Danse Macabre","","Level 37 :","Athletics","Lethal Concentration","","Helm","Tactical Goggles","Self-Calibrating Goggles","Self-Calibrating Goggles","Self-Calibrating Goggles","","","Level 2 :","Coercion","","Level 17 :","Warp Speed","","Level 37 :","Athletics","Edge of Dawn","","Helm","Tactical Goggles","Thassertium Mask","Thassertium Mask","Eyes of Joyeuse","","","Level 2 :","Coercion","","Level 17 :","Reckless Rush","","Level 37 :","Athletics","Contempt for the weak","","Helm","","Thassertium Mask","Thassertium Mask","Eyes of Joyeuse","","","Level 2 :","Coercion","","Level 17 :","Danse Macabre","","Level 37 :","Athletics / Lore Xenos","Lethal Concentration","","Helm","Tactical Goggles","Self-Calibrating Goggles","Self-Calibrating Goggles","Self-Calibrating Goggles","","","Level 2 :","Coercion","","Level 17 :","Reckless Rush","","Level 37 :","Athletics","Martial Art","","Helm","","Thassertium Mask","Thassertium Mask","Eyes of Joyeuse",""
"","Level 3 :","Endure","","Level 18 :","Anatomy Expert","","Level 38 :","Weapon Skill","Base Skill: Medicae","","Armour","Casing Chestplate","Zarkovian Soldier's Armour","Zarkovian Soldier's Armour","Adherent of Mankind","","","Level 3 :","Endure","","Level 18 :","Deadly Calculation","","Level 38 :","Weapon Skill","Edge of Dawn","","Armour","Casing Chestplate","Death World Origin Enforcer's Light carapace","Death World Origin Enforcer's Light carapace","High Spinner Armour","","","Level 3 :","Endure","","Level 18 :","Destined","","Level 38 :","Weapon Skill","Deterioration","","Armour","Casing Chestplate","Psyker's Breastplate","Psyker's Breastplate","Psyker's Breastplate","","","Level 3 :","Endure","","Level 18 :","Always Ready","","Level 38 :","Weapon Skill","Lethal Precision","","Armour","Ceramite Storm Trooper","Fortress World Tempestus Carapace","Adherent of Mankind","Sanguine Judgement","","","Level 3 :","Endure","","Level 18 :","Deadly Calculation","","Level 38 :","Weapon Skill","Edge of Dawn","","Armour","Casing Chestplate","Death World Origin Enforcer's Light carapace","Death World Origin Enforcer's Light carapace","High Spinner Armour","","","Level 3 :","Endure","","Level 18 :","Always Ready","","Level 38 :","Weapon Skill","Lethal Precision","","Armour","Ceramite Storm Trooper","Fortress World Tempestus Carapace","Adherent of Mankind","Sanguine Judgement / Adherent of Mankind",""
"","Level 4 :","Daring Breach","Rigorous Training","Level 19 :","Carnival of Misery","","Level 39 :","Hammer of the Emperor / Warp Speed","Medicae","","Cloak","Rogue Trader's Cloak","Swashbuckler Cloak / Pack of Reagents","Swashbuckler Cloak / Pack of Reagents","Swashbuckler Cloak / Pack of Reagents","","","Level 4 :","Daring Breach","Rigorous Training","Level 19 :","Dispatch","","Level 39 :","Reckless Strike","Athletics","","Cloak","Rogue Trader's Cloak","Swashbuckler Cloak","Swashbuckler Cloak","Swashbuckler Cloak","","","Level 4 :","Daring Breach","Rigorous Training","Level 19 :","Overcharge","","Level 39 :","Pyromancy","Athletics","","Cloak","Rogue Trader's Cloak","Malpian Shroud","Malpian Shroud","Singed Cloak","","","Level 4 :","Daring Breach","Rigorous Training","Level 19 :","Steady Superiority","","Level 39 :","Shield of the Emperor","Athletics","","Cloak","Xenopelt Cloak","Malpian Shroud","Malpian Shroud","Malpian Shroud","","","Level 4 :","Daring Breach","Rigorous Training","Level 19 :","Dispatch","","Level 39 :","Pyromancy","Athletics / Lore Xenos","","Cloak","Rogue Trader's Cloak","Swashbuckler Cloak","Swashbuckler Cloak","Swashbuckler Cloak","","","Level 4 :","Daring Breach","Rigorous Training","Level 19 :","Steady Superiority","","Level 39 :","Sworn Enemy","Athletics","","Cloak","Xenopelt Cloak","Malpian Shroud","Malpian Shroud","Malpian Shroud / Swashbuckler's Cloak",""
"","Level 5 :","Desolation","Weapon Skill","Level 20 :","AP +1","Weapon Skill","Level 40 :","Destroyer","Racking Weakness","","Neck","","Daemon Tool / Anatomist's Amulet","Daemon Tool / Anatomist's Amulet","Starmist Scarf / Daemon Tool / Psy Focus","","","Level 5 :","Thick Skin","Weapon Skill","Level 20 :","AP +1","Weapon Skill","Level 40 :","Lethal Threat","Outsmart","","Neck","","Psy Focus","Psy Focus","Psy Focus","","","Level 5 :","Thick Skin","Weapon Skill","Level 20 :","Ap +1","Weapon Skill","Level 40 :","Destroyer","Blazing Inferno","","Neck","","Invigorating Resolve","Invigorating Resolve","Starmist Scarf ","","","Level 5 :","Ramming Speed","Weapon Skill","Level 20 :","AP +1","Weapon Skill","Level 40 :","Destroyer","Exploit Weakness","","Neck","Grace of the Oblivious","Invigorating Resolve","Invigorating Resolve","Invigorating Resolve","","","Level 5 :","Thick Skin","Weapon Skill","Level 20 :","AP +1","Weapon Skill","Level 40 :","Lethal Threat","Backdraft","","Neck","","Psy Focus","Psy Focus","Psy Focus","","","Level 5 :","Ramming Speed","Weapon Skill","Level 20 :","AP +1","Weapon Skill","Level 40 :","Destroyer","Contempt for the Weak","","Neck","Grace of the Oblivious","Invigorating Resolve","Invigorating Resolve","Invigorating Resolve / Starmist Scarf",""
"","Level 6 :","Break Through","Medicae","Level 21 :","Weapon Skill","Biophysical Distortion","Level 41 :","Weapon Skill","Hymns of Hatred","","Accessory 1","","Spirit Drape","Spirit Drape","Spirit Drape / Hand of Offence","","","Level 6 :","Break through","Medicae","Level 21 :","Lethality Heightens","Weapon Skill","Level 41 :","Weapon Skill","Impetus","","Accessory 1","","Spirit Drape","Hand of Offence","Notes On Weaknesses","","","Level 6 :","Enfeeble","Medicae","Level 21 :","Psy-Resonator","Weapon Skill","Level 41 :","Weapon Skill","Desolation","","Accessory 1","","Spirit Drape","Spirit Drape","Spirit Drape","","","Level 6 :","Enfeeble","Medicae","Level 21 :","Dependable","Weapon Skill","Level 41 :","Weapon Skill","Desolation","","Accessory 1","First Aid Manual","Warp Surge Brooch","Warp Surge Brooch","Warp Surge Brooch","","","Level 6 :","Break through","Medicae","Level 21 :","Morbid Pirouette","Weapon Skill","Level 41 :","Weapon Skill","Easy Target","","Accessory 1","","Spirit Drape","Hand of Offence","Notes On Weaknesses","","","Level 6 :","Break Through","Medicae","Level 21 :","Allout","Weapon Skill","Level 41 :","Weapon Skill","Open Engagement","","Accessory 1","First Aid Manual","Warp Surge Brooch","Warp Surge Brooch","Warp Surge Brooch / Grimoire of the Void",""
"","Level 7 :","Weapon Skill","Psyker Minoris","Level 22 :","Inflame / Firestorm","","Level 42 :","Enfeeble / Shield of the Emperor","Agility","","Accessory 2","","Warp Surge Brooch / Diagnoster","Warp Surge Brooch","Warp Surge Brooch","","","Level 7 :","Weapon Skill","Psyker Minoris","Level 22 :","Athletics","Killing Edge","Level 42 :","Warp Speed","Agility","","Accessory 2","","Warp Surge Brooch","Warp Surge Brooch","Warp Surge Brooch","","","Level 7 :","Weapon Skill","Psyker Minoris","Level 22 :","Hammer of the Emperor","Athletics","Level 42 :","Orchestrate Flames","Toughness","","Accessory 2","","Warp Surge Brooch","Warp Surge Brooch / Hand Of Offence","Warp Surge Brooch / Hand Of Offence","","","Level 7 :","Weapon Skill","Psyker Minoris","Level 22 :","Wildfire","Destined","Level 42 :","Devastating Attack","Toughness","","Accessory 2","","Spirit Drape","Spirit Drape","Spirit Drape","","","Level 7 :","Weapon Skill","Psyker Minoris","Level 22 :","Athletics / Lore Xenos","Killing Edge","Level 42 :","Sword of Faith","Agility","","Accessory 2","","Warp Surge Brooch","Warp Surge Brooch","Warp Surge Brooch","","","Level 7 :","Weapon Skill","Psyker Minoris","Level 22 :","Wildfire","Destined","Level 42 :","Devastating Attack","Agility","","Accessory 2","","Combat Manipulator","Hand of Offence","Hand of Offence",""
"","Level 8 :","Medicae","Shearing Strikes","Level 23 :","Sower of Distress / Perfect Anatomy","Medicae","Level 43 :","Psyker Extremis","Advanced Skill: Medicae","","Gloves","Avenger Gauntlets","Augmented Gloves","Augmented Gloves","Augmented Gloves","","","Level 8 :","Athletics","Shearing Strikes","Level 23 :","Morbid Piroette","","Level 43 :","Lone Killer","Deterioration","","Gloves","Avenger Gauntlets","Augmented Gloves","Augmented Gloves","Riposte Gauntlets","","","Level 8 :","Athletics","Ramming Speed","Level 23 :","Rite of Calibration","","Level 43 :","Relentless Blaze","Body Of Flames","","Gloves","Avenger Gauntlets","Augmented Gloves","Augmented Gloves","Augmented Gloves","","","Level 8 :","Athletics","Impetus","Level 23 :","Athletics","Allout","Level 43 :","Breaking Attack","Residual Power","","Gloves","","Augmented Gloves","Augmented Gloves","Augmented Gloves","","","Level 8 :","Athletics / Lore Xenos","Shearing Strikes","Level 23 :","Lethality Heightens","","Level 43 :","Melting Armour","Burning Blood","","Gloves","Avenger Gauntlets","Augmented Gloves","Augmented Gloves","Riposte Gauntlets","","","Level 8 :","Athletics","Shearing Strikes","Level 23 :","Athletics","Flashfire","Level 43 :","Breaking Attack","Calculated Resolve","","Gloves","","Augmented Gloves","Augmented Gloves","Augmented Gloves",""
"","Level 9 :","Daring breach II","","Level 24 :","Agility","Characteristic Training: Per","Level 44 :","Athletics / Lore Xenos","Degraded Defence","","Boots","","Inertia Boots","Inertia Boots","Inertia Boots","","","Level 9 :","Daring breach II","","Level 24 :","Agility","Psyker Terminus","Level 44 :","Lore Xenos","Peak Condition","","Boots","","Inertia Boots","Inertia Boots","Inertia Boots","","","Level 9 :","Daring breach II","","Level 24 :","Toughness","Psyker Terminus","Level 44 :","Carouse / Lore Xenos","Degraded Defence","","Boots","Pneumo Boots","Pneumo Boots","Pneumo Boots","Void Veteran Boots","","","Level 9 :","Daring Breach II","","Level 24 :","Toughness","Psyker Terminus","Level 44 :","Carouse","Degraded Defence","","Boots","Pneumo Boots","Pneumo Boots","Pneumo Boots","Void Veteran Boots","","","Level 9 :","Daring breach II","","Level 24 :","Agility","Psyker Terminus","Level 44 :","Awareness","Peak Condition","","Boots","","Inertia Boots","Inertia Boots","Inertia Boots","","","Level 9 :","Daring Breach II","","Level 24 :","Toughness","Psyker Terminus","Level 44 :","Lore Xenos","Degraded Defence","","Boots","Pneumo Boots","Inertia Boots / Pneumo Boots","Inertia Boots / Pneumo Boots","Inertia Boots / Void Veteran Boots",""
"","Level 10 :","Open Engagement","Strength","Level 25 :","Sparks of the Greater Flame","","Level 45 :","AP +1","","","Weapon Set 1","Soulsiphon","Cursebringer","Cursebringer","Incinerator","","","Level 10 :","Desolation","Agility","Level 25 :","Perfect Opening","","Level 45 :","AP +1","","","Weapon Set 1","Soulsiphon","Ancient Force Sword","","Awakened Nightmare / Immaterium's Channeller","","","Level 10 :","Impetus","Strength","Level 25 :","Castigating Echoes","","Level 45 :","AP +1","","","Weapon Set 1","Veilrender","Veilrender / Ancient Force Sword","The Distortion","Sacrifice","","","Level 10 :","Open Engagement","Strength","Level 25 :","Flashfire","","Level 45 :","AP +1","","","Weapon Set 1","Retobi-Pattern Greatsword","[LD Pattern] Industrial Hammer","[LD Pattern] Industrial Hammer","Righteous Justice","","","Level 10 :","Desolation","Agility","Level 25 :","Imminent Demise","","Level 45 :","AP +1","","","Weapon Set 1","Soulsiphon","Ancient Force Sword","","Awakened Nightmare / Immaterium's Channeller","","","Level 10 :","Desolation","Strength","Level 25 :","Blade of Light","","Level 45 :","AP +1","","","Weapon Set 1","Soulsiphon","Ancient Force Sword","","Awakened Nightmare / Immaterium's Channeller",""
"","Level 11 :","Pyromancy","Heavy Armour Prof / PA","Level 26 :","Agility","Medicae","Level 46 :","Edge of Dawn","Athletics / Lore Xenos","","","Veilrender","Veilrender","Veilrender","Cursebringer","","","Level 11 :","Enfeeble","Blade of Light","Level 26 :","Agility","Athletics","Level 46 :","Easy Target","Lore Xenos","","","Veilrender","Veilrender","Veilrender","Veilrender / Sacrifice","","","Level 11 :","Shield of the Emperor","Heavy Armour Proficiency","Level 26 :","Toughness","Athletics","Level 46 :","Crowd Kill","Carouse / Lore Xenos","","","Reflective Shield","Radiant Shield","Heavy Shield / Flames of Retribution","Advanced Shield / Flames of Retribution","","","Level 11 :","Reckless Strike","Heavy Armour Prof / PA","Level 26 :","Athletics","Toughness","Level 46 :","Edge of Dawn","Carouse","","","","","","","","","Level 11 :","Shield of the Emperor","Blade of Light","Level 26 :","Agility","Athletics / Lore Xenos","Level 46 :","Blade Flurry","Awareness","","","Veilrender","Veilrender","Veilrender","Veilrender / Sacrifice","","","Level 11 :","Reckless Strike","Heavy Armour Prof / PA","Level 26 :","Athletics","Toughness","Level 46 :","Hymns of Hatred","Lore Xenos","","","Veilrender","Veilrender","Veilrender","Veilrender / Sacrifice",""
"","Level 12 :","Agility","Athletics / Lore Xenos","Level 27 :","Carnival of Misery III","","Level 47 :","Crowd Kill / Impetus","Athletics / Lore Xenos","","Weapon Set 2","Psyker Staff / Charged Staff","Charged Staff","Charged Staff","Solar Staff","","","Level 12 :","Agility","Athletics","Level 27 :","Dispatch II","","Level 47 :","Blade Flurry","Lore Xenos","","Weapon Set 2","Psyker Staff / Charged Staff","Emergency Cutter","Emergency Cutter","Well-Maintained Rocksaw","","","Level 12 :","Toughness","Athletics","Level 27 :","Overcharge II","","Level 47 :","Fire Within","Carouse / Lore Xenos","","Weapon Set 2","Biomancer Staff","Sanctified Staff","Bloodrinker's Staff / Sanctified Staff","Bloodrinker's Staff / Sanctified Staff","","","Level 12 :","Toughness","Carouse","Level 27 :","Steady Superiority IV","","Level 47 :","Hymns of Hatred","Medicae","","Weapon Set 2","Biomancer Staff","Sanctified Staff","Sanctified Staff","Sanctified Staff","","","Level 12 :","Agility","Athletics / Lore Xenos","Level 27 :","Dispatch II","","Level 47 :","Impetus","Awareness","","Weapon Set 2","Psyker Staff / Charged Staff","Emergency Cutter","Emergency Cutter","Well-Maintained Rocksaw","","","Level 12 :","Toughness","Athletics","Level 27 :","Steady Superiority IV","","Level 47 :","Crowd Kill","Lore Xenos","","Weapon Set 2","Biomancer Staff","Imperial Staff","Imperial Staff","Staff of the Righteous Pyre",""
"","Level 13 :","Body of Flames","Athletics / Lore Xenos","Level 28 :","Master of Torture","","Level 48 :","Relentless Blaze","Agility","","Alternative items","","Invigorating Resolve + Malpian Shroud + rocksaw","Adherent of Mankind + Hand Of Offence","Invigorating Resolve + Malpian Shroud + rocksaw","","","Level 13 :","Open Engagement","Lore Xenos","Level 28 :","Hymns of Hatred","Killing Spree","Level 48 :","Esquive","Agility","","","","","","","","","Level 13 :","Open Engagement","Carouse / Lore Xenos","Level 28 :","Warp Buffer","Shield Mastery","Level 48 :","Hymns of Hatred","Toughness","","","","","","","","","Level 13 :","Crowd Kill","Medicae","Level 28 :","Carouse","Adaptability","Level 48 :","Preferred Targets","Toughness","","","","","","","","","Level 13 :","Open Engagement","Coercion","Level 28 :","Hymns of Hatred","Killing Spree","Level 48 :","Lone Killer","Agility","","","","","","","","","Level 13 :","Impetus","Lore Xenos","Level 28 :","Lore Xenos","Adaptability","Level 48 :","Exploit Weakness","Agility","","","","","","",""
"","Level 14 :","Agility","Psyker Majoris","Level 29 :","Willpower / Perception","Athletics / Lore Xenos","Level 49 :","Perception / Willpower","Athletics / Lore Xenos","","","","","","","","","Level 14 :","Toughness","Psyker Majoris","Level 29 :","Perception","Lore Xenos","Level 49 :","Perception","Awareness","","","","","","","","","Level 14 :","Toughness","Psyker Majoris","Level 29 :","Perception","Carouse / Lore Xenos","Level 49 :","Willpower","Medicae","","Pet Protocol","","Synergy","Warp Conductive Frame","Warp Conductive Frame","","","Level 14 :","Toughness","Psyker Majoris","Level 29 :","Strength","Characteristic Training: Per","Level 49 :","Strength","Medicae","","","","","","","","","Level 14 :","Toughness","Psyker Majoris","Level 29 :","Perception","Awareness","Level 49 :","Perception","Awareness","","","","","","","","","Level 14 :","Toughness","Psyker Majoris","Level 29 :","Agility","Characteristic Training: Per","Level 49 :","Perception","Medicae","","","","","","",""
"","Level 15 :","Daring Breach IV","","Level 30 :","Shield of The Emperor / Enfeeble","Psyker Terminus","Level 50 :","Extermination","Psalms of Heroes","","Optical Insertion","Somatic Insertion","Cortical Insertion","Sinistral Insertion","Dextral Insertion","Musculoskeletal Insertion","","Level 15 :","Daring Breach IV","","Level 30 :","Death Whisper","","Level 50 :","Destroyer","Crowd Kill","","Optical Insertion","Somatic Insertion","Cortical Insertion","Sinistral Insertion","Dextral Insertion","Musculoskeletal Insertion","","Level 15 :","Daring Breach IV","","Level 30 :","Strategic Adaptation","","Level 50 :","Combat Meditation","Backdraft","","","","","","","","","Level 15 :","Daring Breach IV","","Level 30 :","Warp Speed","","Level 50 :","Extermination","Psalm of Heroes","","Optical Insertion","Somatic Insertion","Cortical Insertion","Sinistral Insertion","Dextral Insertion","Musculoskeletal Insertion","","Level 15 :","Daring Breach IV","","Level 30 :","Hammer of the Emperor","","Level 50 :","Destroyer","Fire Within","","Optical Insertion","Somatic Insertion","Cortical Insertion","Sinistral Insertion","Dextral Insertion","Musculoskeletal Insertion","","Level 15 :","Daring Breach IV","","Level 30 :","Kick","","Level 50 :","Extermination","Psalm of Heroes","","Optical Insertion","Somatic Insertion","Cortical Insertion","Sinistral Insertion","Dextral Insertion","Musculoskeletal Insertion"
"","","","","Level 31 :","Blade of light","","Level 51 :","Melting Armour","Athletics / Lore Xenos","","Focal Emitter MKI","","","","Relic Augment","","Act 2","","","","Level 31 :","Psalms of Heroes","Dissaray","Level 51 :","An Eye for the Unscathed","Medicae","","Focal Emitter MKI","","","","","","Act 2","","","","Level 31 :","Enhanced Augmentics","Warp Saturation","Level 51 :","Pslams of Heroes","Medicae","","Optical Insertion","Somatic Insertion","Cortical Insertion","Sinistral Insertion","Dextral Insertion","Musculoskeletal Insertion","","","","","Level 31 :","Critical Versatility","","Level 51 :","Distract","Medicae","","Focal Emitter MKI","Galvanic Carapace","","","","","","","","","Level 31 :","Psalms of Heroes","Dissaray","Level 51 :","An Eye for the Unscathed ","Medicae","","Focal Emitter MKI","","","","","","","","","","Level 31 :","Critical Versatility","","Level 51 :","Accustomed to Glory","Medicae","","Focal Emitter MKI","","","","",""
"","","","","Level 32 :","Perception","Athletics / Lore Xenos","Level 52 :","Deterioration","Residual Power","","Focal Emitter MKI","","","Pneumatic Assault Grapple MK 'Warrior'","Chymist Combat Infuser","Phase Oscillator MK-I","Act 3","","","","Level 32 :","Lore Xenos","","Level 52 :","Bringer of Doom","Eternal Glory","","Focal Emitter MKI","","","Pneumatic Assault Grapple MK 'Warrior'","","Phase Oscillator MK-I","Act 3","","","","Level 32 :","Perception","Carouse / Lore Xenos","Level 52 :","Melting Armour","Corpus Conversion","","Focal Emitter MKI","","","","","","","","","","Level 32 :","Perception","Carouse","Level 52 :","Sanctified Slayer","Motive-Force Overload","","Focal Emitter MKI","Galvanic Carapace","","Pneumatic Assault Grapple MKI","","Phase Oscillator MK-I","","","","","Level 32 :","Awareness","","Level 52 :","Eternal Glory","Corpus Conversion","","Focal Emitter MKI","","","Pneumatic Assault Grapple MK 'Warrior'","","Phase Oscillator MK-I","","","","","Level 32 :","Perception","Lore Xenos","Level 52 :","Preferred Targets","Residual Power","","Focal Emitter MKI","","Psy Capacitor","Pneumatic Assault Grapple MKI","",""
"","","","","Level 33 :","All-Encomposing Agony","","Level 53 :","Warp Speed / Hammer of the Emperor","Perception / Willpower","","Focal Emitter MK-II","Galvanic Carapace","","Pneumatic Assault Grapple MK 'Warrior'","Chymist Combat Infuser","Phase Oscillator MK-I","Act 4","","","","Level 33 :","Seize the Advantage","Perception","Level 53 :","Taunting Scream","Perception","","Focal Emitter MK-II","Galvanic Carapace","","Pneumatic Assault Grapple MK 'Assassin'","","Phase Oscillator MK-II","Act 4","","","","Level 33 :","Blade of Light","","Level 53 :","Inflame","Willpower","","Focal Emitter MKI","","","","","","","","","","Level 33 :","Edge of Dawn","Perception","Level 53 :","Hammer of the Emperor","Strength","","Focal Emitter MK-II","Galvanic Carapace","","Pneumatic Assault Grapple MKII","","Phase Oscillator MK-I","","","","","Level 33 :","Seize the Advantage","Perception","Level 53 :","Death Whisper","Perception","","Focal Emitter MK-II","Galvanic Carapace","","Pneumatic Assault Grapple MK 'Assassin'","","Phase Oscillator MK-II","","","","","Level 33 :","Edge of Dawn","Perception","Level 53 :","Taunting Scream","Perception","","Focal Emitter MK-II","Galvanic Carapace","Psy Capacitor","Pneumatic Assault Grapple MKII","","Phase Oscillator MK-II"
"","","","","Level 34 :","Perception","Fire Within","Level 54 :","Eager for battle","Eternal Glory","","","","","","","","Act 5","","","","Level 34 :","Psyker Extremis","","Level 54 :","Degraded Defence","Imminent Demise","","","","","","","","Act 5","","","","Level 34 :","Psyker Extremis","","Level 54 :","Extermination","Eternal Glory","","Focal Emitter MK-II","","","","","","","","","","Level 34 :","Perception","Psyker Extremis","Level 54 :","Eagar for battle","Accustomed to Glory","","","","","","","","","","","","Level 34 :","Psyker Extremis","","Level 54 :","Extermination","Perfect Opening","","","","","","","","","","","","Level 34 :","Perception","Psyker Extremis","Level 54 :","Eagar for battle","Focal Point","","","","","","",""
"","","","","Level 35 :","Carnival of Misery IV","","Level 55 :","AP +1","","","","","","","","","","","","","Level 35 :","Dispatch III","","Level 55 :","AP +1","","","","","","","","","","","","","Level 35 :","Overcharge I","","Level 55 :","AP +1","","","","","","","","","","","","","Level 35 :","Steady Superiority II","","Level 55 :","AP +1","","","","","","","","","","","","","Level 35 :","Dispatch III","","Level 55 :","AP +1","","","","","","","","","","","","","Level 35 :","Steady Superiority II","","Level 55 :","AP +1","","","","","","","",""
"","Jae Haydari - Cold Trader Tactician","","","","","","","","","","Skill Options","","","","","","","Jae the Technician","","","","","","","","","","Skill Options","","","","","","","Jae Haydari - Grand Pirate Queen","","","","","","","","","","Skill Options","","","","","","","","","","","","","","","","","","","","","","","","","","","","","","","","","","","","","","","","","","","","","","","","","","","","","","","",""
"","This version of Jae is designed to be a skill monkey for the party as well as a combat buffer. If you do not wish to focus skills you can drop the skill advancement talents","","","","","","","","","","All Fellowship / All Intelligence","","","","","","","Aeldari weapons for both overseer and MT are very strong with new Aeldari range talent","","","","","","","","","","All Fellowship / All Intelligence","","","","","","","For when you really dont want GS Cassia or Eogunn in the party","","","","","","","","","","All Fellowship / All Intelligence","","","","","","","","","","","","","","","","","","","","","","","","","","","","","","","","","","","","","","","","","","","","","","","","","","","","","","","",""
"","Officer","","","Master Tactician","","","Exemplar","","","","","","","","","","","Officer","","","Overseer","","","Exemplar","","","","","","","","","","","Officer","","","Grand Strategist","","","Exemplar","","","","","","","","","","","","","","","","","","","","","","","","","","","","","","","","","","","","","","","","","","","","","","","","","","","","","","","","","","","",""
"","Level 1 :","Voice Of Command","","Level 16 :","Tactical Advantage","Press The Advantage","Level 36 :","Firebrand","Decisive Response","","Gear to consider","Act 1","Act 2","Act 3","Act 4","Act 5","","Level 1 :","Voice Of Command","","Level 16 :","Servo-Skull Swarm","","Level 36 :","Firebrand","Decisive Response","","Gear to consider","Act 1","Act 2","Act 3","Act 4","Act 5","","Level 1 :","Voice Of Command","","Level 16 :","Combat Tactics","","Level 36 :","Firebrand","Decisive Response","","Gear to consider","Act 1","Act 2","Act 3","Act 4","Act 5","","","","","","","","","","","","","","","","","","","","","","","","","","","","","","","","","","","","","","","","","","","","","","","","","","",""
"","Level 2 :","Commerce","","Level 17 :","Linchpin","","Level 37 :","Lore Xenos","Dawn of Victory","","Helm","","Helm of Determination / Periheral Visor","Commissar Cap / Periheral Visor / Unsleeping Eye","Commissar Cap / Periheral Visor / Unsleeping Eye","","","Level 2 :","Commerce","","Level 17 :","Medicae Signal","","Level 37 :","Logic","Brother-In-Arms","","Helm","","Helm of Determination","Commissar Cap","Commissar Cap","","","Level 2 :","Commerce","","Level 17 :","Combat Locus Stratagem","","Level 37 :","Persuasion","Sniping Zone","","Helm","","Helm of Determination","Commissar Cap","Commissar Cap","","","","","","","","","","","","","","","","","","","","","","","","","","","","","","","","","","","","","","","","","","","","","","","","","","","",""
"","Level 3 :","Bring it Down !","","Level 18 :","Reliance","","Level 38 :","Ballistic Skill","Residual Charge","","Armour","","Breacher Armour","Breacher Armour","Ceramite Xenochestplate / Warrior Armour","","","Level 3 :","Bring it Down !","","Level 18 :","Symbiosis","","Level 38 :","Ballistic Skill","Base Skill: Lore Xenos","","Armour","","Breacher Armour","Breacher Armour","Warrior Armour","","","Level 3 :","Bring it Down !","","Level 18 :","Improvised Strategy","","Level 38 :","Ballistic Skill","Ready to Serve","","Armour","","Breacher Armour","Breacher Armour","Warrior Armour","","","","","","","","","","","","","","","","","","","","","","","","","","","","","","","","","","","","","","","","","","","","","","","","","","","",""
"","Level 4 :","Finest Hour","Commanding Voice","Level 19 :","Orchestrated Firestorm","","Level 39 :","Air Of Authority","Lore Xenos","","Cloak","","Tactical Backpack","Tactical Backpack","Tempestus elite carapace backpack / Von Valacius Cloak","","","Level 4 :","Finest Hour","Commanding Voice","Level 19 :","Overcharge","","Level 39 :","Air of Authority","Logic","","Cloak","","Tactical Backpack / Rogue Trader cloak's","Tactical Backpack / Rogue Trader cloak's","Tempestus elite carapace backpack","","","Level 4 :","Finest Hour","Commanding Voice","Level 19 :","Take and Hold","","Level 39 :","Air Of Authority","Persuasion","","Cloak","","Tactical Backpack / Rogue Trader cloak's","Tactical Backpack","Tempestus elite carapace backpack","","","","","","","","","","","","","","","","","","","","","","","","","","","","","","","","","","","","","","","","","","","","","","","","","","","",""
"","Level 5 :","Fellowship","Nimble","Level 20 :","Ap +1","Ballistic Skill","Level 40 :","Masterful Display","Stacking the Deck","","Neck","","Chartist Pendant","Trajectory Optimiser","Onslaught Amulet","","","Level 5 :","Fellowship","Nimble","Level 20 :","AP +1","Ballistic Skill","Level 40 :","Eager Subordinates","Energy Multiplier","","Neck","","","Trajectory Optimiser","Onslaught Amulet","","","Level 5 :","Fellowship","Nimble","Level 20 :","Ap +1","Ballistic Skill","Level 40 :","Eager Subordinates","Personal Zone","","Neck","","","Trajectory Optimiser","Onslaught Amulet","","","","","","","","","","","","","","","","","","","","","","","","","","","","","","","","","","","","","","","","","","","","","","","","","","","",""
"","Level 6 :","Lasting Impression","Fellowship","Level 21 :","Ballistic Skill","Joint Offensive","Level 41 :","Ballistic Skill","Focus!","","Accessory 1","","Pair Holster","Pair Holster","Commander's Chrono / Saint Cognacius Scriptures","","","Level 6 :","Lasting Impression","Fellowship","Level 21 :","Emergency Stimulation","Ballistic Skill","Level 41 :","Ballistic Skill","Inspiring Speech","","Accessory 1","","Pair Holster","Pair Holster","Pair Holster","","","Level 6 :","Lasting Impression","Fellowship","Level 21 :","Blurred Locus","Ballistic Skill","Level 41 :","Ballistic Skill","Focus!","","Accessory 1","","Pair Holster","Pair Holster","Pair Holster / Commander's Notes","","","","","","","","","","","","","","","","","","","","","","","","","","","","","","","","","","","","","","","","","","","","","","","","","","","",""
"","Level 7 :","Move, Move, Move","Swift Movements","Level 22 :","Inspire","","Level 42 :","Finish the job","Fellowship","","Accessory 2","","Saint Cognacius Scriptures","Saint Cognacius Scriptures","Long Range Aim Lens / Saint Cognacius Scriptures","","","Level 7 :","Move, Move, Move","Swift Movements","Level 22 :","Priority Signal","Lore Imperium","Level 42 :","Provocation Signal","Fellowship","","Accessory 2","","Saint Cognacius Scriptures","Saint Cognacius Scriptures","Commander's Chrono","","","Level 7 :","Move, Move, Move","Swift Movements","Level 22 :","Blitz Stratagem","","Level 42 :","Killzone Strategem","Fellowship","","Accessory 2","","Saint Cognacius Scriptures","Saint Cognacius Scriptures","Saint Cognacius Scriptures","","","","","","","","","","","","","","","","","","","","","","","","","","","","","","","","","","","","","","","","","","","","","","","","","","","",""
"","Level 8 :","March","Commerce","Level 23 :","Unwavering Motivation","Lore Imperium","Level 43 :","Undisputed Advantage","Calculated Resolve","","Gloves","","Deflection Gloves","Gloves of Rapid Desolation","Abyss Spinner Gloves / Gloves of Rapid Desolation","","","Level 8 :","March","Commerce","Level 23 :","Safe Shelter","","Level 43 :","Enhanced Augmetics","Advanced Skill: Logic","","Gloves","","Deflection Gloves","Gloves of Rapid Desolation","Abyss Spinner Gloves","","","Level 8 :","March","Commerce","Level 23 :","Persuasion","Fire at Will","Level 43 :","Inescapable Zone","Residual Power","","Gloves","","Deflection Gloves","Gloves of Rapid Desolation","Abyss Spinner Gloves","","","","","","","","","","","","","","","","","","","","","","","","","","","","","","","","","","","","","","","","","","","","","","","","","","","",""
"","Level 9 :","Finest Hour I","","Level 24 :","Fellowship","Doing my Part","Level 44 :","Lore Xenos","Deathdealer / Eager Subordinates","","Boots","","Commissar Boots","Commissar Boots / Sharpshooter's Boots","Commissar Boots / Sharpshooter's Boots","","","Level 9 :","Finest Hour I","","Level 24 :","Fellowship","Base Skill: Logic","Level 44 :","Lore Xenos","Degraded Defence","","Boots","","Commissar Boots","Commissar Boots","Commissar Boots","","","Level 9 :","Finest Hour I","","Level 24 :","Fellowship","Doing my Part","Level 44 :","Persuasion","Degraded Defence","","Boots","","Commissar Boots","Commissar Boots","Commissar Boots","","","","","","","","","","","","","","","","","","","","","","","","","","","","","","","","","","","","","","","","","","","","","","","","","","","",""
"","Level 10 :","Lore Imperium","Ballistic Skill","Level 25 :","Hidden Advantage","","Level 45 :","Ap +1","","","Weapon Set 1","","Quick-firing Laspistol","Quick-firing Laspistol","Neuro Disruptor / Quick Shot Laspistol","","","Level 10 :","Lore Imperium","Ballistic Skill","Level 25 :","Kinetic Module","","Level 45 :","AP +1","","","Weapon Set 1","","Quick-firing Laspistol","Quick-firing Laspistol","Neuro DIsruptor","","","Level 10 :","Lore Imperium","Ballistic Skill","Level 25 :","Personal Combat Zone","","Level 45 :","Ap +1","","","Weapon Set 1","","Quick-firing Laspistol","Quick-firing Laspistol","Neuro DIsruptor","","","","","","","","","","","","","","","","","","","","","","","","","","","","","","","","","","","","","","","","","","","","","","","","","","","",""
"","Level 11 :","leader Assault","Ballistic Skill","Level 26 :","Lore Imperium","Fellowship","Level 46 :","Personal Oversight","Lore Xenos","","","","Blast Pistol","Desolation Blast Pistol","Mars Pattern Hot Shot Laspistol","","","Level 11 :","leader Assault","Ballistic Skill","Level 26 :","Fellowship","Logic","Level 46 :","Focus!","Lore Xenos","","","","Blast Pistol","Desolation Blast Pistol","Mars Pattern Hot Shot Laspistol","","","Level 11 :","leader Assault","Ballistic Skill","Level 26 :","Fellowship","Persuasion","Level 46 :","Personal Oversight","Persuasion","","","","Blast Pistol","Desolation Blast Pistol","Mars Pattern Hot Shot Laspistol","","","","","","","","","","","","","","","","","","","","","","","","","","","","","","","","","","","","","","","","","","","","","","","","","","","",""
"","Level 12 :","Take Aim!","Characteristic Training : BS","Level 27 :","Orchestrated Firestorm III","","Level 47 :","Inspiring Speech","Lore Xenos","","Weapon Set 2","","Alpha's Arc Rifle","Alpha's Arc Rifle","Alpha's Arc Rifle / Arc Rifle Mindstrom","","","Level 12 :","Take Aim!","Characteristic Training: BS","Level 27 :","Overcharge III","","Level 47 :","Personal Oversight","Lore Xenos","","Weapon Set 2","","Alpha's Arc Rifle","Deadshot Splinter Rifle","Quick-firing laspistol","","","Level 12 :","Take Aim!","Characteristic Training : BS","Level 27 :","Take and Hold IV","","Level 47 :","Inspiring Speech","Lore Imperium","","Weapon Set 2","","Alpha's Arc Rifle","Deadshot Splinter Rifle","Quick-firing laspistol","","","","","","","","","","","","","","","","","","","","","","","","","","","","","","","","","","","","","","","","","","","","","","","","","","","",""
"","Level 13 :","Heroism","Lore Imperium","Level 28 :","Against All Odds","","Level 48 :","Support The Advance","Fellowship","","","","","","","","","Level 13 :","Heroism","Lore Imperium","Level 28 :","Unseen Support","Doing My Part","Level 48 :","Impure Force","Fellowship","","","","","","Anti-vehicle Revolver","","","Level 13 :","Heroism","Lore Imperium","Level 28 :","Opening Strategy","Intelligence","Level 48 :","Strongpoint","Fellowship","","","","","","Anti-vehicle Revolver","","","","","","","","","","","","","","","","","","","","","","","","","","","","","","","","","","","","","","","","","","","","","","","","","","","",""
"","Level 14 :","Willpower","Characteristic Training : FEL","Level 29 :","Coercion / Persuasion","Agility","Level 49 :","Perception","Persuasion","","","","","","","","","Level 14 :","Willpower","Characteristic Training: FEL","Level 29 :","Perception","Logic ","Level 49 :","Perception","Lore Xenos","","Pet Protocol","","Analytics Module","Analytics Module","Fortification Protocol","","","Level 14 :","Willpower","Characteristic Training : FEL","Level 29 :","Intelligence","Lore Imperium","Level 49 :","Intelligence","Lore Imperium","","","","","","","","","","","","","","","","","","","","","","","","","","","","","","","","","","","","","","","","","","","","","","","","","","","","","","","","","",""
"","Level 15 :","Finest Hour IV","","Level 30 :","Characteristic Training: Per","Fervour","Level 50 :","Know-It-All","Steel Resolve","","Optical Insertion","Somatic Insertion","Cortical Insertion","Sinistral Insertion","Dextral Insertion","Musculoskeletal Insertion","","Level 15 :","Finest Hour IV","","Level 30 :","Strategic Adaptation","","Level 50 :","Extermination","Seize the Initiative","","","","","","","","","Level 15 :","Finest Hour IV","","Level 30 :","Overwhelming Stratagem","","Level 50 :","Eager for Battle","Steel Resolve","","Optical Insertion","Somatic Insertion","Cortical Insertion","Sinistral Insertion","Dextral Insertion","Musculoskeletal Insertion","","","","","","","","","","","","","","","","","","","","","","","","","","","","","","","","","","","","","","","","","","","","","","","","","","",""
"","","","","Level 31 :","Personal Involvement","","Level 51 :","Brink of Death","Persuasion","","Tactical Analyser","Jae's Cervival Node (causes bleed)","","The Hand That feeds","","","Act 2","","","","Level 31 :","Master's Patronage","Ready to Serve","Level 51 :","Armoured Hide","Lore Xenos","","Optical Insertion","Somatic Insertion","Cortical Insertion","Sinistral Insertion","Dextral Insertion","Musculoskeletal Insertion","","","","","Level 31 :","Daunting Zone","Characteristic Training: Per","Level 51 :","Adjusting Frontline","Lore Xenos","","Tactical Analyser","Jae's Cervival Node","","The Hand That feeds","","","Act 2","","","","","","","","","","","","","","","","","","","","","","","","","","","","","","","","","","","","","","","","","","","","","","","","","",""
"","","","","Level 32 :","Perception","Coercion / Persuasion","Level 52 :","Be Vigilant!","Lethal Precision","","Tactical Analyser","Jae's Cervival Node","Cerebral Inverter MK 'Tactician'","The Hand That feeds","","","Act 3","","","","Level 32 :","Perception","Logic","Level 52 :","Steady!","Base Skill: Lore Imperium","","Tactical Analyser","Jae's Cervival Node","","The Hand That feeds","","","Act 2","","","","Level 32 :","Lore Imperium","Perception","Level 52 :","Be Vigilant!","Motive-Force Overload","","Tactical Analyser","Jae's Cervival Node","","","","","Act 3","","","","","","","","","","","","","","","","","","","","","","","","","","","","","","","","","","","","","","","","","","","","","","","","","",""
"","","","","Level 33 :","Liturgy of Insulation","","Level 53 :","Break Thier Ranks!","Perception","","Tactical Analyser","","Cerebral Inverter MK 'Tactician'","Suppression Manipulator","Galvanic Inductor MK Tactician","Phase Oscillar MK Tactician","Act 4","","","","Level 33 :","Rite of Calibration","","Level 53 :","Break Their Ranks!","Perception","","Tactical Analyser","Jae's Cervival Node","","","","","Act 3","","","","Level 33 :","Perception","Critical Zone","Level 53 :","Break their ranks!","Intelligence","","Tactical Analyser","","Telemetric Logis Analyser MK Officer","Suppression Manipulator","","","Act 4","","","","","","","","","","","","","","","","","","","","","","","","","","","","","","","","","","","","","","","","","","","","","","","","","",""
"","","","","Level 34 :","Perception","Overclocking Module","Level 54 :","Degraded Defence","Steady! / Prepare for an Assault!","","","","","","","","Act 5","","","","Level 34 :","Grenadier","","Level 54 :","Eager for Battle","Be Vigilant!","","Tactical Analyser","","Telemetric Logis Analyser MK Officer","Suppression Manipulator","Galvanic Inductor MK Tactician","Phase Oscillar MK Tactician","Act 4","","","","Level 34 :","Grenadier","","Level 54 :","Attention!","Steady!","","","","","","","","Act 5","","","","","","","","","","","","","","","","","","","","","","","","","","","","","","","","","","","","","","","","","","","","","","","","","",""
"","","","","Level 35 :","Orchestrated Firestorm II","","Level 55 :","Ap +1","","","","","","","","","","","","","Level 35 :","Overcharge I","","Level 55 :","AP +1","","","","","","","","","Act 5","","","","Level 35 :","Take and Hold II","","Level 55 :","Ap +1","","","","","","","","","","","","","","","","","","","","","","","","","","","","","","","","","","","","","","","","","","","","","","","","","","","","","","","","","","",""
"","Yrliet Lanaevyss - Outcast Ranger","","","","","","","","","","Skill Options","","","","","","","Yrliet Lanaevyss - Outcast Avenger","","","","","","","","","","Skill Options","","","","","","","","","","","","","","","","","","","","","","","","","","","","","","","","","","","","","","","","","","","","","","","","","","","","","","","","","","","","","","","","","","","","","","","","",""
"","Operative buffs really help Yrliet pump out some damage. Sniper is still the weakest setup in rogue trader but with unique aeldari options Yrliet is far stronger than she has been since the operative/assassin nerf from launch","","","","","","","","","","Awareness / Lore Xenos / Demolitions","","","","","","","","","","","","","","","","","Awareness / Lore Xenos / Demolitions","","","","","","","","","","","","","","","","","","","","","","","","","","","","","","","","","","","","","","","","","","","","","","","","","","","","","","","","","","","","","","","","","","","","","","","","",""
"","Operative","","","Bounty Hunter","","","Exemplar","","","","","","","","","","","Operative","","","Assassin","","","Exemplar","","","","","","","","","","","","","","","","","","","","","","","","","","","","","","","","","","","","","","","","","","","","","","","","","","","","","","","","","","","","","","","","","","","","","","","","","","","","",""
"","Level 1 :","Analyse Enemies","","Level 16 :","Hunt Down The Prey","","Level 36 :","Deathdealer","Tide Of Excellence","","Gear to consider","Act 1","Act 2","Act 3","Act 4","Act 5","","Level 1 :","Analyse Enemies","","Level 16 :","Seek the Opening","","Level 36 :","Malign Influence","Tide Of Excellence","","Gear to consider","Act 1","Act 2","Act 3","Act 4","Act 5","","","","","","","","","","","","","","","","","","","","","","","","","","","","","","","","","","","","","","","","","","","","","","","","","","","","","","","","","","","","","","","","","","","",""
"","Level 2 :","Awareness","","Level 17 :","Claim the Bounty","","Level 37 :","Awareness / Medicae","Withdraw","","Helm","","Outcast's Visor","Outcast's Visor","Outcast's Visor","","","Level 2 :","Awareness","","Level 17 :","Death Whisper","","Level 37 :","Awareness / Medicae","Lethal Concentration","","Helm","","Outcast's Visor","Outcast's Visor","Self-Calibrating Goggles","","","","","","","","","","","","","","","","","","","","","","","","","","","","","","","","","","","","","","","","","","","","","","","","","","","","","","","","","","","","","","","","","","","","",""
"","Level 3 :","Expose Weakness","","Level 18 :","Hunting Surge","","Level 38 :","Ballistic Skill","Grenadier","","Armour","","Hunter-Father's Armour","Hunter-Father's Armour","Cold Blood / Khaine's Revenge","","","Level 3 :","Expose Weakness","","Level 18 :","Deadly Calculation","","Level 38 :","Ballistic Skill","Grenadier","","Armour","","Hunter-Father's Armour","Hunter-Father's Armour","Cold Blood / Khaine's Revenge","","","","","","","","","","","","","","","","","","","","","","","","","","","","","","","","","","","","","","","","","","","","","","","","","","","","","","","","","","","","","","","","","","","","",""
"","Level 4 :","Dismantling Attack","Sharpshooter","Level 19 :","Wild Hunt","","Level 39 :","Tactical Knowledge","Awareness / Medicae","","Cloak","","Cameleoline Cloak","Cameleoline Cloak","Cape of righteous fury","","","Level 4 :","Dismantling Attack","Sharpshooter","Level 19 :","Dispatch","","Level 39 :","Tactical Knowledge","Awareness / Medicae","","Cloak","","Cameleoline Cloak","Cameleoline Cloak","Cape of righteous fury","","","","","","","","","","","","","","","","","","","","","","","","","","","","","","","","","","","","","","","","","","","","","","","","","","","","","","","","","","","","","","","","","","","","",""
"","Level 5 :","Perception","Nimble","Level 20 :","AP +1 - Ballistic Skill","Path of the Outcast","Level 40 :","Masterful Precision","Pierce the Armour","","Neck","","Wraithbone Necklace","Wraithbone Necklace","Wraithbone Necklace","","","Level 5 :","Perception","Nimble","Level 20 :","AP +1","Ballistic Skill","Level 40 :","Deathdealer","Seize the advantage","","Neck","","Wraithbone Necklace","Wraithbone Necklace","Wraithbone Necklace","","","","","","","","","","","","","","","","","","","","","","","","","","","","","","","","","","","","","","","","","","","","","","","","","","","","","","","","","","","","","","","","","","","","",""
"","Level 6 :","Ballistic Calculation","Perception","Level 21 :","Intelligence","Heightened Concentration","Level 41 :","Ballistic Skill","Improved Tactics","","Accessory 1","","Target Designator","Prey Scanner","Prey Scanner / Aeldari Flow","","","Level 6 :","Ballistic Calculation","Perception","Level 21 :","Imminent Demise","Ballistic Skill","Level 41 :","Ballistic Skill","Improved Tactics","","Accessory 1","","Target Designator","Prey Scanner","Notes on weaknesses","","","","","","","","","","","","","","","","","","","","","","","","","","","","","","","","","","","","","","","","","","","","","","","","","","","","","","","","","","","","","","","","","","","","",""
"","Level 7 :","Precise Attack","Awareness","Level 22 :","Cull the Bold","","Level 42 :","Hot on the trail","Intelligence","","Accessory 2","","Portative Manipulator","Aeldari Ranger Sight","Aeldari Ranger Sight","","","Level 7 :","Precise Attack","Awareness","Level 22 :","Lore Xenos","Killing Edge","Level 42 :","Elusive Shadow","Intelligence","","Accessory 2","","Portative Manipulator","Aeldari Ranger Sight","Aeldari Ranger Sight","","","","","","","","","","","","","","","","","","","","","","","","","","","","","","","","","","","","","","","","","","","","","","","","","","","","","","","","","","","","","","","","","","","","",""
"","Level 8 :","Fresh Target","Swift Movements","Level 23 :","Inspiring Trophy","Lore Xenos","Level 43 :","Trail and Shatter","Base Skill: Lore Xenos","","Gloves","","Kasrkin Gauntlets","Apex Predator's Gloves","Death Dealer Gloves / Apex Predator's Gloves","","","Level 8 :","Fresh Target","Swift Movements","Level 23 :","Lethality Heightens","","Level 43 :","An Eye for the unscathed","Base Skill: Lore Xenos","","Gloves","","Kasrkin Gauntlets","Apex Predator's Gloves","Apex Predator's Gloves","","","","","","","","","","","","","","","","","","","","","","","","","","","","","","","","","","","","","","","","","","","","","","","","","","","","","","","","","","","","","","","","","","","","",""
"","Level 9 :","Dismantling III","Lore Xenos","Level 24 :","Agility","Deadly Accuracy","Level 44 :","Lore Xenos","Deadly Aim / Degraded Defence","","Boots","","Ergo Boots","Sharpshooter Boots","Sharpshooter Boots","","","Level 9 :","Dismantling III","Lore Xenos","Level 24 :","Intelligence","Path of the Outcast","Level 44 :","Lore Xenos","Contagion","","Boots","","Ergo Boots","Sharpshooter Boots","Sharpshooter Boots","","","","","","","","","","","","","","","","","","","","","","","","","","","","","","","","","","","","","","","","","","","","","","","","","","","","","","","","","","","","","","","","","","","","",""
"","Level 10 :","Lore Xenos","Ballistic Skill","Level 25 :","Hunter's Ambush","","Level 45 :","AP + 1","","","Weapon Set 1","","Wanderer's Portent","Wanderer's Portent","Wanderer's Portent / Gift of Kurnous","","","Level 10 :","Lore Xenos","Ballistic Skill","Level 25 :","Perfect Opening","","Level 45 :","AP + 1","","","Weapon Set 1","","Wanderer's Portent","Wanderer's Portent","Wanderer's Portent","","","","","","","","","","","","","","","","","","","","","","","","","","","","","","","","","","","","","","","","","","","","","","","","","","","","","","","","","","","","","","","","","","","","",""
"","Level 11 :","Uncanny Sight","Medicae","Level 26 :","Lore Xenos","Ballistic Skill","Level 46 :","Continuous Analysis","Lore Xenos","","","","","","","","","Level 11 :","Uncanny Sight","Medicae","Level 26 :","Intelligence","Lore Xenos","Level 46 :","Continuous Analysis","Lore Xenos","","","","","","","","","","","","","","","","","","","","","","","","","","","","","","","","","","","","","","","","","","","","","","","","","","","","","","","","","","","","","","","","","","","","","","","","","","",""
"","Level 12 :","Perfect Spot","Las Weapon Expert","Level 27 :","Wild Hunt II","","Level 47 :","Comprehensive Analysis","Medicae","","Weapon Set 2","","Silence of Sha'eil","Ynnealith","Lullaby of Sha'eil","","","Level 12 :","Perfect Spot","Las Weapon Expert","Level 27 :","Dispatch II","","Level 47 :","Comprehensive Analysis","Medicae","","Weapon Set 2","","Silence of Sha'eil","Ynnealith","Lullaby of Sha'eil","","","","","","","","","","","","","","","","","","","","","","","","","","","","","","","","","","","","","","","","","","","","","","","","","","","","","","","","","","","","","","","","","","","","",""
"","Level 13 :","Insightful Precision","Ballistic Skill","Level 28 :","Savour the kill","","Level 48 :","Share the Spoils","Intelligence","","","","","","","","","Level 13 :","Insightful Precision","Ballistic Skill","Level 28 :","Deadly Accuracy","Killing Spree","Level 48 :","Lone Killer","Intelligence","","","","","","","","","","","","","","","","","","","","","","","","","","","","","","","","","","","","","","","","","","","","","","","","","","","","","","","","","","","","","","","","","","","","","","","","","","",""
"","Level 14 :","Intelligence","Swift Sight","Level 29 :","Awareness / Medicae","Perception","Level 49 :","Perception","Medicae","","","","","","","","","Level 14 :","Intelligence","Swift Sight","Level 29 :","Perception","Lore Imperium","Level 49 :","Perception","Medicae","","","","","","","","","","","","","","","","","","","","","","","","","","","","","","","","","","","","","","","","","","","","","","","","","","","","","","","","","","","","","","","","","","","","","","","","","","",""
"","Level 15 :","Dismantling IV","","Level 30 :","Drukhari Weapon Prof","Ensnare the Prey","Level 50 :","Extermination","Sniper Expertise","","","","","","","","","Level 15 :","Dismantling IV","","Level 30 :","Danse Macabre","","Level 50 :","Degraded Defence / Deadly Aim","Sniper Expertise","","","","","","","","","","","","","","","","","","","","","","","","","","","","","","","","","","","","","","","","","","","","","","","","","","","","","","","","","","","","","","","","","","","","","","","","","","",""
"","","","","Level 31 :","Expert Finesse","","Level 51 :","Gruesome Kill","Medicae / Awareness","","","","","","","","","","","","Level 31 :","Drukhari Weapon Prof","Bringer of Doom","Level 51 :","Outsmart","Medicae / Awareness","","","","","","","","","","","","","","","","","","","","","","","","","","","","","","","","","","","","","","","","","","","","","","","","","","","","","","","","","","","","","","","","","","","","","","","","","","",""
"","","","","Level 32 :","Perception","Awareness / Medicae","Level 52 :","Weak Body, Weak Soul","Advanced Skill: Lore Xenos","","","","","","","","","","","","Level 32 :","Lore Imperium","","Level 52 :","Weak Body, Weak Soul","Advanced Skill: Lore Xenos","","","","","","","","","","","","","","","","","","","","","","","","","","","","","","","","","","","","","","","","","","","","","","","","","","","","","","","","","","","","","","","","","","","","","","","","","","",""
"","","","","Level 33 :","Flay the Bold","","Level 53 :","Joint Analysis","Perception","","","","","","","","","","","","Level 33 :","Disarray","Perception","Level 53 :","Joint Analysis","Perception","","","","","","","","","","","","","","","","","","","","","","","","","","","","","","","","","","","","","","","","","","","","","","","","","","","","","","","","","","","","","","","","","","","","","","","","","","",""
"","","","","Level 34 :","Drukhari Equipment","","Level 54 :","Vital Points","Combat Insight","","","","","","","","","","","","Level 34 :","Drukhari Equipment","","Level 54 :","Vital Points","Combat Insight","","","","","","","","","","","","","","","","","","","","","","","","","","","","","","","","","","","","","","","","","","","","","","","","","","","","","","","","","","","","","","","","","","","","","","","","","","",""
"","","","","Level 35 :","Wild Hunt III","","Level 55 :","AP + 1","","","","","","","","","","","","","Level 35 :","Dispatch I","","Level 55 :","AP + 1","","","","","","","","","","","","","","","","","","","","","","","","","","","","","","","","","","","","","","","","","","","","","","","","","","","","","","","","","","","","","","","","","","","","","","","","","","","",""
"","Ulfar - Grey Hunter","","","","","","","","","","Skill Options","","","","","","","","","","","","","","","","","","","","","","","","","","","","","","","","","","","","","","","","","","","","","","","","","","","","","","","","","","","","","","","","","","","","","","","","","","","","","","","","","","","","","","","","","",""
"","Not changed much unfortunately as Ulfar tends to get excluded from DLC power creep. Still a soldier trying to be a warrior with no rate of fire gear. Area talents do apply to your melee.","","","","","","","","","","Athletics / Carouse / Demolitions / Awareness","","","","","","","","","","","","","","","","","","","","","","","","","","","","","","","","","","","","","","","","","","","","","","","","","","","","","","","","","","","","","","","","","","","","","","","","","","","","","","","","","","","","","","","","","",""
"","Soldier","","","Arch-Militant","","","Exemplar","","","","","","","","","","","","","","","","","","","","","","","","","","","","","","","","","","","","","","","","","","","","","","","","","","","","","","","","","","","","","","","","","","","","","","","","","","","","","","","","","","","","","","","","","","","","","",""
"","Level 1 :","Run and Gun","","Level 16 :","Versatility","","Level 36 :","Peak Condition","Swift Slaughter","","Gear to consider","Act 1","Act 2","Act 3","Act 4","Act 5","","","","","","","","","","","","","","","","","","","","","","","","","","","","","","","","","","","","","","","","","","","","","","","","","","","","","","","","","","","","","","","","","","","","","","","","","","","","","","","","","","","","",""
"","Level 2 :","Athletics","","Level 17 :","Kick","","Level 37 :","Athletics","Critical Versatility","","Helm","","","Red Wolf Skull","Laughing Wolf Helm","","","","","","","","","","","","","","","","","","","","","","","","","","","","","","","","","","","","","","","","","","","","","","","","","","","","","","","","","","","","","","","","","","","","","","","","","","","","","","","","","","","","","",""
"","Level 3 :","Revel in Slaughter","","Level 18 :","Martial Art","","Level 38 :","Ballistic Skill","Swift Movements","","Armour","","","Wolfskin","Might of Fenris Armour","","","","","","","","","","","","","","","","","","","","","","","","","","","","","","","","","","","","","","","","","","","","","","","","","","","","","","","","","","","","","","","","","","","","","","","","","","","","","","","","","","","","","",""
"","Level 4 :","Firearm Mastery","Fired Up","Level 19 :","Steady Superiority","","Level 39 :","Entrench","Athletics","","Cloak","","","Wolf Pelt Cloak","Shroud of Dauntlessness","","","","","","","","","","","","","","","","","","","","","","","","","","","","","","","","","","","","","","","","","","","","","","","","","","","","","","","","","","","","","","","","","","","","","","","","","","","","","","","","","","","","","",""
"","Level 5 :","Agility","Rapid Reload","Level 20 :","Ap +1","Ballistic Skill","Level 40 :","Degraded defence","Contempt for the Weak","","Neck","","","For the defence of cadia","Dog Tags","","","","","","","","","","","","","","","","","","","","","","","","","","","","","","","","","","","","","","","","","","","","","","","","","","","","","","","","","","","","","","","","","","","","","","","","","","","","","","","","","","","","","",""
"","Level 6 :","Agility","Controlled Shot","Level 21 :","Always Ready","Ballistic Skill","Level 41 :","Ballistic Skill","Point-Blank","","Accessory 1","","","Secrets of the forerunner","Echo of Victory","","","","","","","","","","","","","","","","","","","","","","","","","","","","","","","","","","","","","","","","","","","","","","","","","","","","","","","","","","","","","","","","","","","","","","","","","","","","","","","","","","","","","",""
"","Level 7 :","Ballistic Skill","Duelling Mastery","Level 22 :","Wild Fire","Bolt Weapon Expert","Level 42 :","Devastating Attack","Agility","","Accessory 2","","","Book of war prayers","Pair Holster / Secrets of the forerunner","","","","","","","","","","","","","","","","","","","","","","","","","","","","","","","","","","","","","","","","","","","","","","","","","","","","","","","","","","","","","","","","","","","","","","","","","","","","","","","","","","","","","",""
"","Level 8 :","Rack and Ruin","Awareness","Level 23 :","Athletics","Broad expertise","Level 43 :","Breaking Attack","Power Weapon Expert","","Gloves","","","Astartes Power Gloves","Blood Ice Gauntlets","","","","","","","","","","","","","","","","","","","","","","","","","","","","","","","","","","","","","","","","","","","","","","","","","","","","","","","","","","","","","","","","","","","","","","","","","","","","","","","","","","","","","",""
"","Level 9 :","Firearm Mastery II","","Level 24 :","Toughness","Brutal Hunter","Level 44 :","Awareness","Destroyer","","Boots","","","Astartes Power Boots","Icebreaker Sabatons","","","","","","","","","","","","","","","","","","","","","","","","","","","","","","","","","","","","","","","","","","","","","","","","","","","","","","","","","","","","","","","","","","","","","","","","","","","","","","","","","","","","","",""
"","Level 10 :","Alacrity","Ballistic Skill","Level 25 :","Armsmaster","","Level 45 :","AP +1","","","Weapon Set 1","","","Astartes Bolt Pistol","[Mezoa-Pattern] Astartes Bolt Pistol","","","","","","","","","","","","","","","","","","","","","","","","","","","","","","","","","","","","","","","","","","","","","","","","","","","","","","","","","","","","","","","","","","","","","","","","","","","","","","","","","","","","","",""
"","Level 11 :","Rapid Fire","Demolition","Level 26 :","Athletics","Agility","Level 46 :","Tenderise","Awareness","","","","","Astartes Chainsword","Xenophase Sword","","","","","","","","","","","","","","","","","","","","","","","","","","","","","","","","","","","","","","","","","","","","","","","","","","","","","","","","","","","","","","","","","","","","","","","","","","","","","","","","","","","","","",""
"","Level 12 :","Perception","Dual-Weapon Combat","Level 27 :","Steady Superiority IV","","Level 47 :","Enough Bullets for Everyone","Awareness","","Weapon Set 2","","","Astartes Bolter","Typhoon / Annihilating Astartes Bolter","","","","","","","","","","","","","","","","","","","","","","","","","","","","","","","","","","","","","","","","","","","","","","","","","","","","","","","","","","","","","","","","","","","","","","","","","","","","","","","","","","","","","",""
"","Level 13 :","Unfaltering Fire","It Will not Die","Level 28 :","Awareness","Flashfire","Level 48 :","Exploit Weakness","Agility","","","","","","","","","","","","","","","","","","","","","","","","","","","","","","","","","","","","","","","","","","","","","","","","","","","","","","","","","","","","","","","","","","","","","","","","","","","","","","","","","","","","","","","","","","","",""
"","Level 14 :","Chain Weapon Expert","Demolition","Level 29 :","Agility","Combat Master","Level 49 :","Toughness","Awareness","","","","","","","","","","","","","","","","","","","","","","","","","","","","","","","","","","","","","","","","","","","","","","","","","","","","","","","","","","","","","","","","","","","","","","","","","","","","","","","","","","","","","","","","","","","",""
"","Level 15 :","Firearm Mastery III","","Level 30 :","Reckless Rush","","Level 50 :","Extermination","Camaraderie","","","","","","","","","","","","","","","","","","","","","","","","","","","","","","","","","","","","","","","","","","","","","","","","","","","","","","","","","","","","","","","","","","","","","","","","","","","","","","","","","","","","","","","","","","","",""
"","","","","Level 31 :","Dependable","","Level 51 :","Distract","Demolition","","","","","","","","","","","","","","","","","","","","","","","","","","","","","","","","","","","","","","","","","","","","","","","","","","","","","","","","","","","","","","","","","","","","","","","","","","","","","","","","","","","","","","","","","","","",""
"","","","","Level 32 :","Perception","Awareness","Level 52 :","Preferred Targets","Trusty Weapons","","","","","","","","","","","","","","","","","","","","","","","","","","","","","","","","","","","","","","","","","","","","","","","","","","","","","","","","","","","","","","","","","","","","","","","","","","","","","","","","","","","","","","","","","","","",""
"","","","","Level 33 :","Adaptability","Perception","Level 53 :","Dash","Toughness","","","","","","","","","","","","","","","","","","","","","","","","","","","","","","","","","","","","","","","","","","","","","","","","","","","","","","","","","","","","","","","","","","","","","","","","","","","","","","","","","","","","","","","","","","","",""
"","","","","Level 34 :","Perception","Grenadier","Level 54 :","Eager for battle","Accustomed to Glory","","","","","","","","","","","","","","","","","","","","","","","","","","","","","","","","","","","","","","","","","","","","","","","","","","","","","","","","","","","","","","","","","","","","","","","","","","","","","","","","","","","","","","","","","","","",""
"","","","","Level 35 :","Steady Superiority II","","Level 55 :","AP +1","","","","","","","","","","","","","","","","","","","","","","","","","","","","","","","","","","","","","","","","","","","","","","","","","","","","","","","","","","","","","","","","","","","","","","","","","","","","","","","","","","","","","","","","","","","","",""
"","Dracon Marazhai - Kabalite Assassin","","","","","","","","","","Skill Options","","","","","","","","","","","","","","","","","","","","","","","","","","","","","","","","","","","","","","","","","","","","","","","","","","","","","","","","","","","","","","","","","","","","","","","","","","","","","","","","","","","","","","","","","",""
"","Shearing strikes build, can use Bloodseeker Klaive in combination with bleed daggers to stack dodge to the moon and further supported by armour stacking from undying rage. Fiend of Vheabos VI adds a death aura effect","","","","","","","","","","Demolitions / Medicae / Athletics / Carouse ","","","","","","","","","","","","","","","","","","","","","","","","","","","","","","","","","","","","","","","","","","","","","","","","","","","","","","","","","","","","","","","","","","","","","","","","","","","","","","","","","","","","","","","","","",""
"","Warrior","","","Assassin","","","Exemplar","","","","","","","","","","","","","","","","","","","","","","","","","","","","","","","","","","","","","","","","","","","","","","","","","","","","","","","","","","","","","","","","","","","","","","","","","","","","","","","","","","","","","","","","","","","","","",""
"","Level 1 :","Charge","","Level 16 :","Seek the Opening","","Level 36 :","Malign influence","Shearing Strikes","","Gear to consider","Act 1","Act 2","Act 3","Act 4","Act 5","","","","","","","","","","","","","","","","","","","","","","","","","","","","","","","","","","","","","","","","","","","","","","","","","","","","","","","","","","","","","","","","","","","","","","","","","","","","","","","","","","","","",""
"","Level 2 :","Athletics","","Level 17 :","Danse Macabre","","Level 37 :","Athletics","Lethal Concentration","","Helm","","","Self-Calibrating goggles","Self-Calibrating goggles","","","","","","","","","","","","","","","","","","","","","","","","","","","","","","","","","","","","","","","","","","","","","","","","","","","","","","","","","","","","","","","","","","","","","","","","","","","","","","","","","","","","","",""
"","Level 3 :","Endure","","Level 18 :","An Eye for the Unscathed","","Level 38 :","Weapon Skill","Prey on the Weak","","Armour","","","Incubus Blade Armour","Wych's Last Cry / Gift of the grave lotus","","","","","","","","","","","","","","","","","","","","","","","","","","","","","","","","","","","","","","","","","","","","","","","","","","","","","","","","","","","","","","","","","","","","","","","","","","","","","","","","","","","","","",""
"","Level 4 :","Daring Breach","Defensive Manoeuvres","Level 19 :","Dispatch","","Level 39 :","Taunting Scream","Lore Xenos","","Cloak","","","Navy Swashbuckler's Coat","Swiftshroud Cloak / Navy Swashbuckler's Coat","","","","","","","","","","","","","","","","","","","","","","","","","","","","","","","","","","","","","","","","","","","","","","","","","","","","","","","","","","","","","","","","","","","","","","","","","","","","","","","","","","","","","",""
"","Level 5 :","Easy Target","Weapon Skill","Level 20 :","AP +1","Agility","Level 40 :","Lethal Threat","Perfect Opening","","Neck","","","Dog Tag","Slicing Symbol","","","","","","","","","","","","","","","","","","","","","","","","","","","","","","","","","","","","","","","","","","","","","","","","","","","","","","","","","","","","","","","","","","","","","","","","","","","","","","","","","","","","","",""
"","Level 6 :","Break Through","Athletics","Level 21 :","Lone Killer","Agility","Level 41 :","Weapon Skill","Open Engagement","","Accessory 1","","","Iron Cape","Litany of Exhaustion / Iron Cape","","","","","","","","","","","","","","","","","","","","","","","","","","","","","","","","","","","","","","","","","","","","","","","","","","","","","","","","","","","","","","","","","","","","","","","","","","","","","","","","","","","","","",""
"","Level 7 :","Weapon Skill","Nimble","Level 22 :","Athletics","Death Whisper","Level 42 :","Elusive Shadow","Agility","","Accessory 2","","","Brinkwalker Pendant","Notes On Weaknesses ","","","","","","","","","","","","","","","","","","","","","","","","","","","","","","","","","","","","","","","","","","","","","","","","","","","","","","","","","","","","","","","","","","","","","","","","","","","","","","","","","","","","","",""
"","Level 8 :","Carouse","Rigorous Training","Level 23 :","Lethality Heightens","","Level 43 :","Morbid Pirouette","Aeldari Weapon Proficiency","","Gloves","","","Undying Rage","Riposte Gloves / Undying Rage","","","","","","","","","","","","","","","","","","","","","","","","","","","","","","","","","","","","","","","","","","","","","","","","","","","","","","","","","","","","","","","","","","","","","","","","","","","","","","","","","","","","","",""
"","Level 9 :","Daring Breach I","","Level 24 :","Weapon Skill","Dual Weapon Combat","Level 44 :","Athletics","Degraded Defence","","Boots","","","Blitz Boots","Blitz Boots","","","","","","","","","","","","","","","","","","","","","","","","","","","","","","","","","","","","","","","","","","","","","","","","","","","","","","","","","","","","","","","","","","","","","","","","","","","","","","","","","","","","","",""
"","Level 10 :","Blade Flurry","Agility","Level 25 :","Deadly Calculations","","Level 45 :","AP + 1","","","Weapon Set 1","","","Serrated Glimmersteel Blade","Lilaethan's Fury","","","","","","","","","","","","","","","","","","","","","","","","","","","","","","","","","","","","","","","","","","","","","","","","","","","","","","","","","","","","","","","","","","","","","","","","","","","","","","","","","","","","","",""
"","Level 11 :","Reckless Strike","Duelling Mastery","Level 26 :","Weapon Skill","Athletics","Level 46 :","Ramming Speed","Demolition","","","","","Serrated Glimmersteel Blade","Hekatarii Blade of Bloodthirst","","","","","","","","","","","","","","","","","","","","","","","","","","","","","","","","","","","","","","","","","","","","","","","","","","","","","","","","","","","","","","","","","","","","","","","","","","","","","","","","","","","","","",""
"","Level 12 :","Agility","Carouse","Level 27 :","Dispatch II","","Level 47 :","Impetus","Demolition","","Weapon Set 2","","","Bloodseeker Klaive","Djiin Blade of Yremeryss","","","","","","","","","","","","","","","","","","","","","","","","","","","","","","","","","","","","","","","","","","","","","","","","","","","","","","","","","","","","","","","","","","","","","","","","","","","","","","","","","","","","","",""
"","Level 13 :","Desolation","Coercion","Level 28 :","Characteristic Training: AGL","Ambush","Level 48 :","Trueborn Superiority","Agility","","","","","","Insatiable Djin Blade","","","","","","","","","","","","","","","","","","","","","","","","","","","","","","","","","","","","","","","","","","","","","","","","","","","","","","","","","","","","","","","","","","","","","","","","","","","","","","","","","","","","","",""
"","Level 14 :","Strength","Combat Master","Level 29 :","Perception","Carouse","Level 49 :","Perception","Demolition","","","","","","","","","","","","","","","","","","","","","","","","","","","","","","","","","","","","","","","","","","","","","","","","","","","","","","","","","","","","","","","","","","","","","","","","","","","","","","","","","","","","","","","","","","","",""
"","Level 15 :","Daring Breach II","","Level 30 :","Killing Edge","","Level 50 :","Destroyer","Crowd Kill","","","","","","","","","","","","","","","","","","","","","","","","","","","","","","","","","","","","","","","","","","","","","","","","","","","","","","","","","","","","","","","","","","","","","","","","","","","","","","","","","","","","","","","","","","","",""
"","","","","Level 31 :","Finesse","Imminent Demise","Level 51 :","Bringer of Doom","Demolition","","","","","","","","","","","","","","","","","","","","","","","","","","","","","","","","","","","","","","","","","","","","","","","","","","","","","","","","","","","","","","","","","","","","","","","","","","","","","","","","","","","","","","","","","","","",""
"","","","","Level 32 :","Medicae","","Level 52 :","Disarray","Mantle of Agony","","","","","","","","","","","","","","","","","","","","","","","","","","","","","","","","","","","","","","","","","","","","","","","","","","","","","","","","","","","","","","","","","","","","","","","","","","","","","","","","","","","","","","","","","","","",""
"","","","","Level 33 :","Killing Spree","Perception","Level 53 :","Sworn Enemy","Perception","","","","","","","","","","","","","","","","","","","","","","","","","","","","","","","","","","","","","","","","","","","","","","","","","","","","","","","","","","","","","","","","","","","","","","","","","","","","","","","","","","","","","","","","","","","",""
"","","","","Level 34 :","Emboldened by Bloodshed","","Level 54 :","Peak Condition","Seize the Advantage","","","","","","","","","","","","","","","","","","","","","","","","","","","","","","","","","","","","","","","","","","","","","","","","","","","","","","","","","","","","","","","","","","","","","","","","","","","","","","","","","","","","","","","","","","","",""
"","","","","Level 35 :","Dispatch III","","Level 55 :","AP + 1","","","","","","","","","","","","","","","","","","","","","","","","","","","","","","","","","","","","","","","","","","","","","","","","","","","","","","","","","","","","","","","","","","","","","","","","","","","","","","","","","","","","","","","","","","","","",""
"","Kibellah - Death Cult Executioner","","","","","","","","","","Skill Options","","","","","","","Kibellah - Death Cult Assassin","","","","","","","","","","Skill Options","","","","","","","Kibellah Master of Death","","","","","","","","","","Skill Options","","","","","","","","","","","","","","","","","","","","","","","","","","","","","","","","","","","","","","","","","","","","","","","","","","","","","","","",""
"","Incredibly boosted with augments that power her up when having traumas and applying toxin on hit before you have access to drukhari weapons. You will want dogmatic 2 for all executioner builds","","","","","","","","","","Medicae / Demolitions / Awareness / Athletics","","","","","","","","","","","","","","","","","Medicae / Demolitions / Awareness / Athletics","","","","","","","Master Tactician build using Cerebral Inverter MK 'Tactician' and Be Smart","","","","","","","","","","Medicae / Demolitions / Awareness / Athletics","","","","","","","","","","","","","","","","","","","","","","","","","","","","","","","","","","","","","","","","","","","","","","","","","","","","","","","",""
"","Blade Dancer","","","Executioner","","","Exemplar","","","","","","","","","","","Blade Dancer","","","Assassin","","","Exemplar","","","","","","","","","","","Blade Dancer","","","Master Tactician","","","Exemplar","","","","","","","","","","","","","","","","","","","","","","","","","","","","","","","","","","","","","","","","","","","","","","","","","","","","","","","","","","","",""
"","Level 1 :","Blade Dance","","Level 16 :","Forced Repentance","Scourging Strike + Where it hurts","Level 36 :","Peak Condition","Guillotine ","","Gear to consider","Act 1","Act 2","Act 3","Act 4","Act 5","","Level 1 :","Blade Dance","","Level 16 :","Seek the Opening","","Level 36 :","Malign Influence","Rising Tempo","","Gear to consider","Act 1","Act 2","Act 3","Act 4","Act 5","","Level 1 :","Blade Dance","","Level 16 :","Tactical Advantage","Press The Advantage","Level 36 :","Peak Condition","Bloody Requiem","","Gear to consider","Act 1","Act 2","Act 3","Act 4","Act 5","","","","","","","","","","","","","","","","","","","","","","","","","","","","","","","","","","","","","","","","","","","","","","","","","","",""
"","Level 2 :","Medicae","","Level 17 :","Pain Resonance","","Level 37 :","Medicae","All-Encompassing Agony","","Helm","Face of the Sovereign","Mechanicus Respirator","Mechanicus Respirator","Carmine Crown","","","Level 2 :","Medicae","","Level 17 :","Death Whisper","","Level 37 :","Medicae","Lethal Concentration","","Helm","Face of the Sovereign","Self-calibrating Goggles","Self-calibrating Goggles","Self-calibrating Helm","","","Level 2 :","Medicae","","Level 17 :","Linchpin","","Level 37 :","Medicae","Hidden Advantage","","Helm","Face of the Sovereign","Face of the Sovereign / Peripheral Visor","Peripheral Visor","Peripheral Visor","","","","","","","","","","","","","","","","","","","","","","","","","","","","","","","","","","","","","","","","","","","","","","","","","","","",""
"","Level 3 :","Death From Above","","Level 18 :","Anatomy Expert","","Level 38 :","Weapon Skill","Wounds Streaming Blood / PA","","Armour","Light Spinner's breastplate","Spinner's Breastplate","Spinner's Breastplate","High Spinner Armour / Shadow of the undying One","","","Level 3 :","Death From Above","","Level 18 :","Deadly Calculation","","Level 38 :","Weapon Skill","Jinx","","Armour","Light Spinner's breastplate","Spinner's Breastplate","Spinner's Breastplate","High Spinner Armour","","","Level 3 :","Death From Above","","Level 18 :","Reliance","","Level 38 :","Weapon Skill","Calculated Resolve","","Armour","Light Spinner's breastplate","Spinner's Breastplate / Armour of Hidden Promise","Spinner's Breastplate / Armour of Hidden Promise","High Spinner Armour / Adherent of Mankind","","","","","","","","","","","","","","","","","","","","","","","","","","","","","","","","","","","","","","","","","","","","","","","","","","","",""
"","Level 4 :","Death Waltz","Death Warden","Level 19 :","Carnival of Misery","","Level 39 :","Captive Audience","Medicae","","Cloak","Reaper Cape","Pack of Reagents","Pack of Reagents","Pack of Reagents","","","Level 4 :","Death Waltz","Death Warden","Level 19 :","Dispatch","","Level 39 :","Captive Audience","Medicae","","Cloak","Reaper Cape","Malpian Shroud / Swashbuckler's Cloak","Malpian Shroud / Swashbuckler's Cloak","Malpian Shroud / Swashbuckler's Cloak","","","Level 4 :","Death Waltz","Death Warden","Level 19 :","Orchestrated Firestorm","","Level 39 :","Captive Audience","Medicae","","Cloak","Reaper Cape","Bladedancer's Mantle / Malpian Shroud","Bladedancer's Mantle / Malpian Shroud","High Spinner's Cloak / Bladedancer's Mantle","","","","","","","","","","","","","","","","","","","","","","","","","","","","","","","","","","","","","","","","","","","","","","","","","","","",""
"","Level 5 :","Duelling Mastery","Weapon Skill","Level 20 :","AP +1","Weapon Skill","Level 40 :","Destroyer","Deep Laceration","","Neck","Matyr's Bone Charm","Anatomist's Amulet","Anatomist's Amulet","The Vial of Falstow","","","Level 5 :","Duelling Mastery","Weapon Skill","Level 20 :","AP +1","Weapon Skill","Level 40 :","Lethal Threat","Seize the Advantage","","Neck","Matyr's Bone Charm","Invigorating Resolve / Dog Tags","Invigorating Resolve / Dog Tags","Invigorating Resolve / The Last Flash","","","Level 5 :","Duelling Mastery","Weapon Skill","Level 20 :","Ap +1","Weapon Skill","Level 40 :","Destroyer","Dawn of Victory","","Neck","","Dog Tags / Invigorating Resolve","Dog Tags / Invigorating Resolve","Onslaught Amulet","","","","","","","","","","","","","","","","","","","","","","","","","","","","","","","","","","","","","","","","","","","","","","","","","","","",""
"","Level 6 :","Blood Oath","Medicae","Level 21 :","Weapon Skill","Sower of Distress","Level 41 :","Weapon Skill","Grand Performance","","Accessory 1","Blooddrinker","Chirurgeon's Manual","Chirurgeon's Manual","Voidborn's Pride","","","Level 6 :","Blood Oath","Medicae","Level 21 :","Imminent Demise","Weapon Skill","Level 41 :","Weapon Skill","Grand Performance","","Accessory 1","Blooddrinker","Chirurgeon's Manual","Chirurgeon's Manual","Voidborn's Pride","","","Level 6 :","Blood Oath","Medicae","Level 21 :","Weapon Skill","Joint Offensive","Level 41 :","Weapon Skill","Grand Performance","","Accessory 1","Blooddrinker","Peculiar Trinket","Iron Cape","Iron Cape / Commander's Chrono","","","","","","","","","","","","","","","","","","","","","","","","","","","","","","","","","","","","","","","","","","","","","","","","","","","",""
"","Level 7 :","Weapon Skill","Blood Rush","Level 22 :","Reckless Abandon","","Level 42 :","Terrifying Strike","Agility","","Accessory 2","","Diagnostor","Diagnostor","Diagnostor","","","Level 7 :","Weapon Skill","Blood Rush","Level 22 :","Lore Xenos","Killing Edge","Level 42 :","Elusive Shadow","Agility","","Accessory 2","","Diagnostor","Diagnostor","Notes on Weaknesses","","","Level 7 :","Weapon Skill","Blood Rush","Level 22 :","Inspire","","Level 42 :","Finish the Job","Agility","","Accessory 2","Book of War Prayers","Heart of the Nameless","Seal of the Purifier","Seal of the Purifier","","","","","","","","","","","","","","","","","","","","","","","","","","","","","","","","","","","","","","","","","","","","","","","","","","","",""
"","Level 8 :","Awareness","Crimson Tide","Level 23 :","Does It Hurt?","Lore Xenos","Level 43 :","Unbearable Presence","Base Skill: Medicae","","Gloves","Crimson Oblivion","Crimson Oblivion","Crimson Oblivion","Crimson Oblivion / Hand of Avolius","","","Level 8 :","Awareness","Crimson Tide","Level 23 :","Lethality Heightens","","Level 43 :","An eye for the unscathed","Lethal Precision","","Gloves","Crimson Oblivion","Crimson Oblivion","Crimson Oblivion","Crimson Oblivion / Riposte Gauntlets","","","Level 8 :","Awareness","Crimson Tide","Level 23 :","Unwavering Motivation","Medicae","Level 43 :","Undisputed Advantage","Power Armour Proficiency","","Gloves","","Augmented Gloves","Augmented Gloves","Augmented Gloves","","","","","","","","","","","","","","","","","","","","","","","","","","","","","","","","","","","","","","","","","","","","","","","","","","","",""
"","Level 9 :","Death Waltz II","","Level 24 :","Agility","Drukhari Weapon Prof","Level 44 :","Awareness","Degraded Defence","","Boots","Skirmisher Boots","Skirmisher Boots","Skirmisher Boots / Fencing Boots","Skirmisher Boots / Fencing Boots","","","Level 9 :","Death Waltz II","","Level 24 :","Agility","Drukhari Weapon Proficiency","Level 44 :","Awareness","Destroyer","","Boots","Skirmisher Boots","Skirmisher Boots / Inertia Boots","Skirmisher Boots / Fencing Boots / Inertia Boots","Skirmisher Boots / Fencing Boots / Inertia Boots","","","Level 9 :","Death Waltz II","","Level 24 :","Agility","Bloody Mess","Level 44 :","Awareness","Degraded Defence","","Boots","Skirmisher Boots","Inertia Boots","Inertia Boots / Fencing Boots","Inertia Boots / Fencing Boots","","","","","","","","","","","","","","","","","","","","","","","","","","","","","","","","","","","","","","","","","","","","","","","","","","","",""
"","Level 10 :","Facing the End","Agility","Level 25 :","Master of Torture","","Level 45 :","AP +1","","","Weapon Set 1","Noble Sword","Severed Hand","Sharpened Venom Blade","Imminent Torment","","","Level 10 :","Facing the End","Agility","Level 25 :","Killing Spree","","Level 45 :","AP +1","","","Weapon Set 1","Noble Sword","Severed Hand","Djiin Blade of Yremeryss","Djiin Blade of Yremeryss","","","Level 10 :","Facing the End","Agility","Level 25 :","Personal Involvement","","Level 45 :","AP +1","","","Weapon Set 1","Noble Sword","Anver Chainsword","Duelling Sword","Duelling Sword / Auto-Striking Power Sword","","","","","","","","","","","","","","","","","","","","","","","","","","","","","","","","","","","","","","","","","","","","","","","","","","","",""
"","Level 11 :","Acrobatic Artistry","Dance Partners","Level 26 :","Agility","Medicae","Level 46 :","Rising Tempo","Awareness","","","Wrath of Saint Drusus","Exotic Venom Blade","Blackhaze Venom Blade","Imminent Torment","","","Level 11 :","Acrobatic Artistry","Dance Partners","Level 26 :","Agility","Medicae","Level 46 :","Guillotine","Awareness","","","Wrath of Saint Drusus","Exotic Venom Blade","Insatiable Djin Blade","Insatiable Djin Blade","","","Level 11 :","Acrobatic Artistry","Dance Partners","Level 26 :","Medicae","Agility","Level 46 :","Rising Tempo","Awareness","","","Wrath of Saint Drusus","Elite Chainsword","Karkalla's Honour","Sol Pattern Elite Power Sword","","","","","","","","","","","","","","","","","","","","","","","","","","","","","","","","","","","","","","","","","","","","","","","","","","","",""
"","Level 12 :","Agility","Awareness","Level 27 :","Carnival of Misery III","","Level 47 :","Duellist","Awareness","","Weapon Set 2","","Bloodthirster","Bloodthirster","LD pattern well-maintained rock saw","","","Level 12 :","Agility","Awareness","Level 27 :","Dispatch II","","Level 47 :","Duellist","Awareness","","Weapon Set 2","","Bloodthirster","Bloodthirster","Well-maintained rock saw","","","Level 12 :","Agility","Awareness","Level 27 :","Orchestrated Firestorm III","","Level 47 :","Guillotine","Awareness","","Weapon Set 2","","Emergency Cutter","Emergency Cutter","Well-Maintained Rock Saw","","","","","","","","","","","","","","","","","","","","","","","","","","","","","","","","","","","","","","","","","","","","","","","","","","","",""
"","Level 13 :","Characteristic Training: Per","Demolition","Level 28 :","Invigorating Screams / Perfect Anatomy","","Level 48 :","Sickening Pain","Agility","","","","","","","","","Level 13 :","Characteristic Training: Per","Demolition","Level 28 :","Finesse","Perfect Opening","Level 48 :","Lone Killer","Agility","","","","","","","","","Level 13 :","Characteristic Training: Per","Demolition","Level 28 :","Against All Odds","","Level 48 :","Support the Advance","Agility","","","","","","","","","","","","","","","","","","","","","","","","","","","","","","","","","","","","","","","","","","","","","","","","","","","","","","","","","",""
"","Level 14 :","Perception","Sweeping Motions","Level 29 :","Perception","Medicae","Level 49 :","Perception","Awareness","","","","","","","","","Level 14 :","Perception","Sweeping Motions","Level 29 :","Perception","Medicae","Level 49 :","Perception","Demolition","","","","","","","","","Level 14 :","Perception","Sweeping Motions","Level 29 :","Demolition","Perception","Level 49 :","Perception","Awareness","","","","","","","","","","","","","","","","","","","","","","","","","","","","","","","","","","","","","","","","","","","","","","","","","","","","","","","","","",""
"","Level 15 :","Death Waltz III","","Level 30 :","Exsanguination","Finesse","Level 50 :","Extermination","Race Against Death","","Optical Insertion","Somatic Insertion","Cortical Insertion","Sinistral Insertion","Dextral Insertion","Musculoskeletal Insertion","","Level 15 :","Death Waltz III","","Level 30 :","Danse Macabre","","Level 50 :","Peak Condition","Race Against Death","","Optical Insertion","Somatic Insertion","Cortical Insertion","Sinistral Insertion","Dextral Insertion","Musculoskeletal Insertion","","Level 15 :","Death Waltz III","","Level 30 :","Jinx","Fervour","Level 50 :","Extermination","It Takes Two","","Optical Insertion","Somatic Insertion","Cortical Insertion","Sinistral Insertion","Dextral Insertion","Musculoskeletal Insertion","","","","","","","","","","","","","","","","","","","","","","","","","","","","","","","","","","","","","","","","","","","","","","","","","","",""
"","","","","Level 31 :","Fragile Playthings","","Level 51 :","Jinx","Demolition","","Focal Emitter MK-I","Neural System Graft MK Warrior","","","Chymist Combat Infuser MK Soldier","Skullcrushers","","","","","Level 31 :","Open the Veins","Morbid Pirouette","Level 51 :","Outsmart","Demolition","","","","","","","","","","","","Level 31 :","Stacking the Deck","","Level 51 :","Logistical Superiority","Awareness","","Focal Emitter MK-I","","","","","Skullcrushers","","","","","","","","","","","","","","","","","","","","","","","","","","","","","","","","","","","","","","","","","","","","","","","","","","",""
"","","","","Level 32 :","Perception","Demolition","Level 52 :","Bloody Mess","Advanced Skill: Medicae","","Focal Emitter MK-I","Neural System Graft MK Warrior","","","Chymist Combat Infuser","Skullcrushers","","","","","Level 32 :","Awareness","","Level 52 :","Unforgiving","Residual Power / PA","","","","","","","","","","","","Level 32 :","Perception","Demolition","Level 52 :","Duellist","Lethal Precision","","Focal Emitter MK-I","","Cerebral Inverter MK 'Tactician'","","","Skullcrushers","","","","","","","","","","","","","","","","","","","","","","","","","","","","","","","","","","","","","","","","","","","","","","","","","","",""
"","","","","Level 33 :","Racking Weakness","","Level 53 :","Gift of Torment","Perception","","Focal Emitter MK-II","Neural System Graft MKII","Telemetric Logis Analyser MK II","","Chymist Combat Infuser","Skullcrushers","","","","","Level 33 :","Disarray","Perception","Level 53 :","Poised to Strike","Perception","","Focal Emitter MK-I","Neural Systems Graft MK Assassin","Telemetric Logis-Analyser MK II","Pneumatic Assault Grapple MK Assassin","","Phase Oscillator MK II","","","","","Level 33 :","Brink of Death","","Level 53 :","Strongpoint","Perception","","Focal Emitter MK-II","","Cerebral Inverter MK 'Tactician'","","","Skullcrushers","","","","","","","","","","","","","","","","","","","","","","","","","","","","","","","","","","","","","","","","","","","","","","","","","","",""
"","","","","Level 34 :","Perception","Open the Veins","Level 54 :","Eagar for Battle","Blade in His Hand","","","","","","","","","","","","Level 34 :","Bloody Mess","","Level 54 :","Degraded Defence / Extermination","Flawless Lunge","","","","","","","","","","","","Level 34 :","Perception","Be Smart","Level 54 :","Eager for Battle","Stronghold","","","","","","","","","","","","","","","","","","","","","","","","","","","","","","","","","","","","","","","","","","","","","","","","","","","","","","","","","",""
"","","","","Level 35 :","Carnival of Misery IV","","Level 55 :","AP +1","","","","","","","","","","","","","Level 35 :","Dispatch III","","Level 55 :","AP +1","","","","","","","","","","","","","Level 35 :","Orchestrated Firestorm II","","Level 55 :","AP +1","","","","","","","","","","","","","","","","","","","","","","","","","","","","","","","","","","","","","","","","","","","","","","","","","","","","","","","","","","",""
"","Solomorne Anthar - Cyber-Master Leashmaster ","","","","","","","","","","Skill Options","","","","","","","","","","","","","","","","","","","","","","","","","","","","","","","","","","","","","","","","","","","","","","","","","","","","","","","","","","","","","","","","","","","","","","","","","","","","","","","","","","","","","","","","","",""
"","Updated for DLC 3, heavier focus on burst fire in exemplar as Glaito with single attack support during firearm mastery + Electric Strikes does obscene damage","","","","","","","","","","Demolitions / Awareness / Coercion","","","","","","","","","","","","","","","","","","","","","","","","","","","","","","","","","","","","","","","","","","","","","","","","","","","","","","","","","","","","","","","","","","","","","","","","","","","","","","","","","","","","","","","","","",""
"","Soldier","","","Overseer","","","Exemplar","","","","","","","","","","","","","","","","","","","","","","","","","","","","","","","","","","","","","","","","","","","","","","","","","","","","","","","","","","","","","","","","","","","","","","","","","","","","","","","","","","","","","","","","","","","","","",""
"","Level 1 :","Run and Gun","","Level 16 :","Cyber-Mastiff Proficiency","","Level 36 :","Degraded Defence","Fired Up","","Gear to consider","Act 1","Act 2","Act 3","Act 4","Act 5","","","","","","","","","","","","","","","","","","","","","","","","","","","","","","","","","","","","","","","","","","","","","","","","","","","","","","","","","","","","","","","","","","","","","","","","","","","","","","","","","","","","",""
"","Level 2 :","Demolition","","Level 17 :","Advanced Tracking","","Level 37 :","Demolition","Automatic Protection","","Helm","","Adeptus Arbites Helmet","Adeptus Arbites Helmet","Steel guidance / Gunslinger's Helmet","","","","","","","","","","","","","","","","","","","","","","","","","","","","","","","","","","","","","","","","","","","","","","","","","","","","","","","","","","","","","","","","","","","","","","","","","","","","","","","","","","","","","",""
"","Level 3 :","Revel in Slaughter","","Level 18 :","Relentless Pursuit","","Level 38 :","Ballistic Skill","Grenadier","","Armour","","War World Origin Enforcer Carapace","War World Origin Enforcer Carapace","Hive world Origin Voidsmen Armour / Warrior Armour","","","","","","","","","","","","","","","","","","","","","","","","","","","","","","","","","","","","","","","","","","","","","","","","","","","","","","","","","","","","","","","","","","","","","","","","","","","","","","","","","","","","","",""
"","Level 4 :","Firearm Mastery","Rack and Ruin","Level 19 :","Overcharge","","Level 39 :","Rapid Fire","Demolition","","Cloak","","Cloak of Hatred","Cloak of Hatred","Cloak of Hatred / Tempestus Elite crapace backpack","","","","","","","","","","","","","","","","","","","","","","","","","","","","","","","","","","","","","","","","","","","","","","","","","","","","","","","","","","","","","","","","","","","","","","","","","","","","","","","","","","","","","",""
"","Level 5 :","Ballistic Skill","Demolition Engineer","Level 20 :","Ap +1","Ballistic Skill","Level 40 :","Eager Subordinates","Brother-In-Arms","","Neck","","Ironclad Argument","Ironclad Argument","Vial of Falstow / Ruby Splash","","","","","","","","","","","","","","","","","","","","","","","","","","","","","","","","","","","","","","","","","","","","","","","","","","","","","","","","","","","","","","","","","","","","","","","","","","","","","","","","","","","","","",""
"","Level 6 :","Ballistic Skill","Grisly Adjudication","Level 21 :","Rite of Calibration","Ballistic Skill","Level 41 :","Ballistic Skill","Unfaltering Fire","","Accessory 1","","Hadd-Pattern Data-Loom","Hadd-Pattern Data-Loom","Seal of the Purifier / Iron Cape / Bead of Might","","","","","","","","","","","","","","","","","","","","","","","","","","","","","","","","","","","","","","","","","","","","","","","","","","","","","","","","","","","","","","","","","","","","","","","","","","","","","","","","","","","","","",""
"","Level 7 :","Agility","Lawful Intervention","Level 22 :","Strategic Adaptation","Demolition","Level 42 :","Bite! / Double Slug","Agility","","Accessory 2","","Force Field Emitter","Force Field Emitter","Demolition Instructions ","","","","","","","","","","","","","","","","","","","","","","","","","","","","","","","","","","","","","","","","","","","","","","","","","","","","","","","","","","","","","","","","","","","","","","","","","","","","","","","","","","","","","",""
"","Level 8 :","Second Skin","Demolition","Level 23 :","Enhanced Augmetics","","Level 43 :","Cohesion","Doing My Part","","Gloves","","Marksman Bracers","Marksman Bracers","Elastic Gloves / Compensator Gloves / Rapid Desolation","","","","","","","","","","","","","","","","","","","","","","","","","","","","","","","","","","","","","","","","","","","","","","","","","","","","","","","","","","","","","","","","","","","","","","","","","","","","","","","","","","","","","",""
"","Level 9 :","Firearm Mastery III","","Level 24 :","Agility","Shotgun Mastery","Level 44 :","Coercion","Extermination","","Boots","","Warmonger Boots","Warmonger Boots","Navy Breacher Boots / Recoil Warboots","","","","","","","","","","","","","","","","","","","","","","","","","","","","","","","","","","","","","","","","","","","","","","","","","","","","","","","","","","","","","","","","","","","","","","","","","","","","","","","","","","","","","",""
"","Level 10 :","Point-Blank","Agility","Level 25 :","Chain-Maw","","Level 45 :","AP +1","","","Weapon Set 1","","Nullifying Shotgun","Mars Pattern Shotgun","Double-Barreled Shotgun","","","","","","","","","","","","","","","","","","","","","","","","","","","","","","","","","","","","","","","","","","","","","","","","","","","","","","","","","","","","","","","","","","","","","","","","","","","","","","","","","","","","","",""
"","Level 11 :","Concentrated Fire","Coercion","Level 26 :","Agility","Demolition","Level 46 :","Alacrity","Coercion","","","","Insulator Shield","Insulator Shield","Gunnery Shield","","","","","","","","","","","","","","","","","","","","","","","","","","","","","","","","","","","","","","","","","","","","","","","","","","","","","","","","","","","","","","","","","","","","","","","","","","","","","","","","","","","","","",""
"","Level 12 :","Perception","Armour-Piercing","Level 27 :","Overcharge II","","Level 47 :","Muzzle Velocity","Medicae","","Weapon Set 2","","Assault Lasgun","Eroding Autogun","Necrontech Hot Shot Lasgun / Implacable Tempest","","","","","","","","","","","","","","","","","","","","","","","","","","","","","","","","","","","","","","","","","","","","","","","","","","","","","","","","","","","","","","","","","","","","","","","","","","","","","","","","","","","","","",""
"","Level 13 :","Camaraderie","Prepared Prosecution","Level 28 :","Suppression Factor","Law and Order","Level 48 :","Dependable Ally","Agility","","","","","","","","","","","","","","","","","","","","","","","","","","","","","","","","","","","","","","","","","","","","","","","","","","","","","","","","","","","","","","","","","","","","","","","","","","","","","","","","","","","","","","","","","","","",""
"","Level 14 :","Pillar of the Law","Coercion","Level 29 :","Perception","Coercion","Level 49 :","Perception","Awareness","","Pet Protocol","","Wrath of the Meek","Wrath of the Meek","Pack Hunting","","","","","","","","","","","","","","","","","","","","","","","","","","","","","","","","","","","","","","","","","","","","","","","","","","","","","","","","","","","","","","","","","","","","","","","","","","","","","","","","","","","","","",""
"","Level 15 :","Firearm Mastery IV","","Level 30 :","Consolidation","","Level 50 :","Vital Points","Enough Bullets for Everyone","","","","","","","","","","","","","","","","","","","","","","","","","","","","","","","","","","","","","","","","","","","","","","","","","","","","","","","","","","","","","","","","","","","","","","","","","","","","","","","","","","","","","","","","","","","",""
"","","","","Level 31 :","Side by Side","Public Sentencing","Level 51 :","Battle Mode: Terror","Awareness","","Optical Insertion","Somatic Insertion","Cortical Insertion","Sinistral Insertion","Dextral Insertion","Musculoskeletal Insertion","","","","","","","","","","","","","","","","","","","","","","","","","","","","","","","","","","","","","","","","","","","","","","","","","","","","","","","","","","","","","","","","","","","","","","","","","","","","","","","","","","","","",""
"","","","","Level 32 :","Perception","Coercion","Level 52 :","Tenderise","Know No Heresy / Residual Power","","Master-Link Visors","","","Hand of Penance","Hand of Righteous","Hydraulic Booster","Act 2","","","","","","","","","","","","","","","","","","","","","","","","","","","","","","","","","","","","","","","","","","","","","","","","","","","","","","","","","","","","","","","","","","","","","","","","","","","","","","","","","","","",""
"","","","","Level 33 :","Perimeter Defence","","Level 53 :","Dash / Entrench","Perception","","","","","","","","Act 3","","","","","","","","","","","","","","","","","","","","","","","","","","","","","","","","","","","","","","","","","","","","","","","","","","","","","","","","","","","","","","","","","","","","","","","","","","","","","","","","","","","",""
"","","","","Level 34 :","Mob Justice","","Level 54 :","Eager for Battle","Fortress","","","","","","","","Act 4","","","","","","","","","","","","","","","","","","","","","","","","","","","","","","","","","","","","","","","","","","","","","","","","","","","","","","","","","","","","","","","","","","","","","","","","","","","","","","","","","","","",""
"","","","","Level 35 :","Overcharge I","","Level 55 :","AP +1","","","","","","","","","Act 5","","","","","","","","","","","","","","","","","","","","","","","","","","","","","","","","","","","","","","","","","","","","","","","","","","","","","","","","","","","","","","","","","","","","","","","","","","","","","","","","","","","",""
"","Eogunn Ferbus - Manipulus of the motive force","","","","","","","","","","Skill Options","","","","","","","Eogunn Ferbus - Grand Manipulus","","","","","","","","","","Skill Options","","","","","","","Eogunn Ferbus - Master of Motive Force","","","","","","","","","","Skill Options","","","","","","","","","","","","","","","","","","","","","","","","","","","","","","","","","","","","","","","","","","","","","","","","","","","","","","","",""
"","Wont attack early due to low BS/PER - later levels will give Int to Per gear but his charge distribution buff is obscene. Aoe this with his other unique manipulus buffs to drastic boost the party then join damage in later levels","","","","","","","","","","All Fellowship / All Intelligence (can also swap Lore Xenos / Tech-Use for Persuasion)","","","","","","","","","","","","","","","","","All Fellowship / All Intelligence (can also swap Lore Xenos / Tech-Use for Persuasion)","","","","","","","","","","","","","","","","","All Fellowship / All Intelligence (can also swap Lore Xenos / Tech-Use for Persuasion)","","","","","","","","","","","","","","","","","","","","","","","","","","","","","","","","","","","","","","","","","","","","","","","","","","","","","","","",""
"","Officer","","","Overseer","","","Exemplar","","","","","","","","","","","Officer","","","Grand Strategist","","","Exemplar","","","","","","","","","","","Officer","","","Master Tactician","","","Exemplar","","","","","","","","","","","","","","","","","","","","","","","","","","","","","","","","","","","","","","","","","","","","","","","","","","","","","","","","","","","",""
"","Level 1 :","Voice Of Command","","Level 16 :","Servo-Skull Swarm","","Level 36 :","Firebrand","Personal Oversight","","Gear to consider","Act 1","Act 2","Act 3","Act 4","Act 5","","Level 1 :","Voice Of Command","","Level 16 :","Combat Tactics","","Level 36 :","Firebrand","Personal Oversight","","Gear to consider","Act 1","Act 2","Act 3","Act 4","Act 5","","Level 1 :","Voice Of Command","","Level 16 :","Tactical Advantage","Press The Advantage","Level 36 :","Masterful Display","Personal Oversight","","Gear to consider","Act 1","Act 2","Act 3","Act 4","Act 5","","","","","","","","","","","","","","","","","","","","","","","","","","","","","","","","","","","","","","","","","","","","","","","","","","",""
"","Level 2 :","Tech-Use","","Level 17 :","Charge Distribution","","Level 37 :","Logic","Kinetic Module","","Helm","","Monocular of Ballistic Calculation","Monocular of Ballistic Calculation","Monocular of Ballistic Calculation","","","Level 2 :","Tech-Use","","Level 17 :","Charge Distribution","","Level 37 :","Logic","Reserve Optimisation","","Helm","","Monocular of Ballistic Calculation","Monocular of Ballistic Calculation","Monocular of Ballistic Calculation","","","Level 2 :","Tech-Use","","Level 17 :","Charge Distribution","","Level 37 :","Lore Xenos","Reserve Optimisation","","Helm","","Monocular of Ballistic Calculation","Monocular of Ballistic Calculation","Monocular of Ballistic Calculation","","","","","","","","","","","","","","","","","","","","","","","","","","","","","","","","","","","","","","","","","","","","","","","","","","","",""
"","Level 3 :","Bring it Down !","","Level 18 :","Symbiosis","","Level 38 :","Ballistic Skill","Echopulse","","Armour","","","","","","","Level 3 :","Bring it Down !","","Level 18 :","Improvised Strategy","","Level 38 :","Ballistic Skill","Echopulse","","Armour","","","","","","","Level 3 :","Bring it Down !","","Level 18 :","Conduction","","Level 38 :","Ballistic Skill","Aeldari Weapon Proficiency","","Armour","","","","","","","","","","","","","","","","","","","","","","","","","","","","","","","","","","","","","","","","","","","","","","","","","","","","","","","",""
"","Level 4 :","Finest Hour","Lasting Impression","Level 19 :","Overcharge","","Level 39 :","Galvanic Gate Mechadendrite","Logic","","Cloak","","","","","","","Level 4 :","Finest Hour","Lasting Impression","Level 19 :","Take and Hold","","Level 39 :","Move, Move, Move!","Logic","","Cloak","","","","","","","Level 4 :","Finest Hour","Lasting Impression","Level 19 :","Orchestrated Firestorm","","Level 39 :","Move, Move, Move!","Logic","","Cloak","","","","","","","","","","","","","","","","","","","","","","","","","","","","","","","","","","","","","","","","","","","","","","","","","","","","","","","",""
"","Level 5 :","Intelligence","Base Skill: Logic","Level 20 :","AP +1","Intelligence","Level 40 :","Degraded Defence","High Voltage","","Neck","","Hypnotising Pendant / Medal Of alacrity","Hypnotising Pendant / Medal Of alacrity","Omnissiah Holy Symbol / Medal Of alacrity","","","Level 5 :","Intelligence","Base Skill: Logic","Level 20 :","Ap +1","Intelligence","Level 40 :","Degraded Defence","Lost Energy","","Neck","","Hypnotising Pendant / Medal Of alacrity","Hypnotising Pendant / Medal Of alacrity","Omnissiah Holy Symbol / Medal Of alacrity","","","Level 5 :","Intelligence","Base Skill: Logic","Level 20 :","Ap +1","Ballistic Skill","Level 40 :","Deathdealer","Stacking the deck","","Neck","","Hypnotising Pendant / Medal Of alacrity","Hypnotising Pendant / Medal Of alacrity","Onsalught Amulet","","","","","","","","","","","","","","","","","","","","","","","","","","","","","","","","","","","","","","","","","","","","","","","","","","","",""
"","Level 6 :","Decisive Response","Intelligence","Level 21 :","Galvanic Module","Intelligence","Level 41 :","Ballistic Skill","Leader's Assault","","Accessory 1","","Touch of the Omnissiah","Touch of the Omnissiah / black signet of the inquisition","Touch of the Omnissiah / black signet of the inquisition","","","Level 6 :","Decisive Response","Intelligence","Level 21 :","Fire at Will","Intelligence","Level 41 :","Ballistic Skill","Seize the Initiative","","Accessory 1","","Touch of the Omnissiah","Touch of the Omnissiah / black signet of the inquisition","Touch of the Omnissiah / black signet of the inquisition","","","Level 6 :","Decisive Response","Intelligence","Level 21 :","Ballistic Skill","Joint Offensive","Level 41 :","Ballistic Skill","Leader's Assault","","Accessory 1","","Touch of the Omnissiah","black signet of the inquisition","black signet of the inquisition","","","","","","","","","","","","","","","","","","","","","","","","","","","","","","","","","","","","","","","","","","","","","","","","","","","",""
"","Level 7 :","Air of Authority","Base Skill: Tech Use","Level 22 :","Defend the Divine Work","Logic","Level 42 :","Medicae Signal","Intelligence","","Accessory 2","","Portative Manipulator","Hadd-Pattern Data Loom","Cogni-simulacrum ef-ultima- / Commander's Chrono","","","Level 7 :","Air of Authority","Base Skill: Tech Use","Level 22 :","Combat Locus Stratagem","","Level 42 :","Galvanic Gate Mechadendrite","Intelligence","","Accessory 2","","Portative Manipulator","Hadd-Pattern Data Loom","Cogni-simulacrum ef-ultima- / Commander's Chrono","","","Level 7 :","Air of Authority","Base Skill: Tech Use","Level 22 :","Linchpin","","Level 42 :","Fervour","Intelligence","","Accessory 2","","Portative Manipulator","Hadd-Pattern Data Loom","Commander's Chrono","","","","","","","","","","","","","","","","","","","","","","","","","","","","","","","","","","","","","","","","","","","","","","","","","","","",""
"","Level 8 :","Steel Resolve","Tech-Use","Level 23 :","The Machine God's Protection","","Level 43 :","Unseen Support","Lethal Precision","","Gloves","","Grenadier's Gloves","Marksman Bracers","Marksman Bracers","","","Level 8 :","Steel Resolve","Tech-Use","Level 23 :","Logic","Blurred Locus","Level 43 :","High Voltage","Motive-Force Overload","","Gloves","","Grenadier's Gloves","Marksman Bracers","Marksman Bracers","","","Level 8 :","Steel Resolve","Tech-Use","Level 23 :","Reliance","Logic","Level 43 :","Dawn of Victory","Lethal Precision","","Gloves","","Grenadier's Gloves","Marksman Bracers","Current Amplifiers","","","","","","","","","","","","","","","","","","","","","","","","","","","","","","","","","","","","","","","","","","","","","","","","","","","",""
"","Level 9 :","Finest Hour I","","Level 24 :","Fellowship","Liturgy of Insulation","Level 44 :","Persuasion / Tech-Use","Eager Subordinates","","Boots","","","","","","","Level 9 :","Finest Hour I","","Level 24 :","Fellowship","Liturgy of Insulation","Level 44 :","Persuasion / Tech-Use","Eager Subordinates","","Boots","","","","","","","Level 9 :","Finest Hour I","","Level 24 :","Fellowship","Overclocking Module","Level 44 :","Logic","Firebrand","","Boots","","","","","","","","","","","","","","","","","","","","","","","","","","","","","","","","","","","","","","","","","","","","","","","","","","","","","","","",""
"","Level 10 :","Logic","Ballistic Skill","Level 25 :","Conduction","","Level 45 :","AP +1","","","Weapon Set 1","","Alpha's Arc Rifle","Alpha's Arc Rifle","Arc Rifle Mindstorm","","","Level 10 :","Logic","Ballistic Skill","Level 25 :","Galvanic Reaction","","Level 45 :","AP +1","","","Weapon Set 1","","Alpha's Arc Rifle","Alpha's Arc Rifle","Arc Rifle Mindstorm","","","Level 10 :","Logic","Ballistic Skill","Level 25 :","Hidden Advantage","","Level 45 :","AP +1","","","Weapon Set 1","","Alpha's Arc Rifle","Alpha's Arc Rifle","Arc Rifle Mindstorm","","","","","","","","","","","","","","","","","","","","","","","","","","","","","","","","","","","","","","","","","","","","","","","","","","","",""
"","Level 11 :","Inspiring Speech","Ballistic Skill","Level 26 :","Fellowship","Logic","Level 46 :","Seize the iniative","Persuasion / Tech-Use","","","","","","","","","Level 11 :","Inspiring Speech","Ballistic Skill","Level 26 :","Fellowship","Logic","Level 46 :","Leader's Assault","Persuasion / Tech-Use","","","","","","","","","Level 11 :","Inspiring Speech","Ballistic Skill","Level 26 :","Logic","Fellowship","Level 46 :","Potential DIfference","Persuasion / Tech-Use","","","","","","","","","","","","","","","","","","","","","","","","","","","","","","","","","","","","","","","","","","","","","","","","","","","","","","","","","",""
"","Level 12 :","Take Aim!","Base Skill: Medicae","Level 27 :","Overcharge II","","Level 47 :","Potential DIfference","Persuasion / Tech-Use","","Weapon Set 2","","Heavy Plasma Gun","Heavy Plasma Gun","Ancient Plasma Gun","","","Level 12 :","Take Aim!","Base Skill: Medicae","Level 27 :","Take and Hold IV","","Level 47 :","Personal Combat Zone","Lore Xenos","","Weapon Set 2","","Heavy Plasma Gun","Heavy Plasma Gun","Ancient Plasma Gun","","","Level 12 :","Take Aim!","Base Skill: Medicae","Level 27 :","Orchestrated Firestorm III","","Level 47 :","Seize the Initiative","Persuasion / Tech-Use","","Weapon Set 2","","Heavy Plasma Gun","Wanderer's Portent","Wanderer's Portent","","","","","","","","","","","","","","","","","","","","","","","","","","","","","","","","","","","","","","","","","","","","","","","","","","","",""
"","Level 13 :","Focus!","Logic","Level 28 :","Galvanic Reaction","Overclocking Module","Level 48 :","Lost Energy","Intelligence","","","","","","","","","Level 13 :","Focus!","Logic","Level 28 :","Conduction","Fellowship","Level 48 :","Critical Zone","Intelligence","","","","","","","","","Level 13 :","Focus!","Logic","Level 28 :","Against All Odds","","Level 48 :","Undisputed Advantage","Intelligence","","","","","","","","","","","","","","","","","","","","","","","","","","","","","","","","","","","","","","","","","","","","","","","","","","","","","","","","","",""
"","Level 14 :","Fellowship","Calculated Relations","Level 29 :","Ballistic Skill","Persuasion / Tech-Use","Level 49 :","Fellowship","Lore Xenos","","Pet Protocol","","Analytics Module","Analytics Module","Fortification Protocol","","","Level 14 :","Fellowship","Calculated Relations","Level 29 :","Ballistic Skill","Persuasion / Tech-Use","Level 49 :","Fellowship","Lore Xenos","","Pet Protocol","","Analytics Module","Analytics Module","Fortification Protocol","","","Level 14 :","Fellowship","Calculated Relations","Level 29 :","Persuasion / Tech-Use","Fellowship","Level 49 :","Fellowship","Persuasion / Lore Xenos","","","","","","","","","","","","","","","","","","","","","","","","","","","","","","","","","","","","","","","","","","","","","","","","","","","","","","","","","",""
"","Level 15 :","Finest Hour IV","","Level 30 :","Strategic Adaptation","","Level 50 :","Eager for Battle","Steady!","","","","","","","","","Level 15 :","Finest Hour IV","","Level 30 :","Defend the divine work","","Level 50 :","Eager for Battle","Steady!","","","","","","","","","Level 15 :","Finest Hour IV","","Level 30 :","Staggering Jolt","Inspire","Level 50 :","Know-it-all","Steady!","","","","","","","","","","","","","","","","","","","","","","","","","","","","","","","","","","","","","","","","","","","","","","","","","","","","","","","","","",""
"","","","","Level 31 :","Reserve Optimisation","Residual Charge","Level 51 :","Brother-in-Arms","Lore Xenos","","Optical Insertion","Somatic Insertion","Cortical Insertion","Sinistral Insertion","Dextral Insertion","Musculoskeletal Insertion","","","","","Level 31 :","The Machine God's Protection","Residual Charge","Level 51 :","Personal Zone","Lore Xenos","","Optical Insertion","Somatic Insertion","Cortical Insertion","Sinistral Insertion","Dextral Insertion","Musculoskeletal Insertion","","","","","Level 31 :","Unwavering Motivation","","Level 51 :","Brink of Death","Lore Xenos","","Optical Insertion","Somatic Insertion","Cortical Insertion","Sinistral Insertion","Dextral Insertion","Musculoskeletal Insertion","","","","","","","","","","","","","","","","","","","","","","","","","","","","","","","","","","","","","","","","","","","","","","","","","","",""
"","","","","Level 32 :","Ballistic Skill","Persuasion / Tech-Use","Level 52 :","No Respite","Motive-Force Overload","","","","","","Transonic Cannon","Grav-Core Circuit","","","","","Level 32 :","Persuasion / Tech-Use","Ballistic Skill","Level 52 :","No respite","Residual Power","","","","","","Transonic Cannon","Grav-Core Circuit","","","","","Level 32 :","Intelligence","Persuasion / Tech-Use","Level 52 :","Be Vigilant!","Calculated Resolve","","","","","","Transonic Cannon","Grav-Core Circuit","","","","","","","","","","","","","","","","","","","","","","","","","","","","","","","","","","","","","","","","","","","","","","","","","","",""
"","","","","Level 33 :","Rite of Calibration","","Level 53 :","Repair Mechadendrite","Fellowship","","","","","","","","","","","","Level 33 :","Toughness","Overclocking Module","Level 53 :","Repair Mechadendrite","Fellowship","","","","","","","","","","","","Level 33 :","Lost Energy","","Level 53 :","Finish the Job","Fellowship","","","","Cerebral Inverter MK Tactician","","Magnarail Lance","Grav-Core Circuit","","","","","","","","","","","","","","","","","","","","","","","","","","","","","","","","","","","","","","","","","","","","","","","","","","",""
"","","","","Level 34 :","Staggering Jolt","","Level 54 :","Attention! / Deathdealer","At the speed of thought","","Line-Support Augur Array","Lechtro-Integrated Celling","Cerebral Inverter MK Operative","Remote Revitaliser MK Officer","Modified Magnarail Lance","","","","","","Level 34 :","Staggering Jolt","","Level 54 :","Attention!","At the speed of thought","","Line-Support Augur Array","Lechtro-Integrated Celling","Cerebral Inverter MK Operative","Remote Revitaliser MK Officer","Modified Magnarail Lance","","","","","","Level 34 :","Intelligence","Residual Charge","Level 54 :","Degraded Defence","Personal Involvement","","Long-Range Combat Sensors","Lechtro-Integrated Celling","Cerebral Inverter MK Tactician","Remote Revitaliser MK Officer","Modified Magnarail Lance","Grav-Core Circuit","","","","","","","","","","","","","","","","","","","","","","","","","","","","","","","","","","","","","","","","","","","","","","","","","","",""
"","","","","Level 35 :","Overcharge I","","Level 55 :","AP +1","","","","","","","","","","","","","Level 35 :","Take and Hold III","","Level 55 :","AP +1","","","","","","","","","","","","","Level 35 :","Orchestrated Firestorm II","","Level 55 :","AP +1","","","","","","","","","","","","","","","","","","","","","","","","","","","","","","","","","","","","","","","","","","","","","","","","","","","","","","","","","","",""
"","Incendia Chorda","","","","","","","","","","Skill Options","","","","","","","","","","","","","","","","","","","","","","","","","","","","","","","","","","","","","","","","","","","","","","","","","","","","","","","","","","","","","","","","","","","","","","","","","","","","","","","","","","","","","","","","","",""
"","","","","","","","","","","","Demolition / Awareness / Coercion / Commerce / Persuasion","","","","","","","","","","","","","","","","","","","","","","","","","","","","","","","","","","","","","","","","","","","","","","","","","","","","","","","","","","","","","","","","","","","","","","","","","","","","","","","","","","","","","","","","","",""
"","Soldier","","","Master Tactician","","","Exemplar","","","","","","","","","","","","","","","","","","","","","","","","","","","","","","","","","","","","","","","","","","","","","","","","","","","","","","","","","","","","","","","","","","","","","","","","","","","","","","","","","","","","","","","","","","","","","",""
"","Level 1 :","Run and Gun","","Level 16 :","Tactical Advantage","Press The Advantage","Level 36 :","Degraded Defence","Rapid Reload","","Gear to consider","Act 1","Act 2","Act 3","Act 4","Act 5","","","","","","","","","","","","","","","","","","","","","","","","","","","","","","","","","","","","","","","","","","","","","","","","","","","","","","","","","","","","","","","","","","","","","","","","","","","","","","","","","","","","",""
"","Level 2 :","Demolition","","Level 17 :","Inspire","","Level 37 :","Demolition","Reliance","","Helm","","","","","Gunslinger's Helm / Purifying Flame Helmet","","","","","","","","","","","","","","","","","","","","","","","","","","","","","","","","","","","","","","","","","","","","","","","","","","","","","","","","","","","","","","","","","","","","","","","","","","","","","","","","","","","","",""
"","Level 3 :","Revel in Slaughter","","Level 18 :","In The Hero's Footsteps","","Level 38 :","Ballistic Skill","Bolter Weapon Proficiency","","Armour","","","","","Death World Origin Enforcer Light Carapace","","","","","","","","","","","","","","","","","","","","","","","","","","","","","","","","","","","","","","","","","","","","","","","","","","","","","","","","","","","","","","","","","","","","","","","","","","","","","","","","","","","","",""
"","Level 4 :","Firearm Mastery","Demolition Engineer","Level 19 :","Orchestrated Firestorm","","Level 39 :","Rapid Fire","Demolition","","Cloak","","","","","Tempestus Carapace Elite Backpack","","","","","","","","","","","","","","","","","","","","","","","","","","","","","","","","","","","","","","","","","","","","","","","","","","","","","","","","","","","","","","","","","","","","","","","","","","","","","","","","","","","","",""
"","Level 5 :","Ballistic Score","Point-Blank","Level 20 :","Ap +1","Ballistic Score","Level 40 :","Extermination","Unwavering Motivation","","Neck","","","","","Onslaught Amulet","","","","","","","","","","","","","","","","","","","","","","","","","","","","","","","","","","","","","","","","","","","","","","","","","","","","","","","","","","","","","","","","","","","","","","","","","","","","","","","","","","","","",""
"","Level 6 :","Ballistic Score","Concentrated Fire","Level 21 :","Ballistic Score","Joint Offensive","Level 41 :","Ballistic Skill","Unfaltering Fire","","Accessory 1","","","","","Chains of Domination","","","","","","","","","","","","","","","","","","","","","","","","","","","","","","","","","","","","","","","","","","","","","","","","","","","","","","","","","","","","","","","","","","","","","","","","","","","","","","","","","","","","",""
"","Level 7 :","Willpower","Know No Heresy","Level 22 :","Fervour","","Level 42 :","Finish the Job","Perception","","Accessory 2","","","","","Enemy Finder / Bead of Might","","","","","","","","","","","","","","","","","","","","","","","","","","","","","","","","","","","","","","","","","","","","","","","","","","","","","","","","","","","","","","","","","","","","","","","","","","","","","","","","","","","","",""
"","Level 8 :","Camaraderie","Demolition","Level 23 :","Nerves of Steel","Persuasion","Level 43 :","Personal Involvement","Litany of Hatred","","Gloves","","","","","Compensator Gloves","","","","","","","","","","","","","","","","","","","","","","","","","","","","","","","","","","","","","","","","","","","","","","","","","","","","","","","","","","","","","","","","","","","","","","","","","","","","","","","","","","","","",""
"","Level 9 :","Firearm Mastery IV","","Level 24 :","Willpower","Litany of Purification","Level 44 :","Demolition","Vital Points","","Boots","","","","","Caligae of Saint Keefe","","","","","","","","","","","","","","","","","","","","","","","","","","","","","","","","","","","","","","","","","","","","","","","","","","","","","","","","","","","","","","","","","","","","","","","","","","","","","","","","","","","","",""
"","Level 10 :","Tenderise","Willpower","Level 25 :","Stand Resolute","","Level 45 :","AP +1","","","Weapon Set 1","","","","","Hymn of Vehemence","","","","","","","","","","","","","","","","","","","","","","","","","","","","","","","","","","","","","","","","","","","","","","","","","","","","","","","","","","","","","","","","","","","","","","","","","","","","","","","","","","","","",""
"","Level 11 :","Dash","Medicae","Level 26 :","Persuasion","Willpower","Level 46 :","Fired Up","Demolition","","","","","","","","","","","","","","","","","","","","","","","","","","","","","","","","","","","","","","","","","","","","","","","","","","","","","","","","","","","","","","","","","","","","","","","","","","","","","","","","","","","","","","","","","","","",""
"","Level 12 :","Perception","Stronger Together","Level 27 :","Orchestrated Firestorm II","","Level 47 :","Alacrity","Awareness","","Weapon Set 2","","","","","Mars Pattern Meltagun / Virtuous Vindication","","","","","","","","","","","","","","","","","","","","","","","","","","","","","","","","","","","","","","","","","","","","","","","","","","","","","","","","","","","","","","","","","","","","","","","","","","","","","","","","","","","","",""
"","Level 13 :","Tactical Disengage","The Emperor Protects","Level 28 :","Support the Advance","","Level 48 :","Stacking the Deck","Perception","","","","","","","","","","","","","","","","","","","","","","","","","","","","","","","","","","","","","","","","","","","","","","","","","","","","","","","","","","","","","","","","","","","","","","","","","","","","","","","","","","","","","","","","","","","",""
"","Level 14 :","Nimble","Medicae","Level 29 :","Persuasion","Agility","Level 49 :","Perception","Awareness","","","","","","","","","","","","","","","","","","","","","","","","","","","","","","","","","","","","","","","","","","","","","","","","","","","","","","","","","","","","","","","","","","","","","","","","","","","","","","","","","","","","","","","","","","","",""
"","Level 15 :","Firearm Mastery I","","Level 30 :","Tenets of Retribution","Linchpin","Level 50 :","Tipping Point","Rack and Ruin","","Optical Insertion","Somatic Insertion","Cortical Insertion","Sinistral Insertion","Dextral Insertion","Musculoskeletal Insertion","","","","","","","","","","","","","","","","","","","","","","","","","","","","","","","","","","","","","","","","","","","","","","","","","","","","","","","","","","","","","","","","","","","","","","","","","","","","","","","","","","","","",""
"","","","","Level 31 :","Ally Coordination","","Level 51 :","Against All Odds","Awareness","","","","","","","","","","","","","","","","","","","","","","","","","","","","","","","","","","","","","","","","","","","","","","","","","","","","","","","","","","","","","","","","","","","","","","","","","","","","","","","","","","","","","","","","","","","",""
"","","","","Level 32 :","Agility","Persuasion","Level 52 :","Muzzle Velocity","Doing my part","","","","","","","","","","","","","","","","","","","","","","","","","","","","","","","","","","","","","","","","","","","","","","","","","","","","","","","","","","","","","","","","","","","","","","","","","","","","","","","","","","","","","","","","","","","",""
"","","","","Level 33 :","Comfort in Conformity","","Level 53 :","Entrench / Controlled Shot","Perception","","","","","","","","","","","","","","","","","","","","","","","","","","","","","","","","","","","","","","","","","","","","","","","","","","","","","","","","","","","","","","","","","","","","","","","","","","","","","","","","","","","","","","","","","","","",""
"","","","","Level 34 :","Agility","Flensing Faith","Level 54 :","Eager for Battle","Undisputed Advantage","","","","","","","","","","","","","","","","","","","","","","","","","","","","","","","","","","","","","","","","","","","","","","","","","","","","","","","","","","","","","","","","","","","","","","","","","","","","","","","","","","","","","","","","","","","",""
"","","","","Level 35 :","Orchestrated Firestorm IV","","Level 55 :","AP +1","","","","","","","","","","","","","","","","","","","","","","","","","","","","","","","","","","","","","","","","","","","","","","","","","","","","","","","","","","","","","","","","","","","","","","","","","","","","","","","","","","","","","","","","","","","","",""
"","Calligos Winterscale","","","","","","","","","","Skill Options","","","","","","","","","","","","","","","","","","","","","","","","","","","","","","","","","","","","","","","","","","","","","","","","","","","","","","","","","","","","","","","","","","","","","","","","","","","","","","","","","","","","","","","","","",""
"","","","","","","","","","","","Athletics / Carouse","","","","","","","","","","","","","","","","","","","","","","","","","","","","","","","","","","","","","","","","","","","","","","","","","","","","","","","","","","","","","","","","","","","","","","","","","","","","","","","","","","","","","","","","","",""
"","Warrior","","","Arch-Militant","","","Exemplar","","","","","","","","","","","","","","","","","","","","","","","","","","","","","","","","","","","","","","","","","","","","","","","","","","","","","","","","","","","","","","","","","","","","","","","","","","","","","","","","","","","","","","","","","","","","","",""
"","Level 1 :","Charge","","Level 16 :","Versatility","","Level 36 :","Peak Condition","Impetus","","Gear to consider","Act 1","Act 2","Act 3","Act 4","Act 5","","","","","","","","","","","","","","","","","","","","","","","","","","","","","","","","","","","","","","","","","","","","","","","","","","","","","","","","","","","","","","","","","","","","","","","","","","","","","","","","","","","","",""
"","Level 2 :","Athletics","","Level 17 :","Kick","","Level 37 :","Athletics","Always Ready","","Helm","","","","","","","","","","","","","","","","","","","","","","","","","","","","","","","","","","","","","","","","","","","","","","","","","","","","","","","","","","","","","","","","","","","","","","","","","","","","","","","","","","","","","","","","","",""
"","Level 3 :","Endure","","Level 18 :","Martial Art","","Level 38 :","Weapon Skill","Dual-Weapon Combat","","Armour","","","","","","","","","","","","","","","","","","","","","","","","","","","","","","","","","","","","","","","","","","","","","","","","","","","","","","","","","","","","","","","","","","","","","","","","","","","","","","","","","","","","","","","","","",""
"","Level 4 :","Daring Breach","Contempt","Level 19 :","Steady Superiority","","Level 39 :","Sworn Enemy","Athletics","","Cloak","","","","","","","","","","","","","","","","","","","","","","","","","","","","","","","","","","","","","","","","","","","","","","","","","","","","","","","","","","","","","","","","","","","","","","","","","","","","","","","","","","","","","","","","","",""
"","Level 5 :","Enrage","Weapon Skill","Level 20 :","Ap +1","Weapon Skill","Level 40 :","Destroyer","Broad Expertise","","Neck","","","","","","","","","","","","","","","","","","","","","","","","","","","","","","","","","","","","","","","","","","","","","","","","","","","","","","","","","","","","","","","","","","","","","","","","","","","","","","","","","","","","","","","","","",""
"","Level 6 :","Reckless Strike","Athletics","Level 21 :","Exploit Weakness","Weapon Skill","Level 41 :","Weapon Skill","Opening Strike","","Accessory 1","","","","","","","","","","","","","","","","","","","","","","","","","","","","","","","","","","","","","","","","","","","","","","","","","","","","","","","","","","","","","","","","","","","","","","","","","","","","","","","","","","","","","","","","","",""
"","Level 7 :","Weapon Skill","Combat Master","Level 22 :","Devastating Attack","Heavy Armour proficiency","Level 42 :","Wild Fire","Toughness","","Accessory 2","","","","","","","","","","","","","","","","","","","","","","","","","","","","","","","","","","","","","","","","","","","","","","","","","","","","","","","","","","","","","","","","","","","","","","","","","","","","","","","","","","","","","","","","","",""
"","Level 8 :","Carouse","Reckless Fury","Level 23 :","Athletics","Breaking Attack","Level 43 :","Armsmaster","Melee Weapon Specialist","","Gloves","","","","","","","","","","","","","","","","","","","","","","","","","","","","","","","","","","","","","","","","","","","","","","","","","","","","","","","","","","","","","","","","","","","","","","","","","","","","","","","","","","","","","","","","","",""
"","Level 9 :","Daring breach I","","Level 24 :","Strength","Swift Movements","Level 44 :","Carouse","Degraded Defence","","Boots","","","","","","","","","","","","","","","","","","","","","","","","","","","","","","","","","","","","","","","","","","","","","","","","","","","","","","","","","","","","","","","","","","","","","","","","","","","","","","","","","","","","","","","","","",""
"","Level 10 :","Clentched Teeth","Strength","Level 25 :","Blood Haze","","Level 45 :","AP +1","","","Weapon Set 1","","","","","","","","","","","","","","","","","","","","","","","","","","","","","","","","","","","","","","","","","","","","","","","","","","","","","","","","","","","","","","","","","","","","","","","","","","","","","","","","","","","","","","","","","",""
"","Level 11 :","Forceful Strike","It Will Not Die","Level 26 :","Athletics","Strength","Level 46 :","Easy Target","Carouse","","","","","","","","","","","","","","","","","","","","","","","","","","","","","","","","","","","","","","","","","","","","","","","","","","","","","","","","","","","","","","","","","","","","","","","","","","","","","","","","","","","","","","","","","","","",""
"","Level 12 :","Strength","Carouse","Level 27 :","Steady Superiority I","","Level 47 :","Desolation","Carouse","","Weapon Set 2","","","","","","","","","","","","","","","","","","","","","","","","","","","","","","","","","","","","","","","","","","","","","","","","","","","","","","","","","","","","","","","","","","","","","","","","","","","","","","","","","","","","","","","","","",""
"","Level 13 :","Open Engagement","Coercion","Level 28 :","Demolition","Critical Versatility","Level 48 :","Flashfire","Toughness","","","","","","","","","","","","","","","","","","","","","","","","","","","","","","","","","","","","","","","","","","","","","","","","","","","","","","","","","","","","","","","","","","","","","","","","","","","","","","","","","","","","","","","","","","","",""
"","Level 14 :","Toughness","You. Kill It.","Level 29 :","Toughness","Chain Weapon Expert","Level 49 :","Perception","Carouse","","","","","","","","","","","","","","","","","","","","","","","","","","","","","","","","","","","","","","","","","","","","","","","","","","","","","","","","","","","","","","","","","","","","","","","","","","","","","","","","","","","","","","","","","","","",""
"","Level 15 :","Daring Breach II","","Level 30 :","Reckless Rush","","Level 50 :","Extermination","Ramming Speed","","Optical Insertion","Somatic Insertion","Cortical Insertion","Sinistral Insertion","Dextral Insertion","Musculoskeletal Insertion","","","","","","","","","","","","","","","","","","","","","","","","","","","","","","","","","","","","","","","","","","","","","","","","","","","","","","","","","","","","","","","","","","","","","","","","","","","","","","","","","","","","",""
"","","","","Level 31 :","All Out","","Level 51 :","Adaptability","Medicae","","","","","","","","","","","","","","","","","","","","","","","","","","","","","","","","","","","","","","","","","","","","","","","","","","","","","","","","","","","","","","","","","","","","","","","","","","","","","","","","","","","","","","","","","","","",""
"","","","","Level 32 :","Toughness","Demolition","Level 52 :","Preferred Targets","Dual-Weapon Specialist","","","","","","","","","","","","","","","","","","","","","","","","","","","","","","","","","","","","","","","","","","","","","","","","","","","","","","","","","","","","","","","","","","","","","","","","","","","","","","","","","","","","","","","","","","","",""
"","","","","Level 33 :","Contempt for the Weak","Toughness","Level 53 :","Taunting Scream","Perception","","","","","","","","","","","","","","","","","","","","","","","","","","","","","","","","","","","","","","","","","","","","","","","","","","","","","","","","","","","","","","","","","","","","","","","","","","","","","","","","","","","","","","","","","","","",""
"","","","","Level 34 :","Agility","Dueling Mastery","Level 54 :","Eager for Battle","Accustomed to Glory","","","","","","","","","","","","","","","","","","","","","","","","","","","","","","","","","","","","","","","","","","","","","","","","","","","","","","","","","","","","","","","","","","","","","","","","","","","","","","","","","","","","","","","","","","","",""
"","","","","Level 35 :","Steady Superiority II","","Level 55 :","AP +1","","","","","","","","","","","","","","","","","","","","","","","","","","","","","","","","","","","","","","","","","","","","","","","","","","","","","","","","","","","","","","","","","","","","","","","","","","","","","","","","","","","","","","","","","","","","",""
"","Uralon","","","","","","","","","","Skill Options","","","","","","","","","","","","","","","","","","","","","","","","","","","","","","","","","","","","","","","","","","","","","","","","","","","","","","","","","","","","","","","","","","","","","","","","","","","","","","","","","","","","","","","","","",""
"","Hugely buffed for dlc 3 patch 1.6 with new origin and unique gear. Very good option for heretic players now in act 5","","","","","","","","","","Persuasion / Coercion / Commerce","","","","","","","","","","","","","","","","","","","","","","","","","","","","","","","","","","","","","","","","","","","","","","","","","","","","","","","","","","","","","","","","","","","","","","","","","","","","","","","","","","","","","","","","","",""
"","Officer","","","Master Tactician","","","Exemplar","","","","","","","","","","","","","","","","","","","","","","","","","","","","","","","","","","","","","","","","","","","","","","","","","","","","","","","","","","","","","","","","","","","","","","","","","","","","","","","","","","","","","","","","","","","","","",""
"","Level 1 :","Voice Of Command","","Level 16 :","Tactical Advantage","Press The Advantage","Level 36 :","Firebrand","Decisive Response","","Gear to consider","Act 1","Act 2","Act 3","Act 4","Act 5","","","","","","","","","","","","","","","","","","","","","","","","","","","","","","","","","","","","","","","","","","","","","","","","","","","","","","","","","","","","","","","","","","","","","","","","","","","","","","","","","","","","",""
"","Level 2 :","Coercion","","Level 17 :","Fervour","","Level 37 :","Persuasion","Joint Offensive","","Helm","","","","","","","","","","","","","","","","","","","","","","","","","","","","","","","","","","","","","","","","","","","","","","","","","","","","","","","","","","","","","","","","","","","","","","","","","","","","","","","","","","","","","","","","","",""
"","Level 3 :","Bring it Down !","","Level 18 :","Comfort in conformity","","Level 38 :","Fellowship","Grenadier","","Armour","","","","","","","","","","","","","","","","","","","","","","","","","","","","","","","","","","","","","","","","","","","","","","","","","","","","","","","","","","","","","","","","","","","","","","","","","","","","","","","","","","","","","","","","","",""
"","Level 4 :","Finest Hour","Leader's Assault","Level 19 :","Orchestrated Firestorm","","Level 39 :","Move, Move, Move!","Persuasion","","Cloak","","","","","","","","","","","","","","","","","","","","","","","","","","","","","","","","","","","","","","","","","","","","","","","","","","","","","","","","","","","","","","","","","","","","","","","","","","","","","","","","","","","","","","","","","",""
"","Level 5 :","Fellowship","Bolt Weapon Expert","Level 20 :","Ap +1","Fellowship","Level 40 :","Degraded Defence","Dawn of Victory","","Neck","","","","","","","","","","","","","","","","","","","","","","","","","","","","","","","","","","","","","","","","","","","","","","","","","","","","","","","","","","","","","","","","","","","","","","","","","","","","","","","","","","","","","","","","","",""
"","Level 6 :","Lead by Example","Fellowship","Level 21 :","Fellowship","Personal involvement","Level 41 :","Fellowship","Focus!","","Accessory 1","","","","","","","","","","","","","","","","","","","","","","","","","","","","","","","","","","","","","","","","","","","","","","","","","","","","","","","","","","","","","","","","","","","","","","","","","","","","","","","","","","","","","","","","","",""
"","Level 7 :","Break Their Ranks!","Swift Movements","Level 22 :","Linchpin","","Level 42 :","Finish the Job","Perception","","Accessory 2","","","","","","","","","","","","","","","","","","","","","","","","","","","","","","","","","","","","","","","","","","","","","","","","","","","","","","","","","","","","","","","","","","","","","","","","","","","","","","","","","","","","","","","","","",""
"","Level 8 :","Prepare for an Assault!","Coercion","Level 23 :","Reliance","Persuasion","Level 43 :","Hidden Advantage","Dual-Weapon Combat","","Gloves","","","","","","","","","","","","","","","","","","","","","","","","","","","","","","","","","","","","","","","","","","","","","","","","","","","","","","","","","","","","","","","","","","","","","","","","","","","","","","","","","","","","","","","","","",""
"","Level 9 :","Finest Hour IV","","Level 24 :","Willpower","Power Weapon Expert","Level 44 :","Coercion","Eager Subordinates","","Boots","","","","","","","","","","","","","","","","","","","","","","","","","","","","","","","","","","","","","","","","","","","","","","","","","","","","","","","","","","","","","","","","","","","","","","","","","","","","","","","","","","","","","","","","","",""
"","Level 10 :","Persuasion","Willpower","Level 25 :","Against all odds","","Level 45 :","AP +1","","","Weapon Set 1","","","","","","","","","","","","","","","","","","","","","","","","","","","","","","","","","","","","","","","","","","","","","","","","","","","","","","","","","","","","","","","","","","","","","","","","","","","","","","","","","","","","","","","","","",""
"","Level 11 :","Lasting Impression","Willpower","Level 26 :","Persuasion","Willpower","Level 46 :","Personal Oversight","Coercion","","","","","","","","","","","","","","","","","","","","","","","","","","","","","","","","","","","","","","","","","","","","","","","","","","","","","","","","","","","","","","","","","","","","","","","","","","","","","","","","","","","","","","","","","","","",""
"","Level 12 :","Air of Authority","Combat Master","Level 27 :","Orchestrated Firestorm I","","Level 47 :","Seize the Initiative","Coercion","","Weapon Set 2","","","","","","","","","","","","","","","","","","","","","","","","","","","","","","","","","","","","","","","","","","","","","","","","","","","","","","","","","","","","","","","","","","","","","","","","","","","","","","","","","","","","","","","","","",""
"","Level 13 :","Inspiring Speech","Persuasion","Level 28 :","Brink of death","","Level 48 :","Stacking the Deck","Perception","","","","","","","","","","","","","","","","","","","","","","","","","","","","","","","","","","","","","","","","","","","","","","","","","","","","","","","","","","","","","","","","","","","","","","","","","","","","","","","","","","","","","","","","","","","",""
"","Level 14 :","Weapon Skill","It Will Not Die","Level 29 :","Medicae","Weapon Skill","Level 49 :","Perception","Coercion","","","","","","","","","","","","","","","","","","","","","","","","","","","","","","","","","","","","","","","","","","","","","","","","","","","","","","","","","","","","","","","","","","","","","","","","","","","","","","","","","","","","","","","","","","","",""
"","Level 15 :","Finest Hour I","","Level 30 :","Nimble","Inspire","Level 50 :","Flagbearer","Steel Resolve","","","","","","","","","","","","","","","","","","","","","","","","","","","","","","","","","","","","","","","","","","","","","","","","","","","","","","","","","","","","","","","","","","","","","","","","","","","","","","","","","","","","","","","","","","","",""
"","","","","Level 31 :","Unwavering Motivation","","Level 51 :","In the Hero's Footsteps","Medicae","","","","","","","","","","","","","","","","","","","","","","","","","","","","","","","","","","","","","","","","","","","","","","","","","","","","","","","","","","","","","","","","","","","","","","","","","","","","","","","","","","","","","","","","","","","",""
"","","","","Level 32 :","Weapon Skill","Medicae","Level 52 :","No Respite","Duelling Mastery","","","","","","","","","","","","","","","","","","","","","","","","","","","","","","","","","","","","","","","","","","","","","","","","","","","","","","","","","","","","","","","","","","","","","","","","","","","","","","","","","","","","","","","","","","","",""
"","","","","Level 33 :","Support the advance","","Level 53 :","Assign Objective","Perception","","","","","","","","","","","","","","","","","","","","","","","","","","","","","","","","","","","","","","","","","","","","","","","","","","","","","","","","","","","","","","","","","","","","","","","","","","","","","","","","","","","","","","","","","","","",""
"","","","","Level 34 :","Weapon Skill","Characteristic Training: Fellowship","Level 54 :","Attention!","Primary Objective","","","","","","","","","","","","","","","","","","","","","","","","","","","","","","","","","","","","","","","","","","","","","","","","","","","","","","","","","","","","","","","","","","","","","","","","","","","","","","","","","","","","","","","","","","","",""
"","","","","Level 35 :","Orchestrated Firestorm II","","Level 55 :","AP +1","","","","","","","","","","","","","","","","","","","","","","","","","","","","","","","","","","","","","","","","","","","","","","","","","","","","","","","","","","","","","","","","","","","","","","","","","","","","","","","","","","","","","","","","","","","","",""